Latitude (decimal degrees):	59.171
Longitude (decimal degrees):	5.874
Elevation (m):	16
Radiation database:	PVGIS-SARAH3


Slope: 0 deg. 
Azimuth: 0 deg. 
time,G(i),H_sun,T2m,WS10m,Int
20230101:0011,0.0,0.0,-0.27,2.76,0.0
20230101:0111,0.0,0.0,-0.91,2.97,0.0
20230101:0211,0.0,0.0,-1.1,2.41,0.0
20230101:0311,0.0,0.0,-1.5,2.28,0.0
20230101:0411,0.0,0.0,-1.85,2.34,0.0
20230101:0511,0.0,0.0,-2.13,2.55,0.0
20230101:0611,0.0,0.0,-2.43,2.55,0.0
20230101:0711,0.0,0.0,-2.96,2.9,0.0
20230101:0811,0.0,0.0,-3.24,3.17,0.0
20230101:0911,15.95,2.32,-3.55,3.24,0.0
20230101:1011,50.0,5.81,-2.66,3.31,0.0
20230101:1111,32.0,7.61,-1.45,3.31,0.0
20230101:1211,55.0,7.56,-0.23,3.1,0.0
20230101:1311,28.0,5.68,0.43,2.97,0.0
20230101:1411,1.0,2.11,0.58,2.9,0.0
20230101:1511,0.0,0.0,0.41,2.62,0.0
20230101:1611,0.0,0.0,0.37,2.62,0.0
20230101:1711,0.0,0.0,0.41,2.21,0.0
20230101:1811,0.0,0.0,0.43,2.41,0.0
20230101:1911,0.0,0.0,0.4,2.34,0.0
20230101:2011,0.0,0.0,0.37,2.76,0.0
20230101:2111,0.0,0.0,0.66,2.62,0.0
20230101:2211,0.0,0.0,0.64,1.79,0.0
20230101:2311,0.0,0.0,0.73,2.14,0.0
20230102:0011,0.0,0.0,0.7,2.14,0.0
20230102:0111,0.0,0.0,0.41,2.28,0.0
20230102:0211,0.0,0.0,0.42,2.14,0.0
20230102:0311,0.0,0.0,0.47,2.28,0.0
20230102:0411,0.0,0.0,1.01,2.41,0.0
20230102:0511,0.0,0.0,1.18,2.55,0.0
20230102:0611,0.0,0.0,1.31,2.48,0.0
20230102:0711,0.0,0.0,1.13,2.62,0.0
20230102:0811,0.0,0.0,0.93,2.55,0.0
20230102:0911,2.0,2.37,1.03,2.34,0.0
20230102:1011,6.0,5.88,1.98,1.93,0.0
20230102:1111,9.0,7.69,2.23,2.0,0.0
20230102:1211,18.0,7.66,1.93,2.0,0.0
20230102:1311,6.0,5.79,1.59,2.0,0.0
20230102:1411,1.0,2.22,1.55,2.28,0.0
20230102:1511,0.0,0.0,1.63,2.34,0.0
20230102:1611,0.0,0.0,1.27,2.21,0.0
20230102:1711,0.0,0.0,1.31,2.21,0.0
20230102:1811,0.0,0.0,1.15,2.41,0.0
20230102:1911,0.0,0.0,1.22,2.41,0.0
20230102:2011,0.0,0.0,1.19,2.21,0.0
20230102:2111,0.0,0.0,1.17,2.0,0.0
20230102:2211,0.0,0.0,2.11,1.86,0.0
20230102:2311,0.0,0.0,1.99,1.52,0.0
20230103:0011,0.0,0.0,2.08,1.45,0.0
20230103:0111,0.0,0.0,2.33,1.24,0.0
20230103:0211,0.0,0.0,2.38,1.45,0.0
20230103:0311,0.0,0.0,2.51,1.31,0.0
20230103:0411,0.0,0.0,2.57,1.31,0.0
20230103:0511,0.0,0.0,2.66,1.38,0.0
20230103:0611,0.0,0.0,2.7,1.66,0.0
20230103:0711,0.0,0.0,2.91,1.66,0.0
20230103:0811,0.0,0.0,2.77,1.79,0.0
20230103:0911,2.0,2.42,2.95,2.28,0.0
20230103:1011,51.0,5.95,3.41,3.31,0.0
20230103:1111,58.0,7.77,3.76,3.52,0.0
20230103:1211,53.0,7.76,3.89,3.79,0.0
20230103:1311,10.0,5.9,3.84,3.72,0.0
20230103:1411,9.0,2.34,3.56,3.93,0.0
20230103:1511,0.0,0.0,3.3,4.14,0.0
20230103:1611,0.0,0.0,3.7,4.55,0.0
20230103:1711,0.0,0.0,3.95,5.17,0.0
20230103:1811,0.0,0.0,3.97,5.79,0.0
20230103:1911,0.0,0.0,4.04,6.34,0.0
20230103:2011,0.0,0.0,4.25,6.76,0.0
20230103:2111,0.0,0.0,4.62,6.83,0.0
20230103:2211,0.0,0.0,4.81,7.45,0.0
20230103:2311,0.0,0.0,4.84,7.38,0.0
20230104:0011,0.0,0.0,5.32,7.72,0.0
20230104:0111,0.0,0.0,5.5,7.86,0.0
20230104:0211,0.0,0.0,5.84,8.07,0.0
20230104:0311,0.0,0.0,5.7,8.41,0.0
20230104:0411,0.0,0.0,5.39,8.48,0.0
20230104:0511,0.0,0.0,5.19,8.34,0.0
20230104:0611,0.0,0.0,4.95,8.21,0.0
20230104:0711,0.0,0.0,4.53,8.83,0.0
20230104:0811,0.0,0.0,4.37,9.38,0.0
20230104:0911,2.0,2.49,4.19,9.86,0.0
20230104:1011,6.0,6.03,3.68,9.79,0.0
20230104:1111,10.0,7.87,3.77,10.0,0.0
20230104:1211,9.0,7.86,4.14,9.72,0.0
20230104:1311,6.0,6.02,4.3,9.24,0.0
20230104:1411,2.0,2.47,4.21,8.9,0.0
20230104:1511,0.0,0.0,3.99,8.69,0.0
20230104:1611,0.0,0.0,3.69,8.14,0.0
20230104:1711,0.0,0.0,3.24,7.72,0.0
20230104:1811,0.0,0.0,2.82,7.31,0.0
20230104:1911,0.0,0.0,2.46,6.62,0.0
20230104:2011,0.0,0.0,2.28,5.79,0.0
20230104:2111,0.0,0.0,2.24,4.97,0.0
20230104:2211,0.0,0.0,2.14,3.52,0.0
20230104:2311,0.0,0.0,2.05,2.76,0.0
20230105:0011,0.0,0.0,1.93,2.28,0.0
20230105:0111,0.0,0.0,1.78,1.59,0.0
20230105:0211,0.0,0.0,1.66,1.24,0.0
20230105:0311,0.0,0.0,1.55,1.45,0.0
20230105:0411,0.0,0.0,1.52,1.52,0.0
20230105:0511,0.0,0.0,1.53,1.72,0.0
20230105:0611,0.0,0.0,1.6,2.14,0.0
20230105:0711,0.0,0.0,1.7,2.76,0.0
20230105:0811,0.0,0.0,1.78,3.31,0.0
20230105:0911,2.0,2.56,2.01,3.86,0.0
20230105:1011,18.0,6.12,2.07,4.28,0.0
20230105:1111,36.0,7.97,2.12,4.62,0.0
20230105:1211,25.0,7.98,2.06,4.62,0.0
20230105:1311,37.0,6.14,2.04,5.03,0.0
20230105:1411,11.0,2.6,1.85,5.31,0.0
20230105:1511,0.0,0.0,1.61,5.79,0.0
20230105:1611,0.0,0.0,1.51,6.0,0.0
20230105:1711,0.0,0.0,1.57,6.34,0.0
20230105:1811,0.0,0.0,1.68,6.62,0.0
20230105:1911,0.0,0.0,1.82,7.24,0.0
20230105:2011,0.0,0.0,1.96,7.59,0.0
20230105:2111,0.0,0.0,2.19,7.86,0.0
20230105:2211,0.0,0.0,2.47,8.07,0.0
20230105:2311,0.0,0.0,2.67,8.55,0.0
20230106:0011,0.0,0.0,2.88,9.24,0.0
20230106:0111,0.0,0.0,3.05,9.86,0.0
20230106:0211,0.0,0.0,2.98,9.93,0.0
20230106:0311,0.0,0.0,3.6,10.34,0.0
20230106:0411,0.0,0.0,3.89,10.48,0.0
20230106:0511,0.0,0.0,4.04,10.41,0.0
20230106:0611,0.0,0.0,3.87,9.79,0.0
20230106:0711,0.0,0.0,3.59,8.83,0.0
20230106:0811,0.0,0.0,3.76,8.97,0.0
20230106:0911,2.0,2.64,4.16,8.41,0.0
20230106:1011,10.0,6.21,4.29,7.86,0.0
20230106:1111,9.0,8.08,4.59,7.72,0.0
20230106:1211,56.0,8.1,4.58,7.79,0.0
20230106:1311,8.0,6.28,4.11,7.66,0.0
20230106:1411,2.0,2.74,3.87,7.52,0.0
20230106:1511,0.0,0.0,4.04,7.24,0.0
20230106:1611,0.0,0.0,4.19,6.28,0.0
20230106:1711,0.0,0.0,4.58,4.9,0.0
20230106:1811,0.0,0.0,4.94,4.34,0.0
20230106:1911,0.0,0.0,5.16,4.62,0.0
20230106:2011,0.0,0.0,5.51,4.69,0.0
20230106:2111,0.0,0.0,5.93,4.9,0.0
20230106:2211,0.0,0.0,6.22,4.55,0.0
20230106:2311,0.0,0.0,6.27,4.48,0.0
20230107:0011,0.0,0.0,6.21,4.0,0.0
20230107:0111,0.0,0.0,5.91,3.86,0.0
20230107:0211,0.0,0.0,5.4,3.93,0.0
20230107:0311,0.0,0.0,5.07,4.0,0.0
20230107:0411,0.0,0.0,4.76,4.21,0.0
20230107:0511,0.0,0.0,4.31,4.55,0.0
20230107:0611,0.0,0.0,4.31,5.03,0.0
20230107:0711,0.0,0.0,4.5,5.31,0.0
20230107:0811,0.0,0.0,5.1,5.59,0.0
20230107:0911,2.0,2.72,5.68,6.28,0.0
20230107:1011,6.0,6.31,6.07,7.17,0.0
20230107:1111,11.0,8.2,6.58,7.66,0.0
20230107:1211,13.0,8.23,6.97,7.59,0.0
20230107:1311,9.0,6.42,7.0,7.59,0.0
20230107:1411,2.0,2.89,7.17,7.79,0.0
20230107:1511,0.0,0.0,7.52,8.07,0.0
20230107:1611,0.0,0.0,7.82,8.34,0.0
20230107:1711,0.0,0.0,8.0,8.55,0.0
20230107:1811,0.0,0.0,8.18,8.69,0.0
20230107:1911,0.0,0.0,8.15,8.76,0.0
20230107:2011,0.0,0.0,8.12,8.83,0.0
20230107:2111,0.0,0.0,8.02,8.62,0.0
20230107:2211,0.0,0.0,7.87,8.55,0.0
20230107:2311,0.0,0.0,7.69,7.93,0.0
20230108:0011,0.0,0.0,7.52,7.66,0.0
20230108:0111,0.0,0.0,7.37,7.31,0.0
20230108:0211,0.0,0.0,7.26,7.24,0.0
20230108:0311,0.0,0.0,7.34,7.52,0.0
20230108:0411,0.0,0.0,7.22,7.38,0.0
20230108:0511,0.0,0.0,7.35,7.45,0.0
20230108:0611,0.0,0.0,7.26,7.79,0.0
20230108:0711,0.0,0.0,7.3,7.86,0.0
20230108:0811,0.0,0.0,7.12,6.9,0.0
20230108:0911,2.0,2.82,7.29,6.69,0.0
20230108:1011,11.0,6.42,6.68,6.83,0.0
20230108:1111,15.0,8.32,6.91,6.41,0.0
20230108:1211,60.0,8.37,6.81,6.48,0.0
20230108:1311,27.0,6.56,6.74,6.21,0.0
20230108:1411,7.0,3.04,6.54,5.72,0.0
20230108:1511,0.0,0.0,6.28,5.38,0.0
20230108:1611,0.0,0.0,6.15,5.52,0.0
20230108:1711,0.0,0.0,6.1,5.66,0.0
20230108:1811,0.0,0.0,6.16,5.52,0.0
20230108:1911,0.0,0.0,6.22,5.52,0.0
20230108:2011,0.0,0.0,6.11,5.38,0.0
20230108:2111,0.0,0.0,5.94,5.1,0.0
20230108:2211,0.0,0.0,6.06,5.45,0.0
20230108:2311,0.0,0.0,6.24,5.79,0.0
20230109:0011,0.0,0.0,6.12,5.93,0.0
20230109:0111,0.0,0.0,6.2,5.86,0.0
20230109:0211,0.0,0.0,6.35,6.07,0.0
20230109:0311,0.0,0.0,6.7,5.93,0.0
20230109:0411,0.0,0.0,6.92,5.66,0.0
20230109:0511,0.0,0.0,6.98,5.86,0.0
20230109:0611,0.0,0.0,6.75,5.79,0.0
20230109:0711,0.0,0.0,6.08,6.0,0.0
20230109:0811,0.0,0.0,5.64,5.79,0.0
20230109:0911,3.0,2.92,5.36,5.38,0.0
20230109:1011,22.0,6.54,4.78,5.31,0.0
20230109:1111,106.01,8.45,5.25,4.48,0.0
20230109:1211,108.01,8.51,5.62,3.93,0.0
20230109:1311,45.0,6.72,5.7,3.66,0.0
20230109:1411,17.0,3.2,5.49,3.45,0.0
20230109:1511,0.0,0.0,4.54,3.03,0.0
20230109:1611,0.0,0.0,3.94,2.97,0.0
20230109:1711,0.0,0.0,3.82,3.1,0.0
20230109:1811,0.0,0.0,3.76,3.24,0.0
20230109:1911,0.0,0.0,3.58,3.03,0.0
20230109:2011,0.0,0.0,4.06,3.03,0.0
20230109:2111,0.0,0.0,4.04,3.03,0.0
20230109:2211,0.0,0.0,4.28,2.9,0.0
20230109:2311,0.0,0.0,4.26,2.76,0.0
20230110:0011,0.0,0.0,4.11,2.55,0.0
20230110:0111,0.0,0.0,4.28,2.55,0.0
20230110:0211,0.0,0.0,4.03,2.69,0.0
20230110:0311,0.0,0.0,4.17,2.9,0.0
20230110:0411,0.0,0.0,4.15,3.17,0.0
20230110:0511,0.0,0.0,4.27,3.45,0.0
20230110:0611,0.0,0.0,4.63,3.31,0.0
20230110:0711,0.0,0.0,4.48,3.38,0.0
20230110:0811,0.0,0.0,4.36,3.59,0.0
20230110:0911,19.14,3.03,4.47,3.31,0.0
20230110:1011,76.01,6.66,4.85,3.66,0.0
20230110:1111,69.0,8.59,5.27,4.41,0.0
20230110:1211,72.0,8.66,5.65,4.62,0.0
20230110:1311,40.0,6.88,5.86,5.1,0.0
20230110:1411,18.0,3.37,5.75,4.76,0.0
20230110:1511,0.0,0.0,5.64,5.1,0.0
20230110:1611,0.0,0.0,5.46,5.86,0.0
20230110:1711,0.0,0.0,5.57,5.79,0.0
20230110:1811,0.0,0.0,5.42,6.34,0.0
20230110:1911,0.0,0.0,5.57,6.55,0.0
20230110:2011,0.0,0.0,5.86,6.97,0.0
20230110:2111,0.0,0.0,6.19,7.72,0.0
20230110:2211,0.0,0.0,6.44,9.31,0.0
20230110:2311,0.0,0.0,6.17,9.79,0.0
20230111:0011,0.0,0.0,5.82,10.14,0.0
20230111:0111,0.0,0.0,5.83,10.34,0.0
20230111:0211,0.0,0.0,5.88,9.72,0.0
20230111:0311,0.0,0.0,6.37,8.48,0.0
20230111:0411,0.0,0.0,7.32,6.62,0.0
20230111:0511,0.0,0.0,7.64,7.1,0.0
20230111:0611,0.0,0.0,7.52,7.38,0.0
20230111:0711,0.0,0.0,7.17,7.31,0.0
20230111:0811,0.0,0.0,6.82,7.17,0.0
20230111:0911,24.73,3.15,6.68,6.9,0.0
20230111:1011,73.01,6.79,6.68,7.1,0.0
20230111:1111,10.0,8.73,6.75,8.14,0.0
20230111:1211,15.0,8.82,6.73,8.69,0.0
20230111:1311,47.0,7.04,6.38,8.41,0.0
20230111:1411,3.0,3.54,6.37,8.14,0.0
20230111:1511,0.0,0.0,6.31,7.93,0.0
20230111:1611,0.0,0.0,6.39,7.52,0.0
20230111:1711,0.0,0.0,6.33,7.1,0.0
20230111:1811,0.0,0.0,6.21,6.55,0.0
20230111:1911,0.0,0.0,6.02,5.93,0.0
20230111:2011,0.0,0.0,5.77,5.66,0.0
20230111:2111,0.0,0.0,5.81,5.59,0.0
20230111:2211,0.0,0.0,5.81,6.0,0.0
20230111:2311,0.0,0.0,5.77,5.66,0.0
20230112:0011,0.0,0.0,5.81,5.31,0.0
20230112:0111,0.0,0.0,5.68,4.55,0.0
20230112:0211,0.0,0.0,5.59,4.07,0.0
20230112:0311,0.0,0.0,5.55,4.0,0.0
20230112:0411,0.0,0.0,5.19,3.79,0.0
20230112:0511,0.0,0.0,4.99,3.66,0.0
20230112:0611,0.0,0.0,4.8,3.38,0.0
20230112:0711,0.0,0.0,4.53,3.31,0.0
20230112:0811,0.0,0.0,4.67,3.17,0.0
20230112:0911,18.58,3.27,4.32,2.83,0.0
20230112:1011,24.0,6.93,4.28,3.52,0.0
20230112:1111,49.0,8.89,4.75,3.38,0.0
20230112:1211,13.0,8.98,5.09,3.03,0.0
20230112:1311,12.0,7.22,5.24,2.07,0.0
20230112:1411,3.0,3.72,5.12,1.93,0.0
20230112:1511,0.0,0.0,4.98,2.34,0.0
20230112:1611,0.0,0.0,4.86,2.28,0.0
20230112:1711,0.0,0.0,4.71,2.62,0.0
20230112:1811,0.0,0.0,4.89,3.1,0.0
20230112:1911,0.0,0.0,4.92,3.52,0.0
20230112:2011,0.0,0.0,4.73,4.07,0.0
20230112:2111,0.0,0.0,4.84,4.48,0.0
20230112:2211,0.0,0.0,4.63,4.9,0.0
20230112:2311,0.0,0.0,4.63,4.48,0.0
20230113:0011,0.0,0.0,4.52,4.97,0.0
20230113:0111,0.0,0.0,4.44,4.76,0.0
20230113:0211,0.0,0.0,4.65,4.21,0.0
20230113:0311,0.0,0.0,4.74,3.52,0.0
20230113:0411,0.0,0.0,4.67,3.52,0.0
20230113:0511,0.0,0.0,4.5,3.66,0.0
20230113:0611,0.0,0.0,4.28,3.59,0.0
20230113:0711,0.0,0.0,4.16,3.24,0.0
20230113:0811,0.0,0.0,3.89,2.9,0.0
20230113:0911,3.0,3.4,3.57,2.48,0.0
20230113:1011,65.0,7.07,3.57,2.41,0.0
20230113:1111,124.01,9.05,3.7,2.0,0.0
20230113:1211,122.01,9.16,3.9,2.07,0.0
20230113:1311,33.0,7.4,3.87,2.14,0.0
20230113:1411,19.0,3.91,3.95,2.28,0.0
20230113:1511,0.0,0.0,3.38,2.48,0.0
20230113:1611,0.0,0.0,3.11,2.48,0.0
20230113:1711,0.0,0.0,3.03,2.69,0.0
20230113:1811,0.0,0.0,2.61,2.83,0.0
20230113:1911,0.0,0.0,2.52,2.21,0.0
20230113:2011,0.0,0.0,2.3,1.45,0.0
20230113:2111,0.0,0.0,2.1,1.17,0.0
20230113:2211,0.0,0.0,2.0,0.83,0.0
20230113:2311,0.0,0.0,2.09,1.17,0.0
20230114:0011,0.0,0.0,2.07,1.1,0.0
20230114:0111,0.0,0.0,2.22,1.1,0.0
20230114:0211,0.0,0.0,2.19,0.83,0.0
20230114:0311,0.0,0.0,2.09,0.55,0.0
20230114:0411,0.0,0.0,2.45,0.28,0.0
20230114:0511,0.0,0.0,2.48,1.24,0.0
20230114:0611,0.0,0.0,2.12,1.79,0.0
20230114:0711,0.0,0.0,2.4,2.28,0.0
20230114:0811,0.0,0.0,2.35,2.97,0.0
20230114:0911,12.0,3.54,2.22,3.52,0.0
20230114:1011,54.0,7.23,2.54,3.72,0.0
20230114:1111,73.0,9.21,2.76,4.0,0.0
20230114:1211,48.0,9.33,2.87,4.34,0.0
20230114:1311,21.0,7.58,3.01,4.48,0.0
20230114:1411,22.0,4.1,3.23,4.83,0.0
20230114:1511,0.0,0.0,3.3,5.38,0.0
20230114:1611,0.0,0.0,3.4,5.59,0.0
20230114:1711,0.0,0.0,3.83,5.86,0.0
20230114:1811,0.0,0.0,4.17,6.34,0.0
20230114:1911,0.0,0.0,4.4,6.62,0.0
20230114:2011,0.0,0.0,4.28,6.69,0.0
20230114:2111,0.0,0.0,4.4,6.07,0.0
20230114:2211,0.0,0.0,4.11,6.55,0.0
20230114:2311,0.0,0.0,3.95,6.14,0.0
20230115:0011,0.0,0.0,3.98,4.9,0.0
20230115:0111,0.0,0.0,3.7,4.48,0.0
20230115:0211,0.0,0.0,3.51,3.93,0.0
20230115:0311,0.0,0.0,3.1,3.59,0.0
20230115:0411,0.0,0.0,3.11,3.79,0.0
20230115:0511,0.0,0.0,2.95,3.72,0.0
20230115:0611,0.0,0.0,2.8,3.45,0.0
20230115:0711,0.0,0.0,2.67,2.83,0.0
20230115:0811,0.0,0.0,2.39,2.76,0.0
20230115:0911,32.44,3.68,2.14,2.62,0.0
20230115:1011,90.01,7.39,2.01,2.48,0.0
20230115:1111,87.0,9.39,2.61,2.21,0.0
20230115:1211,57.0,9.52,3.1,2.62,0.0
20230115:1311,30.0,7.78,3.43,3.59,0.0
20230115:1411,4.0,4.3,3.22,3.72,0.0
20230115:1511,0.0,0.0,2.72,3.86,0.0
20230115:1611,0.0,0.0,2.45,4.0,0.0
20230115:1711,0.0,0.0,2.75,3.79,0.0
20230115:1811,0.0,0.0,3.21,4.07,0.0
20230115:1911,0.0,0.0,3.37,4.62,0.0
20230115:2011,0.0,0.0,3.33,4.48,0.0
20230115:2111,0.0,0.0,3.33,4.21,0.0
20230115:2211,0.0,0.0,3.31,3.17,0.0
20230115:2311,0.0,0.0,2.79,2.97,0.0
20230116:0011,0.0,0.0,3.04,2.97,0.0
20230116:0111,0.0,0.0,2.41,2.28,0.0
20230116:0211,0.0,0.0,2.4,0.41,0.0
20230116:0311,0.0,0.0,1.04,0.41,0.0
20230116:0411,0.0,0.0,0.8,0.83,0.0
20230116:0511,0.0,0.0,0.49,0.76,0.0
20230116:0611,0.0,0.0,0.05,0.41,0.0
20230116:0711,0.0,0.0,0.15,1.45,0.0
20230116:0811,0.0,0.0,0.08,1.86,0.0
20230116:0911,33.38,3.83,-0.42,2.07,0.0
20230116:1011,51.0,7.55,0.0,1.24,0.0
20230116:1111,14.0,9.57,0.52,1.24,0.0
20230116:1211,112.01,9.71,0.78,1.59,0.0
20230116:1311,58.0,7.98,1.08,1.79,0.0
20230116:1411,21.0,4.5,1.2,1.45,0.0
20230116:1511,0.0,0.0,0.73,0.9,0.0
20230116:1611,0.0,0.0,0.8,1.24,0.0
20230116:1711,0.0,0.0,0.94,1.79,0.0
20230116:1811,0.0,0.0,0.81,1.93,0.0
20230116:1911,0.0,0.0,0.82,1.86,0.0
20230116:2011,0.0,0.0,0.73,1.86,0.0
20230116:2111,0.0,0.0,0.71,1.86,0.0
20230116:2211,0.0,0.0,0.73,1.66,0.0
20230116:2311,0.0,0.0,0.93,1.86,0.0
20230117:0011,0.0,0.0,0.86,1.79,0.0
20230117:0111,0.0,0.0,0.77,1.86,0.0
20230117:0211,0.0,0.0,0.81,1.93,0.0
20230117:0311,0.0,0.0,0.6,2.07,0.0
20230117:0411,0.0,0.0,0.69,2.07,0.0
20230117:0511,0.0,0.0,0.17,2.0,0.0
20230117:0611,0.0,0.0,0.21,1.72,0.0
20230117:0711,0.0,0.0,0.38,1.59,0.0
20230117:0811,0.0,0.0,0.22,1.72,0.0
20230117:0911,3.0,3.99,0.04,1.93,0.0
20230117:1011,68.0,7.73,0.69,1.93,0.0
20230117:1111,70.0,9.75,1.11,2.07,0.0
20230117:1211,48.0,9.91,1.42,1.79,0.0
20230117:1311,29.0,8.18,1.48,2.21,0.0
20230117:1411,22.0,4.71,1.4,2.34,0.0
20230117:1511,0.0,0.0,1.18,2.34,0.0
20230117:1611,0.0,0.0,0.98,2.55,0.0
20230117:1711,0.0,0.0,0.9,2.62,0.0
20230117:1811,0.0,0.0,1.13,2.62,0.0
20230117:1911,0.0,0.0,1.27,2.48,0.0
20230117:2011,0.0,0.0,1.33,2.34,0.0
20230117:2111,0.0,0.0,1.16,2.14,0.0
20230117:2211,0.0,0.0,1.28,2.0,0.0
20230117:2311,0.0,0.0,1.17,2.07,0.0
20230118:0011,0.0,0.0,1.02,2.28,0.0
20230118:0111,0.0,0.0,1.2,1.79,0.0
20230118:0211,0.0,0.0,1.15,1.45,0.0
20230118:0311,0.0,0.0,1.22,1.17,0.0
20230118:0411,0.0,0.0,1.06,1.17,0.0
20230118:0511,0.0,0.0,1.14,1.59,0.0
20230118:0611,0.0,0.0,1.1,1.79,0.0
20230118:0711,0.0,0.0,0.85,1.52,0.0
20230118:0811,0.0,0.0,0.85,1.59,0.0
20230118:0911,6.0,4.15,1.07,1.59,0.0
20230118:1011,28.0,7.91,1.4,1.52,0.0
20230118:1111,57.0,9.95,1.85,1.66,0.0
20230118:1211,47.0,10.11,2.02,1.72,0.0
20230118:1311,28.0,8.39,2.24,1.59,0.0
20230118:1411,29.0,4.92,1.82,1.38,0.0
20230118:1511,0.0,0.0,1.31,1.72,0.0
20230118:1611,0.0,0.0,0.53,1.93,0.0
20230118:1711,0.0,0.0,0.3,1.86,0.0
20230118:1811,0.0,0.0,0.18,1.59,0.0
20230118:1911,0.0,0.0,-0.64,1.52,0.0
20230118:2011,0.0,0.0,-0.7,1.31,0.0
20230118:2111,0.0,0.0,-0.76,1.38,0.0
20230118:2211,0.0,0.0,-0.58,1.66,0.0
20230118:2311,0.0,0.0,-0.64,1.17,0.0
20230119:0011,0.0,0.0,-0.71,1.1,0.0
20230119:0111,0.0,0.0,-0.75,1.17,0.0
20230119:0211,0.0,0.0,-0.88,1.31,0.0
20230119:0311,0.0,0.0,-0.77,1.17,0.0
20230119:0411,0.0,0.0,-0.73,0.83,0.0
20230119:0511,0.0,0.0,-0.73,1.17,0.0
20230119:0611,0.0,0.0,-0.67,1.59,0.0
20230119:0711,0.0,0.0,-0.7,1.86,0.0
20230119:0811,0.0,0.0,-0.82,1.86,0.0
20230119:0911,39.47,4.33,-0.83,1.59,0.0
20230119:1011,108.01,8.09,-0.18,1.72,0.0
20230119:1111,73.0,10.15,0.42,1.38,0.0
20230119:1211,85.0,10.32,0.75,1.24,0.0
20230119:1311,79.0,8.61,1.13,1.31,0.0
20230119:1411,26.0,5.14,0.83,1.38,0.0
20230119:1511,0.0,0.0,-0.53,1.66,0.0
20230119:1611,0.0,0.0,-0.63,1.93,0.0
20230119:1711,0.0,0.0,-0.36,2.21,0.0
20230119:1811,0.0,0.0,-0.87,2.0,0.0
20230119:1911,0.0,0.0,-1.35,2.07,0.0
20230119:2011,0.0,0.0,-1.57,2.07,0.0
20230119:2111,0.0,0.0,-1.82,1.86,0.0
20230119:2211,0.0,0.0,-1.54,2.14,0.0
20230119:2311,0.0,0.0,-1.69,2.07,0.0
20230120:0011,0.0,0.0,-1.77,2.34,0.0
20230120:0111,0.0,0.0,-1.88,2.14,0.0
20230120:0211,0.0,0.0,-1.87,2.0,0.0
20230120:0311,0.0,0.0,-2.24,1.59,0.0
20230120:0411,0.0,0.0,-2.55,1.52,0.0
20230120:0511,0.0,0.0,-2.83,1.45,0.0
20230120:0611,0.0,0.0,-2.7,1.38,0.0
20230120:0711,0.0,0.0,-2.71,1.24,0.0
20230120:0811,0.0,0.0,-2.78,1.24,0.0
20230120:0911,43.65,4.51,-2.5,1.17,0.0
20230120:1011,115.01,8.29,-1.26,1.72,0.0
20230120:1111,148.01,10.35,-0.13,1.31,0.0
20230120:1211,153.01,10.54,0.68,1.17,0.0
20230120:1311,113.01,8.83,0.92,1.45,0.0
20230120:1411,26.0,5.37,0.68,1.31,0.0
20230120:1511,0.0,0.0,-0.25,1.45,0.0
20230120:1611,0.0,0.0,-1.83,1.72,0.0
20230120:1711,0.0,0.0,-2.41,1.59,0.0
20230120:1811,0.0,0.0,-2.55,1.38,0.0
20230120:1911,0.0,0.0,-2.91,1.38,0.0
20230120:2011,0.0,0.0,-3.25,1.66,0.0
20230120:2111,0.0,0.0,-3.57,1.79,0.0
20230120:2211,0.0,0.0,-2.75,1.93,0.0
20230120:2311,0.0,0.0,-3.15,2.07,0.0
20230121:0011,0.0,0.0,-3.4,2.28,0.0
20230121:0111,0.0,0.0,-3.49,2.07,0.0
20230121:0211,0.0,0.0,-3.7,2.28,0.0
20230121:0311,0.0,0.0,-3.58,2.21,0.0
20230121:0411,0.0,0.0,-3.48,2.48,0.0
20230121:0511,0.0,0.0,-3.25,2.76,0.0
20230121:0611,0.0,0.0,-3.36,2.83,0.0
20230121:0711,0.0,0.0,-3.15,2.55,0.0
20230121:0811,0.0,0.0,-2.95,2.83,0.0
20230121:0911,39.36,4.69,-2.38,2.83,0.0
20230121:1011,118.01,8.49,-1.83,3.38,0.0
20230121:1111,131.01,10.57,-0.72,2.97,0.0
20230121:1211,145.01,10.76,-0.05,2.83,0.0
20230121:1311,97.0,9.06,0.48,2.76,0.0
20230121:1411,34.0,5.6,0.23,2.97,0.0
20230121:1511,0.0,0.0,-0.62,3.1,0.0
20230121:1611,0.0,0.0,-1.09,3.31,0.0
20230121:1711,0.0,0.0,-0.94,3.59,0.0
20230121:1811,0.0,0.0,-0.85,3.93,0.0
20230121:1911,0.0,0.0,-0.86,4.07,0.0
20230121:2011,0.0,0.0,-1.09,3.79,0.0
20230121:2111,0.0,0.0,-1.24,3.86,0.0
20230121:2211,0.0,0.0,-0.72,4.34,0.0
20230121:2311,0.0,0.0,-0.86,4.41,0.0
20230122:0011,0.0,0.0,-0.92,4.55,0.0
20230122:0111,0.0,0.0,-0.89,4.55,0.0
20230122:0211,0.0,0.0,-0.86,4.28,0.0
20230122:0311,0.0,0.0,-0.72,4.14,0.0
20230122:0411,0.0,0.0,-0.84,4.28,0.0
20230122:0511,0.0,0.0,-0.82,4.76,0.0
20230122:0611,0.0,0.0,-0.63,4.62,0.0
20230122:0711,0.0,0.0,-0.54,4.76,0.0
20230122:0811,0.0,0.0,-0.54,4.97,0.0
20230122:0911,8.0,4.88,-0.39,4.83,0.0
20230122:1011,37.0,8.69,0.25,5.31,0.0
20230122:1111,152.01,10.79,0.8,5.1,0.0
20230122:1211,158.01,10.99,0.98,5.03,0.0
20230122:1311,120.01,9.3,1.38,4.76,0.0
20230122:1411,27.0,5.83,0.86,4.9,0.0
20230122:1511,0.0,0.0,0.55,5.03,0.0
20230122:1611,0.0,0.0,0.43,5.17,0.0
20230122:1711,0.0,0.0,0.21,5.24,0.0
20230122:1811,0.0,0.0,0.0,4.9,0.0
20230122:1911,0.0,0.0,0.25,4.83,0.0
20230122:2011,0.0,0.0,0.13,5.17,0.0
20230122:2111,0.0,0.0,0.08,5.24,0.0
20230122:2211,0.0,0.0,0.06,5.17,0.0
20230122:2311,0.0,0.0,0.08,5.17,0.0
20230123:0011,0.0,0.0,0.22,5.1,0.0
20230123:0111,0.0,0.0,0.11,5.1,0.0
20230123:0211,0.0,0.0,0.36,5.31,0.0
20230123:0311,0.0,0.0,0.57,5.1,0.0
20230123:0411,0.0,0.0,0.83,5.17,0.0
20230123:0511,0.0,0.0,1.13,5.79,0.0
20230123:0611,0.0,0.0,1.4,5.79,0.0
20230123:0711,0.0,0.0,1.65,5.86,0.0
20230123:0811,0.0,0.0,1.86,6.14,0.0
20230123:0911,9.0,5.08,2.07,6.14,0.0
20230123:1011,20.0,8.91,2.46,6.41,0.0
20230123:1111,19.0,11.01,2.72,6.28,0.0
20230123:1211,22.0,11.23,3.01,6.41,0.0
20230123:1311,17.0,9.54,3.17,6.41,0.0
20230123:1411,9.0,6.07,3.21,6.28,0.0
20230123:1511,0.0,0.0,3.47,6.41,0.0
20230123:1611,0.0,0.0,3.78,6.14,0.0
20230123:1711,0.0,0.0,4.02,5.93,0.0
20230123:1811,0.0,0.0,4.27,5.79,0.0
20230123:1911,0.0,0.0,4.46,5.79,0.0
20230123:2011,0.0,0.0,4.65,5.86,0.0
20230123:2111,0.0,0.0,4.84,5.66,0.0
20230123:2211,0.0,0.0,5.01,5.59,0.0
20230123:2311,0.0,0.0,5.16,4.97,0.0
20230124:0011,0.0,0.0,5.17,4.28,0.0
20230124:0111,0.0,0.0,5.34,4.21,0.0
20230124:0211,0.0,0.0,5.47,4.34,0.0
20230124:0311,0.0,0.0,5.51,4.41,0.0
20230124:0411,0.0,0.0,5.53,4.14,0.0
20230124:0511,0.0,0.0,5.64,3.93,0.0
20230124:0611,0.0,0.0,5.6,3.86,0.0
20230124:0711,0.0,0.0,5.6,3.72,0.0
20230124:0811,0.0,0.0,5.5,3.45,0.0
20230124:0911,15.0,5.29,5.47,3.31,0.0
20230124:1011,10.0,9.13,5.78,3.38,0.0
20230124:1111,60.0,11.24,5.84,3.52,0.0
20230124:1211,68.0,11.47,5.86,3.59,0.0
20230124:1311,13.0,9.78,5.8,3.86,0.0
20230124:1411,6.0,6.32,5.94,4.0,0.0
20230124:1511,0.0,0.0,5.66,3.93,0.0
20230124:1611,0.0,0.0,5.51,4.07,0.0
20230124:1711,0.0,0.0,5.56,4.21,0.0
20230124:1811,0.0,0.0,5.68,4.14,0.0
20230124:1911,0.0,0.0,5.76,4.0,0.0
20230124:2011,0.0,0.0,5.74,4.07,0.0
20230124:2111,0.0,0.0,5.71,4.14,0.0
20230124:2211,0.0,0.0,6.01,4.62,0.0
20230124:2311,0.0,0.0,6.0,4.76,0.0
20230125:0011,0.0,0.0,6.01,4.69,0.0
20230125:0111,0.0,0.0,6.01,4.48,0.0
20230125:0211,0.0,0.0,6.09,4.14,0.0
20230125:0311,0.0,0.0,6.12,3.66,0.0
20230125:0411,0.0,0.0,6.01,3.31,0.0
20230125:0511,0.0,0.0,6.01,3.17,0.0
20230125:0611,0.0,0.0,5.93,3.31,0.0
20230125:0711,0.0,0.0,6.1,3.66,0.0
20230125:0811,0.0,0.0,6.32,3.79,0.0
20230125:0911,11.0,5.5,6.65,3.66,0.0
20230125:1011,13.0,9.35,6.53,2.97,0.0
20230125:1111,28.0,11.48,6.45,2.41,0.0
20230125:1211,34.0,11.72,6.16,2.48,0.0
20230125:1311,35.0,10.03,5.96,2.9,0.0
20230125:1411,25.0,6.57,5.84,2.69,0.0
20230125:1511,0.0,0.0,5.69,2.69,0.0
20230125:1611,0.0,0.0,5.49,2.76,0.0
20230125:1711,0.0,0.0,5.35,2.69,0.0
20230125:1811,0.0,0.0,5.26,3.1,0.0
20230125:1911,0.0,0.0,4.9,3.03,0.0
20230125:2011,0.0,0.0,4.94,2.69,0.0
20230125:2111,0.0,0.0,4.33,2.55,0.0
20230125:2211,0.0,0.0,4.19,2.97,0.0
20230125:2311,0.0,0.0,3.59,2.62,0.0
20230126:0011,0.0,0.0,3.93,3.03,0.0
20230126:0111,0.0,0.0,4.04,3.45,0.0
20230126:0211,0.0,0.0,4.11,3.79,0.0
20230126:0311,0.0,0.0,4.1,3.72,0.0
20230126:0411,0.0,0.0,3.45,3.59,0.0
20230126:0511,0.0,0.0,2.86,3.52,0.0
20230126:0611,0.0,0.0,2.73,3.17,0.0
20230126:0711,0.0,0.0,2.14,2.76,0.0
20230126:0811,0.0,0.0,1.91,2.83,0.0
20230126:0911,60.83,5.71,1.76,2.76,0.0
20230126:1011,136.01,9.58,2.45,2.0,0.0
20230126:1111,176.01,11.73,2.96,2.41,0.0
20230126:1211,180.01,11.97,3.52,3.24,0.0
20230126:1311,139.01,10.29,3.62,3.38,0.0
20230126:1411,45.0,6.83,3.59,3.24,0.0
20230126:1511,1.0,1.85,2.16,3.31,0.0
20230126:1611,0.0,0.0,1.17,2.76,0.0
20230126:1711,0.0,0.0,1.15,2.48,0.0
20230126:1811,0.0,0.0,0.59,2.69,0.0
20230126:1911,0.0,0.0,-0.26,1.93,0.0
20230126:2011,0.0,0.0,-0.94,1.59,0.0
20230126:2111,0.0,0.0,-1.66,1.45,0.0
20230126:2211,0.0,0.0,-1.98,1.93,0.0
20230126:2311,0.0,0.0,-2.29,1.79,0.0
20230127:0011,0.0,0.0,-2.52,1.52,0.0
20230127:0111,0.0,0.0,-2.59,1.31,0.0
20230127:0211,0.0,0.0,-2.17,1.93,0.0
20230127:0311,0.0,0.0,-1.58,1.66,0.0
20230127:0411,0.0,0.0,-1.47,1.17,0.0
20230127:0511,0.0,0.0,-1.4,1.31,0.0
20230127:0611,0.0,0.0,-1.05,1.31,0.0
20230127:0711,0.0,0.0,-0.49,1.38,0.0
20230127:0811,0.0,0.0,-0.3,1.52,0.0
20230127:0911,13.0,5.94,0.07,1.72,0.0
20230127:1011,81.0,9.82,1.1,1.38,0.0
20230127:1111,103.0,11.98,1.67,1.24,0.0
20230127:1211,103.0,12.23,2.27,1.45,0.0
20230127:1311,62.0,10.55,2.37,1.66,0.0
20230127:1411,20.0,7.08,2.7,1.66,0.0
20230127:1511,1.0,2.1,2.75,1.72,0.0
20230127:1611,0.0,0.0,2.49,1.66,0.0
20230127:1711,0.0,0.0,2.47,1.93,0.0
20230127:1811,0.0,0.0,2.46,2.34,0.0
20230127:1911,0.0,0.0,2.49,2.62,0.0
20230127:2011,0.0,0.0,2.71,2.62,0.0
20230127:2111,0.0,0.0,2.95,2.69,0.0
20230127:2211,0.0,0.0,3.33,2.97,0.0
20230127:2311,0.0,0.0,3.75,3.24,0.0
20230128:0011,0.0,0.0,3.98,3.03,0.0
20230128:0111,0.0,0.0,4.36,3.24,0.0
20230128:0211,0.0,0.0,4.74,3.24,0.0
20230128:0311,0.0,0.0,4.93,2.83,0.0
20230128:0411,0.0,0.0,4.83,2.9,0.0
20230128:0511,0.0,0.0,4.86,4.14,0.0
20230128:0611,0.0,0.0,4.43,4.14,0.0
20230128:0711,0.0,0.0,4.26,3.79,0.0
20230128:0811,0.0,0.0,4.53,3.79,0.0
20230128:0911,51.0,6.17,4.7,3.66,0.0
20230128:1011,79.0,10.06,5.21,4.0,0.0
20230128:1111,110.0,12.23,5.5,3.45,0.0
20230128:1211,124.0,12.49,5.67,3.59,0.0
20230128:1311,31.0,10.81,5.98,3.79,0.0
20230128:1411,44.0,7.35,5.83,4.76,0.0
20230128:1511,5.0,2.36,5.47,3.72,0.0
20230128:1611,0.0,0.0,5.07,3.86,0.0
20230128:1711,0.0,0.0,4.39,3.31,0.0
20230128:1811,0.0,0.0,4.62,2.9,0.0
20230128:1911,0.0,0.0,4.64,2.41,0.0
20230128:2011,0.0,0.0,4.6,2.21,0.0
20230128:2111,0.0,0.0,4.5,2.9,0.0
20230128:2211,0.0,0.0,4.47,3.38,0.0
20230128:2311,0.0,0.0,4.7,3.86,0.0
20230129:0011,0.0,0.0,4.76,3.59,0.0
20230129:0111,0.0,0.0,4.9,4.14,0.0
20230129:0211,0.0,0.0,5.16,4.41,0.0
20230129:0311,0.0,0.0,5.53,4.62,0.0
20230129:0411,0.0,0.0,5.66,4.69,0.0
20230129:0511,0.0,0.0,5.84,4.28,0.0
20230129:0611,0.0,0.0,5.67,4.76,0.0
20230129:0711,0.0,0.0,5.62,5.24,0.0
20230129:0811,0.0,0.0,5.71,5.59,0.0
20230129:0911,10.0,6.4,5.87,5.59,0.0
20230129:1011,18.0,10.31,6.08,5.52,0.0
20230129:1111,23.0,12.49,6.18,5.52,0.0
20230129:1211,31.0,12.76,6.34,6.14,0.0
20230129:1311,16.0,11.08,6.71,6.21,0.0
20230129:1411,24.0,7.62,6.84,6.41,0.0
20230129:1511,2.0,2.63,7.1,7.03,0.0
20230129:1611,0.0,0.0,7.35,7.66,0.0
20230129:1711,0.0,0.0,7.87,8.62,0.0
20230129:1811,0.0,0.0,7.68,9.45,0.0
20230129:1911,0.0,0.0,6.21,8.21,0.0
20230129:2011,0.0,0.0,5.48,7.45,0.0
20230129:2111,0.0,0.0,5.21,8.28,0.0
20230129:2211,0.0,0.0,5.03,7.93,0.0
20230129:2311,0.0,0.0,5.1,7.66,0.0
20230130:0011,0.0,0.0,4.71,7.45,0.0
20230130:0111,0.0,0.0,4.17,7.03,0.0
20230130:0211,0.0,0.0,3.73,6.83,0.0
20230130:0311,0.0,0.0,3.75,6.83,0.0
20230130:0411,0.0,0.0,4.09,6.76,0.0
20230130:0511,0.0,0.0,3.99,6.55,0.0
20230130:0611,0.0,0.0,3.68,5.66,0.0
20230130:0711,0.0,0.0,3.68,4.69,0.0
20230130:0811,0.0,0.0,3.93,5.66,0.0
20230130:0911,71.0,6.65,3.99,8.07,0.0
20230130:1011,146.01,10.57,4.02,6.76,0.0
20230130:1111,169.01,12.76,3.82,8.48,0.0
20230130:1211,17.0,13.03,3.48,8.55,0.0
20230130:1311,157.01,11.36,3.13,8.69,0.0
20230130:1411,39.0,7.89,3.22,9.03,0.0
20230130:1511,2.0,2.89,2.93,8.41,0.0
20230130:1611,0.0,0.0,2.94,7.59,0.0
20230130:1711,0.0,0.0,2.83,7.03,0.0
20230130:1811,0.0,0.0,2.75,6.62,0.0
20230130:1911,0.0,0.0,2.64,6.34,0.0
20230130:2011,0.0,0.0,2.71,5.66,0.0
20230130:2111,0.0,0.0,2.48,4.97,0.0
20230130:2211,0.0,0.0,2.11,4.0,0.0
20230130:2311,0.0,0.0,1.86,3.03,0.0
20230131:0011,0.0,0.0,2.19,2.41,0.0
20230131:0111,0.0,0.0,1.91,1.59,0.0
20230131:0211,0.0,0.0,2.0,1.24,0.0
20230131:0311,0.0,0.0,1.9,1.17,0.0
20230131:0411,0.0,0.0,1.95,1.66,0.0
20230131:0511,0.0,0.0,1.62,2.55,0.0
20230131:0611,0.0,0.0,1.59,3.86,0.0
20230131:0711,0.0,0.0,2.16,4.48,0.0
20230131:0811,0.0,0.0,2.97,5.52,0.0
20230131:0911,47.0,6.89,3.53,4.9,0.0
20230131:1011,94.0,10.83,3.75,3.38,0.0
20230131:1111,19.0,13.03,4.07,4.41,0.0
20230131:1211,38.0,13.31,3.88,5.79,0.0
20230131:1311,29.0,11.64,3.73,6.76,0.0
20230131:1411,25.0,8.17,3.8,6.41,0.0
20230131:1511,5.0,3.16,4.03,6.97,0.0
20230131:1611,0.0,0.0,4.25,6.76,0.0
20230131:1711,0.0,0.0,3.76,6.41,0.0
20230131:1811,0.0,0.0,3.71,5.72,0.0
20230131:1911,0.0,0.0,4.16,5.59,0.0
20230131:2011,0.0,0.0,4.47,5.72,0.0
20230131:2111,0.0,0.0,4.86,6.28,0.0
20230131:2211,0.0,0.0,4.32,4.0,0.0
20230131:2311,0.0,0.0,4.62,5.1,0.0
20230201:0011,0.0,0.0,4.69,6.14,0.0
20230201:0111,0.0,0.0,4.33,6.14,0.0
20230201:0211,0.0,0.0,3.57,5.31,0.0
20230201:0311,0.0,0.0,3.14,4.69,0.0
20230201:0411,0.0,0.0,3.2,4.9,0.0
20230201:0511,0.0,0.0,3.22,4.55,0.0
20230201:0611,0.0,0.0,3.57,3.52,0.0
20230201:0711,0.0,0.0,3.69,2.97,0.0
20230201:0811,1.0,1.76,3.82,2.83,0.0
20230201:0911,12.0,7.15,4.09,2.28,0.0
20230201:1011,73.0,11.1,4.45,3.52,0.0
20230201:1111,65.0,13.31,4.69,3.1,0.0
20230201:1211,186.01,13.59,4.84,3.24,0.0
20230201:1311,47.0,11.92,4.72,4.48,0.0
20230201:1411,40.0,8.45,4.76,4.9,0.0
20230201:1511,3.0,3.44,4.52,5.24,0.0
20230201:1611,0.0,0.0,4.09,5.66,0.0
20230201:1711,0.0,0.0,3.61,5.45,0.0
20230201:1811,0.0,0.0,3.43,4.62,0.0
20230201:1911,0.0,0.0,3.84,4.62,0.0
20230201:2011,0.0,0.0,4.09,4.62,0.0
20230201:2111,0.0,0.0,3.61,4.48,0.0
20230201:2211,0.0,0.0,3.59,3.24,0.0
20230201:2311,0.0,0.0,3.07,3.31,0.0
20230202:0011,0.0,0.0,2.6,2.97,0.0
20230202:0111,0.0,0.0,2.42,2.9,0.0
20230202:0211,0.0,0.0,1.81,2.41,0.0
20230202:0311,0.0,0.0,1.43,1.79,0.0
20230202:0411,0.0,0.0,0.86,1.52,0.0
20230202:0511,0.0,0.0,0.13,1.17,0.0
20230202:0611,0.0,0.0,0.09,0.76,0.0
20230202:0711,0.0,0.0,-0.09,0.97,0.0
20230202:0811,1.0,2.0,-0.38,1.1,0.0
20230202:0911,80.0,7.41,0.24,1.79,0.0
20230202:1011,142.01,11.37,1.58,2.34,0.0
20230202:1111,128.0,13.59,2.13,2.34,0.0
20230202:1211,129.0,13.88,2.57,2.55,0.0
20230202:1311,98.0,12.21,2.85,2.41,0.0
20230202:1411,43.0,8.73,2.91,3.03,0.0
20230202:1511,6.0,3.72,2.72,3.38,0.0
20230202:1611,0.0,0.0,2.36,4.0,0.0
20230202:1711,0.0,0.0,2.13,4.69,0.0
20230202:1811,0.0,0.0,2.15,5.24,0.0
20230202:1911,0.0,0.0,2.02,6.34,0.0
20230202:2011,0.0,0.0,1.79,6.62,0.0
20230202:2111,0.0,0.0,1.65,6.62,0.0
20230202:2211,0.0,0.0,2.21,7.38,0.0
20230202:2311,0.0,0.0,2.58,8.07,0.0
20230203:0011,0.0,0.0,3.07,7.52,0.0
20230203:0111,0.0,0.0,3.3,5.72,0.0
20230203:0211,0.0,0.0,3.79,3.93,0.0
20230203:0311,0.0,0.0,4.41,1.59,0.0
20230203:0411,0.0,0.0,4.46,3.66,0.0
20230203:0511,0.0,0.0,4.87,4.41,0.0
20230203:0611,0.0,0.0,5.23,4.34,0.0
20230203:0711,0.0,0.0,5.43,3.93,0.0
20230203:0811,2.0,2.25,5.48,4.07,0.0
20230203:0911,57.0,7.67,5.09,4.14,0.0
20230203:1011,33.0,11.65,4.37,4.28,0.0
20230203:1111,83.0,13.88,4.01,4.97,0.0
20230203:1211,57.0,14.18,3.8,4.55,0.0
20230203:1311,146.01,12.51,3.69,3.79,0.0
20230203:1411,39.0,9.02,3.63,3.66,0.0
20230203:1511,16.0,4.0,3.17,3.66,0.0
20230203:1611,0.0,0.0,3.39,2.69,0.0
20230203:1711,0.0,0.0,2.98,1.72,0.0
20230203:1811,0.0,0.0,0.43,1.52,0.0
20230203:1911,0.0,0.0,-1.11,1.79,0.0
20230203:2011,0.0,0.0,-1.94,2.34,0.0
20230203:2111,0.0,0.0,-2.54,2.76,0.0
20230203:2211,0.0,0.0,-1.53,3.17,0.0
20230203:2311,0.0,0.0,-1.76,3.1,0.0
20230204:0011,0.0,0.0,-1.51,3.38,0.0
20230204:0111,0.0,0.0,-1.33,3.45,0.0
20230204:0211,0.0,0.0,-0.82,3.86,0.0
20230204:0311,0.0,0.0,-0.4,4.14,0.0
20230204:0411,0.0,0.0,0.21,4.28,0.0
20230204:0511,0.0,0.0,0.07,4.07,0.0
20230204:0611,0.0,0.0,0.1,4.34,0.0
20230204:0711,0.0,0.0,-0.02,4.69,0.0
20230204:0811,2.0,2.51,0.03,4.83,0.0
20230204:0911,38.0,7.94,0.46,4.83,0.0
20230204:1011,95.0,11.93,1.51,5.45,0.0
20230204:1111,61.0,14.17,1.81,5.66,0.0
20230204:1211,93.0,14.47,2.14,6.07,0.0
20230204:1311,83.0,12.8,2.25,6.41,0.0
20230204:1411,29.0,9.31,2.33,6.76,0.0
20230204:1511,5.0,4.28,2.42,7.17,0.0
20230204:1611,0.0,0.0,2.54,7.38,0.0
20230204:1711,0.0,0.0,2.61,7.66,0.0
20230204:1811,0.0,0.0,2.73,7.79,0.0
20230204:1911,0.0,0.0,2.95,7.79,0.0
20230204:2011,0.0,0.0,3.28,7.79,0.0
20230204:2111,0.0,0.0,3.8,8.14,0.0
20230204:2211,0.0,0.0,4.26,6.97,0.0
20230204:2311,0.0,0.0,4.41,6.07,0.0
20230205:0011,0.0,0.0,4.32,2.28,0.0
20230205:0111,0.0,0.0,3.93,2.97,0.0
20230205:0211,0.0,0.0,3.84,4.21,0.0
20230205:0311,0.0,0.0,3.79,4.97,0.0
20230205:0411,0.0,0.0,3.83,5.31,0.0
20230205:0511,0.0,0.0,4.05,5.17,0.0
20230205:0611,0.0,0.0,3.9,5.03,0.0
20230205:0711,0.0,0.0,3.57,4.41,0.0
20230205:0811,3.0,2.77,3.4,3.24,0.0
20230205:0911,105.01,8.22,3.53,2.41,0.0
20230205:1011,149.01,12.22,4.26,0.76,0.0
20230205:1111,182.01,14.47,4.85,0.76,0.0
20230205:1211,137.0,14.78,5.4,1.45,0.0
20230205:1311,39.0,13.11,5.62,2.0,0.0
20230205:1411,87.0,9.61,5.68,1.72,0.0
20230205:1511,13.0,4.57,4.75,0.76,0.0
20230205:1611,0.0,0.0,4.66,0.69,0.0
20230205:1711,0.0,0.0,3.86,0.83,0.0
20230205:1811,0.0,0.0,3.81,0.97,0.0
20230205:1911,0.0,0.0,3.51,0.34,0.0
20230205:2011,0.0,0.0,3.71,0.28,0.0
20230205:2111,0.0,0.0,3.52,0.41,0.0
20230205:2211,0.0,0.0,3.64,1.03,0.0
20230205:2311,0.0,0.0,3.44,2.0,0.0
20230206:0011,0.0,0.0,3.46,2.28,0.0
20230206:0111,0.0,0.0,3.49,2.34,0.0
20230206:0211,0.0,0.0,3.64,2.48,0.0
20230206:0311,0.0,0.0,3.97,2.28,0.0
20230206:0411,0.0,0.0,4.24,2.34,0.0
20230206:0511,0.0,0.0,4.37,2.41,0.0
20230206:0611,0.0,0.0,4.34,2.48,0.0
20230206:0711,0.0,0.0,4.35,2.62,0.0
20230206:0811,2.0,3.04,4.35,3.03,0.0
20230206:0911,42.0,8.5,4.55,2.97,0.0
20230206:1011,28.0,12.51,5.11,2.69,0.0
20230206:1111,76.0,14.77,5.45,2.55,0.0
20230206:1211,33.0,15.08,5.67,2.07,0.0
20230206:1311,41.0,13.41,5.82,2.0,0.0
20230206:1411,61.0,9.91,5.84,2.21,0.0
20230206:1511,5.0,4.86,5.6,2.41,0.0
20230206:1611,0.0,0.0,5.08,2.55,0.0
20230206:1711,0.0,0.0,4.6,2.62,0.0
20230206:1811,0.0,0.0,4.03,2.83,0.0
20230206:1911,0.0,0.0,3.69,3.1,0.0
20230206:2011,0.0,0.0,3.22,3.31,0.0
20230206:2111,0.0,0.0,3.04,3.52,0.0
20230206:2211,0.0,0.0,4.6,3.66,0.0
20230206:2311,0.0,0.0,5.02,4.0,0.0
20230207:0011,0.0,0.0,5.34,4.07,0.0
20230207:0111,0.0,0.0,5.26,4.14,0.0
20230207:0211,0.0,0.0,5.11,4.34,0.0
20230207:0311,0.0,0.0,5.08,4.21,0.0
20230207:0411,0.0,0.0,5.07,4.41,0.0
20230207:0511,0.0,0.0,5.0,4.07,0.0
20230207:0611,0.0,0.0,4.82,3.24,0.0
20230207:0711,0.0,0.0,4.66,3.1,0.0
20230207:0811,3.0,3.31,4.84,3.17,0.0
20230207:0911,29.0,8.78,4.97,3.31,0.0
20230207:1011,17.0,12.81,5.26,2.97,0.0
20230207:1111,75.0,15.08,5.8,2.9,0.0
20230207:1211,23.0,15.39,6.29,2.41,0.0
20230207:1311,50.0,13.72,6.45,2.14,0.0
20230207:1411,14.0,10.21,6.48,2.0,0.0
20230207:1511,8.0,5.16,6.2,1.86,0.0
20230207:1611,0.0,0.0,6.17,2.21,0.0
20230207:1711,0.0,0.0,6.02,2.55,0.0
20230207:1811,0.0,0.0,6.11,2.69,0.0
20230207:1911,0.0,0.0,6.03,2.83,0.0
20230207:2011,0.0,0.0,6.19,3.1,0.0
20230207:2111,0.0,0.0,5.97,3.1,0.0
20230207:2211,0.0,0.0,5.91,3.72,0.0
20230207:2311,0.0,0.0,5.92,3.52,0.0
20230208:0011,0.0,0.0,5.8,3.1,0.0
20230208:0111,0.0,0.0,5.68,2.97,0.0
20230208:0211,0.0,0.0,5.64,3.38,0.0
20230208:0311,0.0,0.0,5.73,3.72,0.0
20230208:0411,0.0,0.0,5.79,3.86,0.0
20230208:0511,0.0,0.0,5.78,4.21,0.0
20230208:0611,0.0,0.0,5.93,5.03,0.0
20230208:0711,0.0,0.0,5.9,5.59,0.0
20230208:0811,3.0,3.59,6.02,5.66,0.0
20230208:0911,11.0,9.07,6.35,5.72,0.0
20230208:1011,17.0,13.11,6.41,6.41,0.0
20230208:1111,21.0,15.39,6.71,7.03,0.0
20230208:1211,21.0,15.71,6.57,7.1,0.0
20230208:1311,28.0,14.03,6.63,7.24,0.0
20230208:1411,19.0,10.52,6.66,7.66,0.0
20230208:1511,6.0,5.45,6.5,8.21,0.0
20230208:1611,0.0,0.0,6.28,8.55,0.0
20230208:1711,0.0,0.0,6.28,9.17,0.0
20230208:1811,0.0,0.0,6.14,9.59,0.0
20230208:1911,0.0,0.0,6.11,8.97,0.0
20230208:2011,0.0,0.0,6.1,9.17,0.0
20230208:2111,0.0,0.0,6.05,9.1,0.0
20230208:2211,0.0,0.0,6.27,8.76,0.0
20230208:2311,0.0,0.0,6.7,9.59,0.0
20230209:0011,0.0,0.0,7.0,9.31,0.0
20230209:0111,0.0,0.0,6.42,8.48,0.0
20230209:0211,0.0,0.0,4.93,6.69,0.0
20230209:0311,0.0,0.0,4.41,5.59,0.0
20230209:0411,0.0,0.0,4.57,5.17,0.0
20230209:0511,0.0,0.0,5.0,5.24,0.0
20230209:0611,0.0,0.0,4.63,6.48,0.0
20230209:0711,0.0,0.0,4.93,7.31,0.0
20230209:0811,21.58,3.88,4.76,8.41,0.0
20230209:0911,133.01,9.37,4.66,8.55,0.0
20230209:1011,201.01,13.42,5.07,7.79,0.0
20230209:1111,161.0,15.71,4.92,9.1,0.0
20230209:1211,32.0,16.03,4.62,10.34,0.0
20230209:1311,22.0,14.35,4.53,9.59,0.0
20230209:1411,19.0,10.83,4.54,11.52,0.0
20230209:1511,34.0,5.75,4.26,11.1,0.0
20230209:1611,0.0,0.0,3.55,9.66,0.0
20230209:1711,0.0,0.0,3.54,9.66,0.0
20230209:1811,0.0,0.0,3.16,8.48,0.0
20230209:1911,0.0,0.0,2.85,7.17,0.0
20230209:2011,0.0,0.0,2.87,6.76,0.0
20230209:2111,0.0,0.0,2.75,6.76,0.0
20230209:2211,0.0,0.0,2.74,6.14,0.0
20230209:2311,0.0,0.0,2.64,5.79,0.0
20230210:0011,0.0,0.0,2.37,4.55,0.0
20230210:0111,0.0,0.0,2.13,3.66,0.0
20230210:0211,0.0,0.0,1.66,3.31,0.0
20230210:0311,0.0,0.0,1.25,2.14,0.0
20230210:0411,0.0,0.0,1.07,1.24,0.0
20230210:0511,0.0,0.0,0.73,1.1,0.0
20230210:0611,0.0,0.0,0.8,0.76,0.0
20230210:0711,0.0,0.0,0.93,1.24,0.0
20230210:0811,4.0,4.16,1.29,2.28,0.0
20230210:0911,26.0,9.67,2.18,4.21,0.0
20230210:1011,22.0,13.73,2.62,6.55,0.0
20230210:1111,46.0,16.03,3.32,6.21,0.0
20230210:1211,33.0,16.35,4.07,6.28,0.0
20230210:1311,25.0,14.67,4.88,6.41,0.0
20230210:1411,19.0,11.14,5.85,6.55,0.0
20230210:1511,9.0,6.05,6.59,7.31,0.0
20230210:1611,0.0,0.0,7.06,7.93,0.0
20230210:1711,0.0,0.0,7.56,7.86,0.0
20230210:1811,0.0,0.0,7.72,7.17,0.0
20230210:1911,0.0,0.0,7.79,6.76,0.0
20230210:2011,0.0,0.0,8.03,6.41,0.0
20230210:2111,0.0,0.0,7.8,5.86,0.0
20230210:2211,0.0,0.0,7.87,5.59,0.0
20230210:2311,0.0,0.0,7.79,5.72,0.0
20230211:0011,0.0,0.0,7.71,6.21,0.0
20230211:0111,0.0,0.0,7.78,7.03,0.0
20230211:0211,0.0,0.0,7.75,6.83,0.0
20230211:0311,0.0,0.0,7.65,6.83,0.0
20230211:0411,0.0,0.0,7.56,6.48,0.0
20230211:0511,0.0,0.0,7.54,6.14,0.0
20230211:0611,0.0,0.0,7.51,5.86,0.0
20230211:0711,0.0,0.0,7.56,5.66,0.0
20230211:0811,32.71,4.46,7.55,5.93,0.0
20230211:0911,76.0,9.98,7.69,5.72,0.0
20230211:1011,139.0,14.05,7.77,3.86,0.0
20230211:1111,141.0,16.36,8.22,4.9,0.0
20230211:1211,148.0,16.68,8.42,4.14,0.0
20230211:1311,161.0,14.99,8.35,3.52,0.0
20230211:1411,85.0,11.45,8.17,2.55,0.0
20230211:1511,28.0,6.36,7.98,1.86,0.0
20230211:1611,0.0,0.0,7.38,1.45,0.0
20230211:1711,0.0,0.0,7.03,1.72,0.0
20230211:1811,0.0,0.0,6.98,1.52,0.0
20230211:1911,0.0,0.0,6.79,1.72,0.0
20230211:2011,0.0,0.0,6.8,2.21,0.0
20230211:2111,0.0,0.0,6.48,2.9,0.0
20230211:2211,0.0,0.0,6.77,2.62,0.0
20230211:2311,0.0,0.0,6.63,2.21,0.0
20230212:0011,0.0,0.0,6.26,2.41,0.0
20230212:0111,0.0,0.0,6.5,2.55,0.0
20230212:0211,0.0,0.0,6.47,2.34,0.0
20230212:0311,0.0,0.0,6.46,2.21,0.0
20230212:0411,0.0,0.0,6.41,2.14,0.0
20230212:0511,0.0,0.0,6.33,2.07,0.0
20230212:0611,0.0,0.0,6.34,1.93,0.0
20230212:0711,0.0,0.0,6.47,1.52,0.0
20230212:0811,33.32,4.76,6.24,1.24,0.0
20230212:0911,108.0,10.29,6.85,1.31,0.0
20230212:1011,66.0,14.37,7.34,1.59,0.0
20230212:1111,134.0,16.69,7.7,2.14,0.0
20230212:1211,52.0,17.01,7.98,2.14,0.0
20230212:1311,68.0,15.32,8.01,2.21,0.0
20230212:1411,61.0,11.77,8.06,2.48,0.0
20230212:1511,26.0,6.66,7.9,2.41,0.0
20230212:1611,0.0,0.0,7.46,2.55,0.0
20230212:1711,0.0,0.0,7.14,2.55,0.0
20230212:1811,0.0,0.0,6.91,2.48,0.0
20230212:1911,0.0,0.0,6.48,2.34,0.0
20230212:2011,0.0,0.0,6.35,2.21,0.0
20230212:2111,0.0,0.0,6.13,2.14,0.0
20230212:2211,0.0,0.0,5.97,2.07,0.0
20230212:2311,0.0,0.0,5.94,1.86,0.0
20230213:0011,0.0,0.0,5.83,2.0,0.0
20230213:0111,0.0,0.0,5.74,2.14,0.0
20230213:0211,0.0,0.0,5.8,1.59,0.0
20230213:0311,0.0,0.0,5.44,1.31,0.0
20230213:0411,0.0,0.0,5.38,1.38,0.0
20230213:0511,0.0,0.0,5.07,1.66,0.0
20230213:0611,0.0,0.0,5.21,1.59,0.0
20230213:0711,0.0,0.0,5.25,1.17,0.0
20230213:0811,32.83,5.06,5.32,0.97,0.0
20230213:0911,84.0,10.6,5.66,0.9,0.0
20230213:1011,95.0,14.7,6.29,1.72,0.0
20230213:1111,97.0,17.02,6.55,1.86,0.0
20230213:1211,46.0,17.35,7.02,1.79,0.0
20230213:1311,80.0,15.65,7.15,2.0,0.0
20230213:1411,31.0,12.09,7.11,2.07,0.0
20230213:1511,15.0,6.97,6.75,1.72,0.0
20230213:1611,0.0,0.0,6.21,1.38,0.0
20230213:1711,0.0,0.0,5.44,1.24,0.0
20230213:1811,0.0,0.0,5.29,1.52,0.0
20230213:1911,0.0,0.0,5.21,1.52,0.0
20230213:2011,0.0,0.0,5.18,1.52,0.0
20230213:2111,0.0,0.0,4.95,1.59,0.0
20230213:2211,0.0,0.0,4.95,1.86,0.0
20230213:2311,0.0,0.0,4.78,1.72,0.0
20230214:0011,0.0,0.0,4.74,1.86,0.0
20230214:0111,0.0,0.0,4.57,2.07,0.0
20230214:0211,0.0,0.0,4.28,2.48,0.0
20230214:0311,0.0,0.0,4.13,2.76,0.0
20230214:0411,0.0,0.0,3.89,2.9,0.0
20230214:0511,0.0,0.0,3.58,2.83,0.0
20230214:0611,0.0,0.0,3.68,2.97,0.0
20230214:0711,0.0,0.0,3.52,3.1,0.0
20230214:0811,13.0,5.37,3.49,3.24,0.0
20230214:0911,26.0,10.92,4.01,3.24,0.0
20230214:1011,31.0,15.03,4.82,3.93,0.0
20230214:1111,36.0,17.36,5.14,3.93,0.0
20230214:1211,32.0,17.68,5.62,3.52,0.0
20230214:1311,30.0,15.98,5.92,3.86,0.0
20230214:1411,25.0,12.41,6.09,4.21,0.0
20230214:1511,11.0,7.28,6.0,3.93,0.0
20230214:1611,0.0,0.0,5.52,3.72,0.0
20230214:1711,0.0,0.0,5.16,4.07,0.0
20230214:1811,0.0,0.0,4.79,4.14,0.0
20230214:1911,0.0,0.0,4.35,4.07,0.0
20230214:2011,0.0,0.0,4.53,3.79,0.0
20230214:2111,0.0,0.0,4.38,3.59,0.0
20230214:2211,0.0,0.0,3.77,3.45,0.0
20230214:2311,0.0,0.0,3.81,3.52,0.0
20230215:0011,0.0,0.0,3.62,3.38,0.0
20230215:0111,0.0,0.0,3.6,3.52,0.0
20230215:0211,0.0,0.0,3.72,3.79,0.0
20230215:0311,0.0,0.0,3.73,3.66,0.0
20230215:0411,0.0,0.0,3.3,3.59,0.0
20230215:0511,0.0,0.0,3.72,3.31,0.0
20230215:0611,0.0,0.0,3.85,3.17,0.0
20230215:0711,0.0,0.0,3.99,3.31,0.0
20230215:0811,15.0,5.68,4.23,3.38,0.0
20230215:0911,39.0,11.25,4.9,3.59,0.0
20230215:1011,67.0,15.36,6.11,3.59,0.0
20230215:1111,123.0,17.7,6.68,4.07,0.0
20230215:1211,154.0,18.03,7.43,4.9,0.0
20230215:1311,22.0,16.32,7.68,5.31,0.0
20230215:1411,40.0,12.74,7.55,5.59,0.0
20230215:1511,15.0,7.6,7.41,5.86,0.0
20230215:1611,0.0,0.0,7.26,6.14,0.0
20230215:1711,0.0,0.0,7.07,6.69,0.0
20230215:1811,0.0,0.0,6.62,6.69,0.0
20230215:1911,0.0,0.0,6.18,6.28,0.0
20230215:2011,0.0,0.0,5.79,6.34,0.0
20230215:2111,0.0,0.0,5.29,6.07,0.0
20230215:2211,0.0,0.0,5.71,6.76,0.0
20230215:2311,0.0,0.0,5.72,5.38,0.0
20230216:0011,0.0,0.0,5.91,4.9,0.0
20230216:0111,0.0,0.0,5.9,4.34,0.0
20230216:0211,0.0,0.0,5.78,4.07,0.0
20230216:0311,0.0,0.0,5.66,4.07,0.0
20230216:0411,0.0,0.0,5.87,3.45,0.0
20230216:0511,0.0,0.0,6.06,2.76,0.0
20230216:0611,0.0,0.0,5.91,2.55,0.0
20230216:0711,0.0,0.0,5.38,2.21,0.0
20230216:0811,69.0,5.99,4.76,1.66,0.0
20230216:0911,96.0,11.57,5.45,1.52,0.0
20230216:1011,169.0,15.7,5.99,2.34,0.0
20230216:1111,227.01,18.04,6.36,2.34,0.0
20230216:1211,238.01,18.37,6.75,2.9,0.0
20230216:1311,249.01,16.66,7.04,3.24,0.0
20230216:1411,75.0,13.07,6.79,3.24,0.0
20230216:1511,20.0,7.91,6.52,2.55,0.0
20230216:1611,0.0,0.0,6.09,2.48,0.0
20230216:1711,0.0,0.0,5.47,2.69,0.0
20230216:1811,0.0,0.0,5.31,2.62,0.0
20230216:1911,0.0,0.0,5.37,2.83,0.0
20230216:2011,0.0,0.0,5.51,3.24,0.0
20230216:2111,0.0,0.0,5.69,3.52,0.0
20230216:2211,0.0,0.0,5.63,4.41,0.0
20230216:2311,0.0,0.0,5.77,4.55,0.0
20230217:0011,0.0,0.0,5.72,4.69,0.0
20230217:0111,0.0,0.0,5.61,4.97,0.0
20230217:0211,0.0,0.0,5.58,4.55,0.0
20230217:0311,0.0,0.0,5.44,4.97,0.0
20230217:0411,0.0,0.0,5.4,5.1,0.0
20230217:0511,0.0,0.0,5.3,5.31,0.0
20230217:0611,0.0,0.0,5.22,5.93,0.0
20230217:0711,0.0,0.0,5.1,6.97,0.0
20230217:0811,48.0,6.31,5.45,7.59,0.0
20230217:0911,15.0,11.91,6.39,6.48,0.0
20230217:1011,22.0,16.04,6.86,5.79,0.0
20230217:1111,25.0,18.39,7.1,5.79,0.0
20230217:1211,26.0,18.72,7.2,3.93,0.0
20230217:1311,23.0,17.0,7.17,4.48,0.0
20230217:1411,33.0,13.4,7.06,9.72,0.0
20230217:1511,40.0,8.23,5.74,11.79,0.0
20230217:1611,1.0,1.87,5.14,10.83,0.0
20230217:1711,0.0,0.0,5.42,10.41,0.0
20230217:1811,0.0,0.0,5.33,9.72,0.0
20230217:1911,0.0,0.0,5.11,8.34,0.0
20230217:2011,0.0,0.0,4.97,7.1,0.0
20230217:2111,0.0,0.0,4.71,6.83,0.0
20230217:2211,0.0,0.0,4.47,6.21,0.0
20230217:2311,0.0,0.0,4.58,4.83,0.0
20230218:0011,0.0,0.0,4.36,4.41,0.0
20230218:0111,0.0,0.0,4.0,4.48,0.0
20230218:0211,0.0,0.0,3.71,4.97,0.0
20230218:0311,0.0,0.0,3.53,4.76,0.0
20230218:0411,0.0,0.0,3.43,4.69,0.0
20230218:0511,0.0,0.0,3.2,4.41,0.0
20230218:0611,0.0,0.0,3.01,4.28,0.0
20230218:0711,0.0,0.0,2.79,3.93,0.0
20230218:0811,83.01,6.64,2.73,3.72,0.0
20230218:0911,188.01,12.24,2.97,4.07,0.0
20230218:1011,162.0,16.39,3.5,4.55,0.0
20230218:1111,313.01,18.74,3.88,4.14,0.0
20230218:1211,310.01,19.07,4.02,3.79,0.0
20230218:1311,180.0,17.34,4.28,4.0,0.0
20230218:1411,199.01,13.73,4.32,4.69,0.0
20230218:1511,37.0,8.54,3.71,4.9,0.0
20230218:1611,1.0,2.17,3.4,4.48,0.0
20230218:1711,0.0,0.0,2.76,3.52,0.0
20230218:1811,0.0,0.0,2.32,3.24,0.0
20230218:1911,0.0,0.0,1.98,3.1,0.0
20230218:2011,0.0,0.0,1.88,2.83,0.0
20230218:2111,0.0,0.0,1.5,2.55,0.0
20230218:2211,0.0,0.0,1.36,1.72,0.0
20230218:2311,0.0,0.0,1.25,1.72,0.0
20230219:0011,0.0,0.0,1.25,1.79,0.0
20230219:0111,0.0,0.0,1.56,1.66,0.0
20230219:0211,0.0,0.0,1.03,0.9,0.0
20230219:0311,0.0,0.0,1.26,0.34,0.0
20230219:0411,0.0,0.0,1.19,0.28,0.0
20230219:0511,0.0,0.0,1.54,0.55,0.0
20230219:0611,0.0,0.0,2.0,1.45,0.0
20230219:0711,0.0,0.0,2.17,2.76,0.0
20230219:0811,39.0,6.97,2.91,3.17,0.0
20230219:0911,37.0,12.58,3.59,3.79,0.0
20230219:1011,50.0,16.74,4.89,4.69,0.0
20230219:1111,71.0,19.1,5.01,4.76,0.0
20230219:1211,128.0,19.42,5.11,5.31,0.0
20230219:1311,80.0,17.69,5.23,5.52,0.0
20230219:1411,71.0,14.06,5.05,5.38,0.0
20230219:1511,37.0,8.86,4.84,5.38,0.0
20230219:1611,2.0,2.48,4.73,4.55,0.0
20230219:1711,0.0,0.0,4.63,4.0,0.0
20230219:1811,0.0,0.0,4.58,4.14,0.0
20230219:1911,0.0,0.0,4.57,4.48,0.0
20230219:2011,0.0,0.0,4.59,4.83,0.0
20230219:2111,0.0,0.0,4.99,5.31,0.0
20230219:2211,0.0,0.0,6.07,6.69,0.0
20230219:2311,0.0,0.0,6.68,6.9,0.0
20230220:0011,0.0,0.0,7.46,6.41,0.0
20230220:0111,0.0,0.0,7.95,7.1,0.0
20230220:0211,0.0,0.0,8.23,8.69,0.0
20230220:0311,0.0,0.0,8.28,10.41,0.0
20230220:0411,0.0,0.0,8.78,10.9,0.0
20230220:0511,0.0,0.0,8.05,9.31,0.0
20230220:0611,0.0,0.0,7.08,8.41,0.0
20230220:0711,0.0,0.0,6.64,7.79,0.0
20230220:0811,24.0,7.3,6.16,8.41,0.0
20230220:0911,80.0,12.92,6.0,8.97,0.0
20230220:1011,95.0,17.09,6.12,8.76,0.0
20230220:1111,136.0,19.46,6.54,8.14,0.0
20230220:1211,161.0,19.78,6.7,8.41,0.0
20230220:1311,104.0,18.04,6.54,9.45,0.0
20230220:1411,70.0,14.4,6.52,9.66,0.0
20230220:1511,62.0,9.19,6.44,9.79,0.0
20230220:1611,6.0,2.79,6.37,9.38,0.0
20230220:1711,0.0,0.0,6.21,9.72,0.0
20230220:1811,0.0,0.0,6.26,9.86,0.0
20230220:1911,0.0,0.0,6.28,10.07,0.0
20230220:2011,0.0,0.0,6.18,10.0,0.0
20230220:2111,0.0,0.0,6.1,9.52,0.0
20230220:2211,0.0,0.0,6.15,8.41,0.0
20230220:2311,0.0,0.0,6.28,6.9,0.0
20230221:0011,0.0,0.0,6.09,6.14,0.0
20230221:0111,0.0,0.0,6.23,5.59,0.0
20230221:0211,0.0,0.0,6.12,5.03,0.0
20230221:0311,0.0,0.0,6.09,4.34,0.0
20230221:0411,0.0,0.0,5.85,3.72,0.0
20230221:0511,0.0,0.0,5.68,3.24,0.0
20230221:0611,0.0,0.0,5.51,2.62,0.0
20230221:0711,0.0,0.0,5.69,2.14,0.0
20230221:0811,78.0,7.64,5.77,1.24,0.0
20230221:0911,154.0,13.27,5.96,0.83,0.0
20230221:1011,173.0,17.45,6.49,1.1,0.0
20230221:1111,220.0,19.82,6.83,1.38,0.0
20230221:1211,239.01,20.14,7.05,1.72,0.0
20230221:1311,151.0,18.39,7.22,2.07,0.0
20230221:1411,230.01,14.73,7.24,1.79,0.0
20230221:1511,66.0,9.51,6.87,1.79,0.0
20230221:1611,3.0,3.1,6.39,1.79,0.0
20230221:1711,0.0,0.0,5.87,1.93,0.0
20230221:1811,0.0,0.0,5.45,2.21,0.0
20230221:1911,0.0,0.0,5.22,2.48,0.0
20230221:2011,0.0,0.0,5.04,2.76,0.0
20230221:2111,0.0,0.0,5.01,3.1,0.0
20230221:2211,0.0,0.0,4.97,3.66,0.0
20230221:2311,0.0,0.0,4.92,4.21,0.0
20230222:0011,0.0,0.0,4.84,4.69,0.0
20230222:0111,0.0,0.0,4.94,4.76,0.0
20230222:0211,0.0,0.0,5.06,4.9,0.0
20230222:0311,0.0,0.0,5.08,4.83,0.0
20230222:0411,0.0,0.0,5.19,5.03,0.0
20230222:0511,0.0,0.0,5.21,5.1,0.0
20230222:0611,0.0,0.0,5.17,4.97,0.0
20230222:0711,0.0,0.0,5.23,4.9,0.0
20230222:0811,19.0,7.98,5.32,4.97,0.0
20230222:0911,63.0,13.62,5.59,5.1,0.0
20230222:1011,54.0,17.81,5.88,4.97,0.0
20230222:1111,99.0,20.18,6.06,5.03,0.0
20230222:1211,101.0,20.5,6.15,5.52,0.0
20230222:1311,34.0,18.74,6.31,5.59,0.0
20230222:1411,29.0,15.07,6.26,5.1,0.0
20230222:1511,13.0,9.83,6.07,4.41,0.0
20230222:1611,4.0,3.41,5.77,3.72,0.0
20230222:1711,0.0,0.0,5.69,3.59,0.0
20230222:1811,0.0,0.0,5.56,2.76,0.0
20230222:1911,0.0,0.0,5.12,2.07,0.0
20230222:2011,0.0,0.0,4.9,2.21,0.0
20230222:2111,0.0,0.0,4.87,1.72,0.0
20230222:2211,0.0,0.0,4.82,0.14,0.0
20230222:2311,0.0,0.0,4.52,3.45,0.0
20230223:0011,0.0,0.0,3.85,4.97,0.0
20230223:0111,0.0,0.0,3.18,5.45,0.0
20230223:0211,0.0,0.0,3.23,5.59,0.0
20230223:0311,0.0,0.0,2.86,5.93,0.0
20230223:0411,0.0,0.0,2.4,5.66,0.0
20230223:0511,0.0,0.0,1.95,5.31,0.0
20230223:0611,0.0,0.0,1.7,4.97,0.0
20230223:0711,0.0,0.0,1.69,4.14,0.0
20230223:0811,111.01,8.32,1.76,3.72,0.0
20230223:0911,213.01,13.98,2.24,3.86,0.0
20230223:1011,275.01,18.17,2.96,3.86,0.0
20230223:1111,295.01,20.55,3.5,3.72,0.0
20230223:1211,304.01,20.87,3.83,3.52,0.0
20230223:1311,295.01,19.09,4.08,2.34,0.0
20230223:1411,134.0,15.41,4.17,0.62,0.0
20230223:1511,67.0,10.16,4.13,0.76,0.0
20230223:1611,6.0,3.72,3.85,1.66,0.0
20230223:1711,0.0,0.0,3.36,3.38,0.0
20230223:1811,0.0,0.0,3.3,4.0,0.0
20230223:1911,0.0,0.0,3.36,5.17,0.0
20230223:2011,0.0,0.0,3.38,4.83,0.0
20230223:2111,0.0,0.0,3.8,4.69,0.0
20230223:2211,0.0,0.0,3.86,2.41,0.0
20230223:2311,0.0,0.0,3.66,2.55,0.0
20230224:0011,0.0,0.0,3.42,2.41,0.0
20230224:0111,0.0,0.0,3.11,2.97,0.0
20230224:0211,0.0,0.0,3.09,3.17,0.0
20230224:0311,0.0,0.0,2.98,3.24,0.0
20230224:0411,0.0,0.0,3.26,3.03,0.0
20230224:0511,0.0,0.0,3.04,3.17,0.0
20230224:0611,0.0,0.0,3.14,3.72,0.0
20230224:0711,1.0,1.94,3.04,5.45,0.0
20230224:0811,65.0,8.67,3.34,6.69,0.0
20230224:0911,97.0,14.33,3.76,7.45,0.0
20230224:1011,125.0,18.54,4.41,6.9,0.0
20230224:1111,196.0,20.92,4.59,7.66,0.0
20230224:1211,292.01,21.23,4.92,7.38,0.0
20230224:1311,311.01,19.45,4.83,7.45,0.0
20230224:1411,253.01,15.76,5.0,7.45,0.0
20230224:1511,41.0,10.48,4.71,7.31,0.0
20230224:1611,17.0,4.03,4.42,6.76,0.0
20230224:1711,0.0,0.0,3.54,6.14,0.0
20230224:1811,0.0,0.0,3.01,6.07,0.0
20230224:1911,0.0,0.0,2.75,5.79,0.0
20230224:2011,0.0,0.0,2.11,5.59,0.0
20230224:2111,0.0,0.0,1.77,5.38,0.0
20230224:2211,0.0,0.0,1.13,4.97,0.0
20230224:2311,0.0,0.0,1.07,5.24,0.0
20230225:0011,0.0,0.0,0.65,4.69,0.0
20230225:0111,0.0,0.0,0.35,4.48,0.0
20230225:0211,0.0,0.0,0.0,4.34,0.0
20230225:0311,0.0,0.0,-0.36,4.14,0.0
20230225:0411,0.0,0.0,-0.57,3.52,0.0
20230225:0511,0.0,0.0,-0.68,3.45,0.0
20230225:0611,0.0,0.0,-0.7,3.24,0.0
20230225:0711,6.0,2.29,-0.73,3.45,0.0
20230225:0811,130.01,9.02,-0.15,3.38,0.0
20230225:0911,238.01,14.69,1.13,3.38,0.0
20230225:1011,311.01,18.91,2.69,2.97,0.0
20230225:1111,362.01,21.29,3.61,3.93,0.0
20230225:1211,358.01,21.6,4.07,4.9,0.0
20230225:1311,324.01,19.81,4.3,4.9,0.0
20230225:1411,254.01,16.1,4.26,4.97,0.0
20230225:1511,156.01,10.81,4.04,4.69,0.0
20230225:1611,23.0,4.34,3.46,4.21,0.0
20230225:1711,0.0,0.0,2.19,3.93,0.0
20230225:1811,0.0,0.0,1.68,3.31,0.0
20230225:1911,0.0,0.0,1.57,3.1,0.0
20230225:2011,0.0,0.0,1.13,2.97,0.0
20230225:2111,0.0,0.0,0.06,2.55,0.0
20230225:2211,0.0,0.0,0.02,2.55,0.0
20230225:2311,0.0,0.0,-0.2,2.62,0.0
20230226:0011,0.0,0.0,-0.43,2.34,0.0
20230226:0111,0.0,0.0,-0.78,2.0,0.0
20230226:0211,0.0,0.0,-0.98,1.59,0.0
20230226:0311,0.0,0.0,-1.19,1.45,0.0
20230226:0411,0.0,0.0,-1.45,1.45,0.0
20230226:0511,0.0,0.0,-1.53,1.45,0.0
20230226:0611,0.0,0.0,-1.38,1.38,0.0
20230226:0711,7.0,2.63,-1.22,1.52,0.0
20230226:0811,124.01,9.37,-0.35,1.38,0.0
20230226:0911,223.01,15.06,1.36,1.66,0.0
20230226:1011,286.01,19.28,2.56,1.79,0.0
20230226:1111,316.01,21.67,3.28,2.41,0.0
20230226:1211,346.01,21.97,4.22,2.69,0.0
20230226:1311,266.01,20.17,4.74,2.69,0.0
20230226:1411,191.0,16.44,5.01,2.9,0.0
20230226:1511,83.0,11.14,4.86,3.24,0.0
20230226:1611,9.0,4.66,4.45,3.31,0.0
20230226:1711,0.0,0.0,3.31,3.45,0.0
20230226:1811,0.0,0.0,2.62,3.45,0.0
20230226:1911,0.0,0.0,2.61,3.38,0.0
20230226:2011,0.0,0.0,2.24,3.1,0.0
20230226:2111,0.0,0.0,1.29,2.69,0.0
20230226:2211,0.0,0.0,0.99,2.07,0.0
20230226:2311,0.0,0.0,0.41,2.41,0.0
20230227:0011,0.0,0.0,0.06,2.41,0.0
20230227:0111,0.0,0.0,-0.07,2.62,0.0
20230227:0211,0.0,0.0,-0.11,3.1,0.0
20230227:0311,0.0,0.0,-0.08,3.17,0.0
20230227:0411,0.0,0.0,-0.34,2.9,0.0
20230227:0511,0.0,0.0,-0.62,2.62,0.0
20230227:0611,0.0,0.0,-0.69,2.28,0.0
20230227:0711,11.0,2.98,-0.59,2.21,0.0
20230227:0811,139.01,9.73,0.21,2.28,0.0
20230227:0911,247.01,15.42,1.76,2.07,0.0
20230227:1011,315.01,19.65,2.96,2.0,0.0
20230227:1111,347.01,22.04,4.23,2.14,0.0
20230227:1211,352.01,22.35,5.2,2.07,0.0
20230227:1311,329.01,20.53,5.88,2.0,0.0
20230227:1411,255.01,16.79,6.27,2.14,0.0
20230227:1511,141.0,11.46,5.82,1.72,0.0
20230227:1611,26.0,4.97,4.52,1.31,0.0
20230227:1711,0.0,0.0,4.05,1.17,0.0
20230227:1811,0.0,0.0,3.23,1.1,0.0
20230227:1911,0.0,0.0,2.77,1.1,0.0
20230227:2011,0.0,0.0,2.0,1.17,0.0
20230227:2111,0.0,0.0,0.96,1.1,0.0
20230227:2211,0.0,0.0,-0.34,1.31,0.0
20230227:2311,0.0,0.0,-0.42,1.38,0.0
20230228:0011,0.0,0.0,-0.66,1.24,0.0
20230228:0111,0.0,0.0,-0.7,1.17,0.0
20230228:0211,0.0,0.0,-0.85,1.24,0.0
20230228:0311,0.0,0.0,-1.1,1.31,0.0
20230228:0411,0.0,0.0,-0.66,1.31,0.0
20230228:0511,0.0,0.0,-0.6,1.52,0.0
20230228:0611,0.0,0.0,-0.55,2.0,0.0
20230228:0711,17.6,3.33,-0.55,2.83,0.0
20230228:0811,140.01,10.09,0.59,3.38,0.0
20230228:0911,248.01,15.79,2.48,3.79,0.0
20230228:1011,333.01,20.03,4.37,3.38,0.0
20230228:1111,383.01,22.42,5.59,3.86,0.0
20230228:1211,380.01,22.72,6.59,4.41,0.0
20230228:1311,351.01,20.89,7.06,4.55,0.0
20230228:1411,274.01,17.13,7.25,4.41,0.0
20230228:1511,174.01,11.79,6.68,4.55,0.0
20230228:1611,31.0,5.29,5.82,4.07,0.0
20230228:1711,0.0,0.0,4.26,4.48,0.0
20230228:1811,0.0,0.0,3.04,4.0,0.0
20230228:1911,0.0,0.0,2.47,3.38,0.0
20230228:2011,0.0,0.0,2.37,2.55,0.0
20230228:2111,0.0,0.0,1.33,2.28,0.0
20230228:2211,0.0,0.0,0.57,2.07,0.0
20230228:2311,0.0,0.0,0.19,1.72,0.0
20230301:0011,0.0,0.0,-0.09,1.72,0.0
20230301:0111,0.0,0.0,-0.43,1.59,0.0
20230301:0211,0.0,0.0,-0.64,1.38,0.0
20230301:0311,0.0,0.0,-0.99,1.24,0.0
20230301:0411,0.0,0.0,-1.06,1.1,0.0
20230301:0511,0.0,0.0,-1.22,1.1,0.0
20230301:0611,0.0,0.0,-1.17,1.17,0.0
20230301:0711,19.6,3.68,-1.28,1.03,0.0
20230301:0811,152.01,10.45,-0.2,1.24,0.0
20230301:0911,253.01,16.16,1.79,0.9,0.0
20230301:1011,336.01,20.41,3.51,0.76,0.0
20230301:1111,376.01,22.81,4.81,0.9,0.0
20230301:1211,383.01,23.1,6.03,0.55,0.0
20230301:1311,345.01,21.26,6.47,0.14,0.0
20230301:1411,273.01,17.48,6.73,0.34,0.0
20230301:1511,172.01,12.12,5.99,0.28,0.0
20230301:1611,26.0,5.6,5.84,0.48,0.0
20230301:1711,0.0,0.0,5.17,0.28,0.0
20230301:1811,0.0,0.0,3.88,0.76,0.0
20230301:1911,0.0,0.0,2.06,1.24,0.0
20230301:2011,0.0,0.0,1.3,1.03,0.0
20230301:2111,0.0,0.0,0.68,0.83,0.0
20230301:2211,0.0,0.0,0.44,1.52,0.0
20230301:2311,0.0,0.0,-0.19,1.72,0.0
20230302:0011,0.0,0.0,-0.53,1.79,0.0
20230302:0111,0.0,0.0,-0.79,1.72,0.0
20230302:0211,0.0,0.0,-1.16,1.66,0.0
20230302:0311,0.0,0.0,-1.39,1.59,0.0
20230302:0411,0.0,0.0,-1.32,1.45,0.0
20230302:0511,0.0,0.0,-1.57,1.31,0.0
20230302:0611,0.0,0.0,-1.59,1.17,0.0
20230302:0711,23.36,4.04,-1.61,1.1,0.0
20230302:0811,156.01,10.81,-0.54,0.97,0.0
20230302:0911,261.01,16.54,1.7,0.62,0.0
20230302:1011,345.01,20.79,3.77,0.62,0.0
20230302:1111,388.01,23.19,5.07,1.31,0.0
20230302:1211,398.01,23.48,6.01,2.21,0.0
20230302:1311,356.01,21.62,6.44,2.76,0.0
20230302:1411,286.01,17.83,6.84,2.83,0.0
20230302:1511,182.01,12.45,6.29,2.55,0.0
20230302:1611,26.0,5.92,5.39,3.17,0.0
20230302:1711,0.0,0.0,3.64,3.59,0.0
20230302:1811,0.0,0.0,2.67,3.59,0.0
20230302:1911,0.0,0.0,1.87,3.72,0.0
20230302:2011,0.0,0.0,1.27,3.86,0.0
20230302:2111,0.0,0.0,0.79,3.79,0.0
20230302:2211,0.0,0.0,0.35,3.72,0.0
20230302:2311,0.0,0.0,0.03,3.86,0.0
20230303:0011,0.0,0.0,-0.07,3.93,0.0
20230303:0111,0.0,0.0,-0.34,3.79,0.0
20230303:0211,0.0,0.0,-0.39,3.72,0.0
20230303:0311,0.0,0.0,-0.08,3.66,0.0
20230303:0411,0.0,0.0,0.0,3.79,0.0
20230303:0511,0.0,0.0,0.25,4.0,0.0
20230303:0611,0.0,0.0,0.71,4.0,0.0
20230303:0711,29.59,4.4,0.75,3.66,0.0
20230303:0811,160.01,11.18,1.64,3.45,0.0
20230303:0911,254.01,16.91,3.13,3.52,0.0
20230303:1011,334.01,21.18,4.49,3.45,0.0
20230303:1111,367.01,23.57,5.84,4.62,0.0
20230303:1211,154.0,23.86,6.77,5.86,0.0
20230303:1311,119.0,21.99,6.93,5.66,0.0
20230303:1411,59.0,18.18,6.52,5.79,0.0
20230303:1511,79.0,12.78,6.2,6.41,0.0
20230303:1611,36.0,6.23,6.12,6.55,0.0
20230303:1711,0.0,0.0,5.89,6.55,0.0
20230303:1811,0.0,0.0,5.39,6.69,0.0
20230303:1911,0.0,0.0,4.83,6.34,0.0
20230303:2011,0.0,0.0,4.48,6.62,0.0
20230303:2111,0.0,0.0,4.14,7.24,0.0
20230303:2211,0.0,0.0,3.89,7.03,0.0
20230303:2311,0.0,0.0,3.45,7.31,0.0
20230304:0011,0.0,0.0,3.15,8.21,0.0
20230304:0111,0.0,0.0,2.9,8.28,0.0
20230304:0211,0.0,0.0,2.61,8.34,0.0
20230304:0311,0.0,0.0,2.34,8.55,0.0
20230304:0411,0.0,0.0,2.23,8.21,0.0
20230304:0511,0.0,0.0,1.89,7.59,0.0
20230304:0611,0.0,0.0,1.62,7.31,0.0
20230304:0711,30.83,4.76,1.4,6.9,0.0
20230304:0811,169.01,11.55,1.57,6.48,0.0
20230304:0911,270.01,17.29,1.9,6.34,0.0
20230304:1011,322.01,21.56,2.41,5.17,0.0
20230304:1111,347.01,23.96,2.58,5.86,0.0
20230304:1211,325.01,24.24,2.53,6.69,0.0
20230304:1311,198.0,22.36,2.44,6.83,0.0
20230304:1411,207.0,18.53,2.0,6.9,0.0
20230304:1511,145.0,13.12,2.09,7.03,0.0
20230304:1611,42.0,6.55,1.63,6.28,0.0
20230304:1711,0.0,0.0,1.39,6.07,0.0
20230304:1811,0.0,0.0,1.0,5.59,0.0
20230304:1911,0.0,0.0,0.78,5.1,0.0
20230304:2011,0.0,0.0,0.56,4.41,0.0
20230304:2111,0.0,0.0,0.28,3.93,0.0
20230304:2211,0.0,0.0,-0.04,4.34,0.0
20230304:2311,0.0,0.0,-0.42,4.0,0.0
20230305:0011,0.0,0.0,-0.58,3.79,0.0
20230305:0111,0.0,0.0,-0.81,4.0,0.0
20230305:0211,0.0,0.0,-1.08,4.34,0.0
20230305:0311,0.0,0.0,-1.51,4.07,0.0
20230305:0411,0.0,0.0,-1.9,3.45,0.0
20230305:0511,0.0,0.0,-2.33,3.1,0.0
20230305:0611,0.0,0.0,-2.43,2.9,0.0
20230305:0711,37.0,5.12,-2.56,2.76,0.0
20230305:0811,179.01,11.92,-1.74,2.55,0.0
20230305:0911,285.01,17.67,-0.47,2.76,0.0
20230305:1011,369.01,21.95,1.13,3.17,0.0
20230305:1111,404.01,24.35,1.74,3.66,0.0
20230305:1211,417.01,24.62,2.31,4.07,0.0
20230305:1311,379.01,22.73,2.55,4.14,0.0
20230305:1411,306.01,18.88,2.63,4.55,0.0
20230305:1511,205.01,13.45,2.39,5.1,0.0
20230305:1611,29.0,6.86,2.0,4.55,0.0
20230305:1711,0.0,0.0,0.99,4.07,0.0
20230305:1811,0.0,0.0,0.02,3.93,0.0
20230305:1911,0.0,0.0,-0.21,3.59,0.0
20230305:2011,0.0,0.0,-0.72,3.38,0.0
20230305:2111,0.0,0.0,-0.99,3.24,0.0
20230305:2211,0.0,0.0,-1.33,2.28,0.0
20230305:2311,0.0,0.0,-1.91,1.45,0.0
20230306:0011,0.0,0.0,-2.35,1.52,0.0
20230306:0111,0.0,0.0,-2.52,1.45,0.0
20230306:0211,0.0,0.0,-2.89,1.24,0.0
20230306:0311,0.0,0.0,-3.33,1.38,0.0
20230306:0411,0.0,0.0,-3.3,1.31,0.0
20230306:0511,0.0,0.0,-3.7,1.24,0.0
20230306:0611,0.0,0.0,-3.7,1.52,0.0
20230306:0711,27.8,5.49,-3.63,1.86,0.0
20230306:0811,114.0,12.3,-2.63,1.79,0.0
20230306:0911,179.0,18.06,-1.13,1.52,0.0
20230306:1011,213.0,22.34,0.03,1.86,0.0
20230306:1111,291.0,24.74,0.75,2.07,0.0
20230306:1211,320.01,25.0,1.57,1.52,0.0
20230306:1311,312.01,23.1,1.94,1.17,0.0
20230306:1411,228.0,19.23,1.91,1.38,0.0
20230306:1511,175.0,13.78,1.67,1.45,0.0
20230306:1611,37.0,7.18,1.04,1.59,0.0
20230306:1711,0.0,0.0,0.12,1.86,0.0
20230306:1811,0.0,0.0,-0.73,2.28,0.0
20230306:1911,0.0,0.0,-1.26,2.21,0.0
20230306:2011,0.0,0.0,-1.73,2.34,0.0
20230306:2111,0.0,0.0,-1.96,2.34,0.0
20230306:2211,0.0,0.0,-2.33,2.28,0.0
20230306:2311,0.0,0.0,-2.64,2.21,0.0
20230307:0011,0.0,0.0,-3.09,2.28,0.0
20230307:0111,0.0,0.0,-3.44,2.21,0.0
20230307:0211,0.0,0.0,-3.78,2.14,0.0
20230307:0311,0.0,0.0,-3.96,2.14,0.0
20230307:0411,0.0,0.0,-4.46,2.41,0.0
20230307:0511,0.0,0.0,-4.88,2.34,0.0
20230307:0611,0.0,0.0,-5.28,2.21,0.0
20230307:0711,50.0,5.86,-5.4,2.0,0.0
20230307:0811,198.01,12.67,-4.04,1.86,0.0
20230307:0911,309.01,18.44,-1.94,1.59,0.0
20230307:1011,393.01,22.73,-0.48,1.79,0.0
20230307:1111,435.01,25.14,0.56,2.0,0.0
20230307:1211,453.02,25.39,1.15,2.0,0.0
20230307:1311,405.01,23.47,1.49,1.79,0.0
20230307:1411,329.01,19.58,1.54,1.52,0.0
20230307:1511,228.01,14.11,1.47,1.45,0.0
20230307:1611,30.0,7.5,1.01,1.45,0.0
20230307:1711,0.0,0.0,0.32,1.52,0.0
20230307:1811,0.0,0.0,-0.86,1.45,0.0
20230307:1911,0.0,0.0,-1.62,1.38,0.0
20230307:2011,0.0,0.0,-2.61,1.24,0.0
20230307:2111,0.0,0.0,-3.22,1.1,0.0
20230307:2211,0.0,0.0,-3.93,1.45,0.0
20230307:2311,0.0,0.0,-4.29,1.66,0.0
20230308:0011,0.0,0.0,-4.68,1.93,0.0
20230308:0111,0.0,0.0,-5.04,1.38,0.0
20230308:0211,0.0,0.0,-5.49,1.38,0.0
20230308:0311,0.0,0.0,-6.06,1.72,0.0
20230308:0411,0.0,0.0,-6.43,2.07,0.0
20230308:0511,0.0,0.0,-6.61,2.07,0.0
20230308:0611,0.0,0.0,-6.74,2.07,0.0
20230308:0711,35.0,6.23,-6.12,2.0,0.0
20230308:0811,201.01,13.05,-4.12,2.34,0.0
20230308:0911,315.01,18.83,-1.78,2.34,0.0
20230308:1011,374.01,23.12,-0.26,3.24,0.0
20230308:1111,435.01,25.53,0.79,3.66,0.0
20230308:1211,343.01,25.78,1.38,4.21,0.0
20230308:1311,35.0,23.84,1.73,4.48,0.0
20230308:1411,55.0,19.93,2.03,4.76,0.0
20230308:1511,125.0,14.44,1.7,4.48,0.0
20230308:1611,45.0,7.81,1.1,3.86,0.0
20230308:1711,0.0,0.0,0.58,3.52,0.0
20230308:1811,0.0,0.0,0.27,2.62,0.0
20230308:1911,0.0,0.0,0.04,2.0,0.0
20230308:2011,0.0,0.0,-0.18,2.21,0.0
20230308:2111,0.0,0.0,-0.9,2.07,0.0
20230308:2211,0.0,0.0,-1.0,2.48,0.0
20230308:2311,0.0,0.0,-1.27,1.38,0.0
20230309:0011,0.0,0.0,-1.51,1.86,0.0
20230309:0111,0.0,0.0,-1.97,2.41,0.0
20230309:0211,0.0,0.0,-2.33,2.55,0.0
20230309:0311,0.0,0.0,-2.79,2.21,0.0
20230309:0411,0.0,0.0,-3.4,2.21,0.0
20230309:0511,0.0,0.0,-3.87,2.0,0.0
20230309:0611,0.0,0.0,-3.88,1.86,0.0
20230309:0711,80.0,6.6,-4.05,1.59,0.0
20230309:0811,196.01,13.43,-3.64,1.66,0.0
20230309:0911,287.01,19.22,-2.5,1.59,0.0
20230309:1011,357.01,23.52,-2.17,2.0,0.0
20230309:1111,329.01,25.92,-1.33,1.45,0.0
20230309:1211,110.0,26.16,-0.9,1.17,0.0
20230309:1311,35.0,24.21,-0.92,1.31,0.0
20230309:1411,84.0,20.28,-0.81,1.66,0.0
20230309:1511,187.0,14.77,-1.17,2.97,0.0
20230309:1611,55.0,8.13,-1.62,3.45,0.0
20230309:1711,0.0,0.0,-2.42,3.79,0.0
20230309:1811,0.0,0.0,-3.15,3.66,0.0
20230309:1911,0.0,0.0,-3.69,3.38,0.0
20230309:2011,0.0,0.0,-4.46,3.1,0.0
20230309:2111,0.0,0.0,-5.42,3.03,0.0
20230309:2211,0.0,0.0,-5.77,3.59,0.0
20230309:2311,0.0,0.0,-6.32,3.45,0.0
20230310:0011,0.0,0.0,-6.75,3.45,0.0
20230310:0111,0.0,0.0,-7.39,3.52,0.0
20230310:0211,0.0,0.0,-7.67,3.31,0.0
20230310:0311,0.0,0.0,-8.23,2.69,0.0
20230310:0411,0.0,0.0,-8.66,2.34,0.0
20230310:0511,0.0,0.0,-8.75,2.62,0.0
20230310:0611,0.0,0.0,-9.12,2.69,0.0
20230310:0711,79.0,6.97,-8.65,2.55,0.0
20230310:0811,189.01,13.81,-7.27,2.34,0.0
20230310:0911,280.01,19.61,-5.12,2.0,0.0
20230310:1011,357.01,23.92,-2.17,1.1,0.0
20230310:1111,393.01,26.32,-1.04,1.1,0.0
20230310:1211,397.01,26.55,-0.2,1.17,0.0
20230310:1311,328.01,24.58,0.54,1.31,0.0
20230310:1411,236.0,20.63,0.57,1.66,0.0
20230310:1511,156.0,15.1,0.75,2.41,0.0
20230310:1611,57.0,8.44,0.56,2.21,0.0
20230310:1711,0.0,0.0,-0.5,2.48,0.0
20230310:1811,0.0,0.0,-1.01,1.52,0.0
20230310:1911,0.0,0.0,-1.57,0.9,0.0
20230310:2011,0.0,0.0,-2.05,0.97,0.0
20230310:2111,0.0,0.0,-2.36,0.97,0.0
20230310:2211,0.0,0.0,-2.35,2.0,0.0
20230310:2311,0.0,0.0,-2.44,2.07,0.0
20230311:0011,0.0,0.0,-2.43,2.34,0.0
20230311:0111,0.0,0.0,-2.23,2.34,0.0
20230311:0211,0.0,0.0,-1.95,2.62,0.0
20230311:0311,0.0,0.0,-2.11,2.21,0.0
20230311:0411,0.0,0.0,-1.91,1.79,0.0
20230311:0511,0.0,0.0,-1.93,2.41,0.0
20230311:0611,0.0,0.0,-2.19,2.9,0.0
20230311:0711,50.0,7.35,-2.07,3.1,0.0
20230311:0811,140.0,14.19,-1.41,3.52,0.0
20230311:0911,165.0,20.0,-0.41,4.0,0.0
20230311:1011,302.01,24.31,0.4,4.14,0.0
20230311:1111,165.0,26.72,0.88,4.55,0.0
20230311:1211,403.01,26.94,1.08,4.76,0.0
20230311:1311,66.0,24.95,0.75,5.03,0.0
20230311:1411,148.0,20.98,0.69,5.45,0.0
20230311:1511,194.0,15.44,0.43,6.21,0.0
20230311:1611,41.0,8.76,0.01,6.48,0.0
20230311:1711,0.0,0.0,-0.31,5.72,0.0
20230311:1811,0.0,0.0,-0.66,4.9,0.0
20230311:1911,0.0,0.0,-0.91,4.21,0.0
20230311:2011,0.0,0.0,-1.33,4.28,0.0
20230311:2111,0.0,0.0,-1.44,3.52,0.0
20230311:2211,0.0,0.0,-2.02,2.97,0.0
20230311:2311,0.0,0.0,-1.5,1.66,0.0
20230312:0011,0.0,0.0,-1.64,0.48,0.0
20230312:0111,0.0,0.0,-2.85,0.83,0.0
20230312:0211,0.0,0.0,-3.32,1.59,0.0
20230312:0311,0.0,0.0,-4.29,1.86,0.0
20230312:0411,0.0,0.0,-4.19,2.14,0.0
20230312:0511,0.0,0.0,-3.87,2.9,0.0
20230312:0611,0.0,0.0,-3.86,3.1,0.0
20230312:0711,16.0,7.72,-3.74,3.38,0.0
20230312:0811,49.0,14.58,-2.9,3.31,0.0
20230312:0911,96.0,20.39,-1.34,3.31,0.0
20230312:1011,216.0,24.71,0.75,4.34,0.0
20230312:1111,178.0,27.11,1.61,4.76,0.0
20230312:1211,92.0,27.33,1.79,5.24,0.0
20230312:1311,116.0,25.32,1.98,5.79,0.0
20230312:1411,52.0,21.33,2.08,6.07,0.0
20230312:1511,108.0,15.77,1.88,6.28,0.0
20230312:1611,42.0,9.07,1.91,6.69,0.0
20230312:1711,0.0,0.0,2.04,6.62,0.0
20230312:1811,0.0,0.0,2.06,6.41,0.0
20230312:1911,0.0,0.0,2.29,6.28,0.0
20230312:2011,0.0,0.0,2.53,6.07,0.0
20230312:2111,0.0,0.0,2.47,6.21,0.0
20230312:2211,0.0,0.0,2.78,6.34,0.0
20230312:2311,0.0,0.0,2.88,5.38,0.0
20230313:0011,0.0,0.0,2.96,5.03,0.0
20230313:0111,0.0,0.0,2.8,4.21,0.0
20230313:0211,0.0,0.0,2.57,4.34,0.0
20230313:0311,0.0,0.0,2.33,4.14,0.0
20230313:0411,0.0,0.0,2.27,3.93,0.0
20230313:0511,0.0,0.0,2.33,3.86,0.0
20230313:0611,0.0,0.0,2.36,4.14,0.0
20230313:0711,19.0,8.1,2.64,4.41,0.0
20230313:0811,35.0,14.96,3.09,4.41,0.0
20230313:0911,74.0,20.78,3.52,4.21,0.0
20230313:1011,45.0,25.11,3.53,4.07,0.0
20230313:1111,61.0,27.51,3.57,4.07,0.0
20230313:1211,40.0,27.72,3.5,4.14,0.0
20230313:1311,37.0,25.69,3.42,4.07,0.0
20230313:1411,35.0,21.68,3.37,3.72,0.0
20230313:1511,43.0,16.1,3.33,4.14,0.0
20230313:1611,29.0,9.39,2.98,3.79,0.0
20230313:1711,1.0,2.0,2.44,4.28,0.0
20230313:1811,0.0,0.0,2.02,4.9,0.0
20230313:1911,0.0,0.0,2.22,4.41,0.0
20230313:2011,0.0,0.0,2.3,4.62,0.0
20230313:2111,0.0,0.0,2.49,4.21,0.0
20230313:2211,0.0,0.0,2.83,5.38,0.0
20230313:2311,0.0,0.0,2.91,5.72,0.0
20230314:0011,0.0,0.0,2.62,6.28,0.0
20230314:0111,0.0,0.0,2.56,6.0,0.0
20230314:0211,0.0,0.0,2.29,5.66,0.0
20230314:0311,0.0,0.0,2.2,5.31,0.0
20230314:0411,0.0,0.0,2.38,5.31,0.0
20230314:0511,0.0,0.0,2.41,5.31,0.0
20230314:0611,0.0,0.0,2.09,5.38,0.0
20230314:0711,110.0,8.48,2.11,5.38,0.0
20230314:0811,244.01,15.35,2.33,5.79,0.0
20230314:0911,343.01,21.18,2.69,6.14,0.0
20230314:1011,431.01,25.51,3.65,6.76,0.0
20230314:1111,476.01,27.91,4.19,6.76,0.0
20230314:1211,445.01,28.11,4.41,6.9,0.0
20230314:1311,387.01,26.07,4.11,6.76,0.0
20230314:1411,119.0,22.03,3.31,7.03,0.0
20230314:1511,152.0,16.43,2.65,6.55,0.0
20230314:1611,47.0,9.7,2.28,5.45,0.0
20230314:1711,1.0,2.31,1.8,4.97,0.0
20230314:1811,0.0,0.0,1.21,4.62,0.0
20230314:1911,0.0,0.0,1.18,3.03,0.0
20230314:2011,0.0,0.0,0.92,2.69,0.0
20230314:2111,0.0,0.0,0.89,2.83,0.0
20230314:2211,0.0,0.0,0.19,2.62,0.0
20230314:2311,0.0,0.0,0.46,2.21,0.0
20230315:0011,0.0,0.0,0.75,2.21,0.0
20230315:0111,0.0,0.0,0.96,2.21,0.0
20230315:0211,0.0,0.0,0.82,2.07,0.0
20230315:0311,0.0,0.0,0.94,2.07,0.0
20230315:0411,0.0,0.0,0.64,1.59,0.0
20230315:0511,0.0,0.0,0.65,0.62,0.0
20230315:0611,0.0,0.0,0.46,1.24,0.0
20230315:0711,102.0,8.86,0.54,1.17,0.0
20230315:0811,225.01,15.74,1.53,1.17,0.0
20230315:0911,293.01,21.57,2.73,1.1,0.0
20230315:1011,400.01,25.91,3.66,0.9,0.0
20230315:1111,459.01,28.31,4.4,2.07,0.0
20230315:1211,480.01,28.5,5.01,2.41,0.0
20230315:1311,438.01,26.44,5.14,1.79,0.0
20230315:1411,369.01,22.39,5.1,1.59,0.0
20230315:1511,270.01,16.76,4.63,1.93,0.0
20230315:1611,41.0,10.02,4.24,2.0,0.0
20230315:1711,7.0,2.61,2.98,1.86,0.0
20230315:1811,0.0,0.0,1.98,1.38,0.0
20230315:1911,0.0,0.0,0.91,1.66,0.0
20230315:2011,0.0,0.0,-0.96,2.07,0.0
20230315:2111,0.0,0.0,-2.54,2.14,0.0
20230315:2211,0.0,0.0,-0.87,2.55,0.0
20230315:2311,0.0,0.0,-0.91,3.17,0.0
20230316:0011,0.0,0.0,-1.38,3.79,0.0
20230316:0111,0.0,0.0,-0.94,4.07,0.0
20230316:0211,0.0,0.0,-0.49,4.21,0.0
20230316:0311,0.0,0.0,-0.18,4.55,0.0
20230316:0411,0.0,0.0,0.41,4.97,0.0
20230316:0511,0.0,0.0,0.39,5.45,0.0
20230316:0611,1.0,1.76,0.89,5.93,0.0
20230316:0711,64.0,9.24,1.88,6.48,0.0
20230316:0811,57.0,16.12,2.9,7.03,0.0
20230316:0911,97.0,21.97,3.49,6.97,0.0
20230316:1011,91.0,26.31,3.87,7.31,0.0
20230316:1111,121.0,28.71,4.0,7.38,0.0
20230316:1211,124.0,28.89,4.32,8.62,0.0
20230316:1311,83.0,26.81,4.53,9.17,0.0
20230316:1411,111.0,22.73,4.51,9.52,0.0
20230316:1511,64.0,17.09,4.06,9.66,0.0
20230316:1611,37.0,10.33,3.67,10.0,0.0
20230316:1711,4.0,2.92,3.36,10.21,0.0
20230316:1811,0.0,0.0,3.42,10.28,0.0
20230316:1911,0.0,0.0,3.45,10.28,0.0
20230316:2011,0.0,0.0,3.69,10.28,0.0
20230316:2111,0.0,0.0,3.8,10.14,0.0
20230316:2211,0.0,0.0,3.68,9.66,0.0
20230316:2311,0.0,0.0,3.99,9.03,0.0
20230317:0011,0.0,0.0,4.41,8.21,0.0
20230317:0111,0.0,0.0,4.82,7.59,0.0
20230317:0211,0.0,0.0,5.16,7.03,0.0
20230317:0311,0.0,0.0,5.32,7.1,0.0
20230317:0411,0.0,0.0,5.49,6.76,0.0
20230317:0511,0.0,0.0,5.62,6.55,0.0
20230317:0611,3.0,2.14,5.66,6.28,0.0
20230317:0711,81.0,9.62,5.72,5.93,0.0
20230317:0811,142.0,16.51,6.03,5.66,0.0
20230317:0911,40.0,22.37,6.27,5.45,0.0
20230317:1011,65.0,26.71,6.79,5.66,0.0
20230317:1111,58.0,29.11,6.91,5.66,0.0
20230317:1211,69.0,29.28,7.43,5.52,0.0
20230317:1311,49.0,27.18,7.41,5.31,0.0
20230317:1411,42.0,23.08,7.34,5.17,0.0
20230317:1511,49.0,17.41,7.2,4.83,0.0
20230317:1611,57.0,10.64,7.02,4.48,0.0
20230317:1711,8.0,3.22,6.81,4.0,0.0
20230317:1811,0.0,0.0,6.55,3.45,0.0
20230317:1911,0.0,0.0,6.22,2.97,0.0
20230317:2011,0.0,0.0,5.96,2.48,0.0
20230317:2111,0.0,0.0,5.77,2.14,0.0
20230317:2211,0.0,0.0,5.6,1.79,0.0
20230317:2311,0.0,0.0,5.35,1.17,0.0
20230318:0011,0.0,0.0,5.02,0.34,0.0
20230318:0111,0.0,0.0,5.25,0.21,0.0
20230318:0211,0.0,0.0,5.02,0.14,0.0
20230318:0311,0.0,0.0,4.8,0.07,0.0
20230318:0411,0.0,0.0,4.47,0.21,0.0
20230318:0511,0.0,0.0,4.11,1.1,0.0
20230318:0611,3.0,2.52,3.59,1.38,0.0
20230318:0711,74.0,10.01,3.52,1.31,0.0
20230318:0811,207.0,16.9,4.22,1.17,0.0
20230318:0911,336.01,22.76,4.94,0.76,0.0
20230318:1011,332.01,27.12,5.97,0.41,0.0
20230318:1111,388.01,29.51,6.87,1.1,0.0
20230318:1211,501.01,29.67,7.51,1.45,0.0
20230318:1311,443.01,27.55,8.1,1.52,0.0
20230318:1411,375.01,23.43,8.57,1.79,0.0
20230318:1511,268.01,17.74,8.39,2.0,0.0
20230318:1611,48.0,10.96,7.64,1.86,0.0
20230318:1711,10.0,3.52,6.52,1.66,0.0
20230318:1811,0.0,0.0,5.61,1.45,0.0
20230318:1911,0.0,0.0,4.95,1.86,0.0
20230318:2011,0.0,0.0,4.63,2.21,0.0
20230318:2111,0.0,0.0,4.48,2.34,0.0
20230318:2211,0.0,0.0,4.94,2.69,0.0
20230318:2311,0.0,0.0,5.27,2.76,0.0
20230319:0011,0.0,0.0,5.26,2.83,0.0
20230319:0111,0.0,0.0,5.25,2.83,0.0
20230319:0211,0.0,0.0,5.18,3.17,0.0
20230319:0311,0.0,0.0,5.27,3.59,0.0
20230319:0411,0.0,0.0,5.49,4.07,0.0
20230319:0511,0.0,0.0,5.69,4.34,0.0
20230319:0611,4.0,2.9,5.57,4.55,0.0
20230319:0711,98.0,10.39,5.81,4.83,0.0
20230319:0811,111.0,17.29,6.31,4.9,0.0
20230319:0911,105.0,23.16,6.76,4.83,0.0
20230319:1011,77.0,27.52,7.03,4.62,0.0
20230319:1111,77.0,29.92,7.38,4.34,0.0
20230319:1211,50.0,30.06,7.6,4.28,0.0
20230319:1311,94.0,27.92,7.41,4.21,0.0
20230319:1411,84.0,23.78,7.54,4.14,0.0
20230319:1511,54.0,18.07,7.03,4.0,0.0
20230319:1611,22.0,11.27,6.59,3.93,0.0
20230319:1711,5.0,3.83,6.43,3.59,0.0
20230319:1811,0.0,0.0,6.13,3.24,0.0
20230319:1911,0.0,0.0,5.94,2.83,0.0
20230319:2011,0.0,0.0,5.79,2.69,0.0
20230319:2111,0.0,0.0,5.68,2.41,0.0
20230319:2211,0.0,0.0,5.73,1.52,0.0
20230319:2311,0.0,0.0,5.52,1.17,0.0
20230320:0011,0.0,0.0,5.29,1.66,0.0
20230320:0111,0.0,0.0,5.01,2.97,0.0
20230320:0211,0.0,0.0,4.6,3.52,0.0
20230320:0311,0.0,0.0,4.3,3.59,0.0
20230320:0411,0.0,0.0,4.06,2.97,0.0
20230320:0511,0.0,0.0,3.85,2.41,0.0
20230320:0611,12.0,3.28,3.89,2.14,0.0
20230320:0711,88.0,10.77,4.19,1.79,0.0
20230320:0811,142.0,17.68,4.68,2.14,0.0
20230320:0911,347.01,23.56,5.25,2.34,0.0
20230320:1011,471.01,27.92,6.33,2.83,0.0
20230320:1111,520.01,30.32,6.97,3.03,0.0
20230320:1211,509.01,30.45,7.22,3.45,0.0
20230320:1311,439.01,28.29,7.44,3.66,0.0
20230320:1411,246.0,24.13,7.6,3.72,0.0
20230320:1511,271.01,18.4,7.51,3.31,0.0
20230320:1611,78.0,11.58,7.13,3.17,0.0
20230320:1711,16.0,4.13,6.12,2.55,0.0
20230320:1811,0.0,0.0,4.74,2.62,0.0
20230320:1911,0.0,0.0,3.59,2.28,0.0
20230320:2011,0.0,0.0,3.93,1.66,0.0
20230320:2111,0.0,0.0,3.35,1.03,0.0
20230320:2211,0.0,0.0,2.77,2.14,0.0
20230320:2311,0.0,0.0,1.51,1.66,0.0
20230321:0011,0.0,0.0,0.95,1.52,0.0
20230321:0111,0.0,0.0,0.66,1.31,0.0
20230321:0211,0.0,0.0,0.73,1.66,0.0
20230321:0311,0.0,0.0,0.77,2.0,0.0
20230321:0411,0.0,0.0,1.1,2.34,0.0
20230321:0511,0.0,0.0,1.29,2.41,0.0
20230321:0611,4.0,3.66,1.69,2.41,0.0
20230321:0711,0.0,0.0,2.19,2.76,0.0
20230321:0811,0.0,0.0,3.08,3.1,0.0
20230321:0911,136.0,23.96,3.68,3.38,0.0
20230321:1011,159.0,28.32,4.56,3.31,0.0
20230321:1111,96.0,30.72,4.62,4.07,0.0
20230321:1211,137.0,30.83,4.56,4.69,0.0
20230321:1311,174.0,28.66,4.63,4.97,0.0
20230321:1411,127.0,24.48,4.82,5.03,0.0
20230321:1511,64.0,18.72,4.87,5.17,0.0
20230321:1611,44.0,11.89,5.0,5.24,0.0
20230321:1711,5.0,4.43,5.1,5.59,0.0
20230321:1811,0.0,0.0,5.07,5.59,0.0
20230321:1911,0.0,0.0,5.12,5.24,0.0
20230321:2011,0.0,0.0,5.12,4.83,0.0
20230321:2111,0.0,0.0,5.02,4.55,0.0
20230321:2211,0.0,0.0,5.35,4.62,0.0
20230321:2311,0.0,0.0,5.41,4.41,0.0
20230322:0011,0.0,0.0,5.44,4.41,0.0
20230322:0111,0.0,0.0,5.64,4.62,0.0
20230322:0211,0.0,0.0,5.81,4.69,0.0
20230322:0311,0.0,0.0,5.94,5.03,0.0
20230322:0411,0.0,0.0,5.99,5.24,0.0
20230322:0511,0.0,0.0,5.96,5.45,0.0
20230322:0611,4.0,4.04,6.17,5.59,0.0
20230322:0711,0.0,0.0,6.31,5.52,0.0
20230322:0811,47.0,18.46,6.49,5.66,0.0
20230322:0911,69.0,24.35,6.72,6.28,0.0
20230322:1011,107.0,28.73,6.78,7.17,0.0
20230322:1111,99.0,31.12,6.77,7.03,0.0
20230322:1211,80.0,31.22,6.67,7.1,0.0
20230322:1311,151.0,29.03,6.93,6.48,0.0
20230322:1411,156.0,24.82,7.48,6.34,0.0
20230322:1511,207.0,19.05,7.81,6.07,0.0
20230322:1611,85.0,12.2,7.46,6.34,0.0
20230322:1711,20.0,4.73,7.17,6.76,0.0
20230322:1811,0.0,0.0,7.01,7.24,0.0
20230322:1911,0.0,0.0,6.97,7.31,0.0
20230322:2011,0.0,0.0,6.83,6.69,0.0
20230322:2111,0.0,0.0,6.76,6.07,0.0
20230322:2211,0.0,0.0,6.66,6.07,0.0
20230322:2311,0.0,0.0,6.76,5.24,0.0
20230323:0011,0.0,0.0,6.84,4.83,0.0
20230323:0111,0.0,0.0,6.78,5.03,0.0
20230323:0211,0.0,0.0,6.4,4.48,0.0
20230323:0311,0.0,0.0,6.11,4.34,0.0
20230323:0411,0.0,0.0,5.39,4.41,0.0
20230323:0511,0.0,0.0,4.93,4.48,0.0
20230323:0611,18.83,4.42,4.95,4.55,0.0
20230323:0711,150.0,11.92,5.67,4.55,0.0
20230323:0811,156.0,18.85,6.53,4.21,0.0
20230323:0911,89.0,24.75,7.18,4.76,0.0
20230323:1011,73.0,29.13,6.59,5.66,0.0
20230323:1111,88.0,31.52,6.26,5.59,0.0
20230323:1211,71.0,31.61,6.68,5.79,0.0
20230323:1311,103.0,29.4,7.43,6.76,0.0
20230323:1411,73.0,25.17,7.41,6.48,0.0
20230323:1511,45.0,19.37,7.15,6.62,0.0
20230323:1611,62.0,12.51,6.68,6.21,0.0
20230323:1711,9.0,5.03,6.56,5.93,0.0
20230323:1811,0.0,0.0,6.08,5.1,0.0
20230323:1911,0.0,0.0,5.95,4.55,0.0
20230323:2011,0.0,0.0,5.7,4.28,0.0
20230323:2111,0.0,0.0,5.48,4.21,0.0
20230323:2211,0.0,0.0,5.91,4.62,0.0
20230323:2311,0.0,0.0,5.99,4.62,0.0
20230324:0011,0.0,0.0,6.03,4.48,0.0
20230324:0111,0.0,0.0,5.87,3.93,0.0
20230324:0211,0.0,0.0,5.69,3.38,0.0
20230324:0311,0.0,0.0,5.64,3.17,0.0
20230324:0411,0.0,0.0,5.02,2.76,0.0
20230324:0511,0.0,0.0,4.49,2.55,0.0
20230324:0611,4.0,4.8,4.15,2.48,0.0
20230324:0711,26.0,12.3,4.68,2.34,0.0
20230324:0811,49.0,19.24,5.84,1.72,0.0
20230324:0911,76.0,25.15,6.82,1.24,0.0
20230324:1011,134.0,29.53,6.54,0.48,0.0
20230324:1111,154.0,31.92,7.09,0.9,0.0
20230324:1211,163.0,32.0,7.24,2.14,0.0
20230324:1311,164.0,29.77,6.49,3.24,0.0
20230324:1411,167.0,25.51,6.37,3.17,0.0
20230324:1511,120.0,19.69,6.19,3.17,0.0
20230324:1611,20.0,12.81,6.11,3.1,0.0
20230324:1711,5.0,5.33,5.67,2.9,0.0
20230324:1811,0.0,0.0,5.32,2.62,0.0
20230324:1911,0.0,0.0,5.1,2.34,0.0
20230324:2011,0.0,0.0,4.91,2.34,0.0
20230324:2111,0.0,0.0,4.78,2.21,0.0
20230324:2211,0.0,0.0,4.62,2.0,0.0
20230324:2311,0.0,0.0,4.72,1.45,0.0
20230325:0011,0.0,0.0,4.75,1.17,0.0
20230325:0111,0.0,0.0,4.61,1.24,0.0
20230325:0211,0.0,0.0,4.44,1.38,0.0
20230325:0311,0.0,0.0,4.48,1.1,0.0
20230325:0411,0.0,0.0,4.42,0.62,0.0
20230325:0511,0.0,0.0,4.28,0.41,0.0
20230325:0611,10.0,5.17,4.3,0.28,0.0
20230325:0711,109.0,12.69,4.47,0.55,0.0
20230325:0811,140.0,19.63,4.72,0.97,0.0
20230325:0911,188.0,25.54,5.37,1.17,0.0
20230325:1011,205.0,29.93,6.43,1.86,0.0
20230325:1111,203.0,32.32,7.38,1.72,0.0
20230325:1211,137.0,32.39,7.25,1.66,0.0
20230325:1311,156.0,30.13,7.35,1.93,0.0
20230325:1411,132.0,25.85,6.83,2.41,0.0
20230325:1511,144.0,20.01,6.57,2.97,0.0
20230325:1611,86.0,13.12,5.85,3.31,0.0
20230325:1711,9.0,5.63,5.52,3.24,0.0
20230325:1811,0.0,0.0,4.63,3.66,0.0
20230325:1911,0.0,0.0,4.52,3.45,0.0
20230325:2011,0.0,0.0,3.86,3.38,0.0
20230325:2111,0.0,0.0,3.53,3.45,0.0
20230325:2211,0.0,0.0,3.47,3.93,0.0
20230325:2311,0.0,0.0,3.22,4.14,0.0
20230326:0011,0.0,0.0,2.97,4.34,0.0
20230326:0111,0.0,0.0,2.65,4.28,0.0
20230326:0211,0.0,0.0,2.34,4.28,0.0
20230326:0311,0.0,0.0,2.18,4.48,0.0
20230326:0411,0.0,0.0,1.74,4.76,0.0
20230326:0511,0.0,0.0,1.55,5.03,0.0
20230326:0611,56.67,5.55,1.18,5.38,0.0
20230326:0711,202.0,13.07,1.69,5.72,0.0
20230326:0811,336.01,20.02,2.6,5.72,0.0
20230326:0911,452.01,25.94,3.19,6.21,0.0
20230326:1011,521.01,30.33,3.84,5.86,0.0
20230326:1111,564.01,32.71,4.34,6.14,0.0
20230326:1211,582.02,32.77,4.43,6.0,0.0
20230326:1311,539.01,30.5,4.39,5.79,0.0
20230326:1411,457.01,26.2,4.33,5.72,0.0
20230326:1511,71.0,20.34,3.9,5.72,0.0
20230326:1611,201.0,13.42,3.52,5.72,0.0
20230326:1711,30.0,5.93,2.82,5.17,0.0
20230326:1811,0.0,0.0,1.83,4.62,0.0
20230326:1911,0.0,0.0,1.09,4.34,0.0
20230326:2011,0.0,0.0,0.54,4.14,0.0
20230326:2111,0.0,0.0,0.32,4.14,0.0
20230326:2211,0.0,0.0,-0.07,2.97,0.0
20230326:2311,0.0,0.0,-0.07,3.03,0.0
20230327:0011,0.0,0.0,-0.22,2.9,0.0
20230327:0111,0.0,0.0,-0.27,2.83,0.0
20230327:0211,0.0,0.0,-0.53,3.1,0.0
20230327:0311,0.0,0.0,-0.23,3.79,0.0
20230327:0411,0.0,0.0,-0.01,3.72,0.0
20230327:0511,0.0,0.0,0.38,3.52,0.0
20230327:0611,59.0,5.93,0.54,4.07,0.0
20230327:0711,34.0,13.45,0.71,4.69,0.0
20230327:0811,284.0,20.41,1.37,5.38,0.0
20230327:0911,339.0,26.34,2.31,5.93,0.0
20230327:1011,482.01,30.73,3.4,4.62,0.0
20230327:1111,559.01,33.11,3.85,4.55,0.0
20230327:1211,538.01,33.16,4.45,4.69,0.0
20230327:1311,510.01,30.86,5.02,5.52,0.0
20230327:1411,445.01,26.54,5.17,6.07,0.0
20230327:1511,347.01,20.65,4.83,6.14,0.0
20230327:1611,213.0,13.73,4.68,5.59,0.0
20230327:1711,29.0,6.22,4.01,4.41,0.0
20230327:1811,0.0,0.0,2.62,3.79,0.0
20230327:1911,0.0,0.0,1.42,3.66,0.0
20230327:2011,0.0,0.0,0.75,3.38,0.0
20230327:2111,0.0,0.0,1.01,2.14,0.0
20230327:2211,0.0,0.0,0.71,1.24,0.0
20230327:2311,0.0,0.0,0.22,0.83,0.0
20230328:0011,0.0,0.0,-0.79,1.1,0.0
20230328:0111,0.0,0.0,-0.9,1.24,0.0
20230328:0211,0.0,0.0,-0.79,1.45,0.0
20230328:0311,0.0,0.0,-0.61,1.59,0.0
20230328:0411,0.0,0.0,-0.54,2.07,0.0
20230328:0511,0.0,0.0,-0.78,2.55,0.0
20230328:0611,24.0,6.31,-0.73,3.24,0.0
20230328:0711,136.0,13.83,-0.28,4.21,0.0
20230328:0811,134.0,20.79,0.84,4.83,0.0
20230328:0911,119.0,26.73,1.83,5.59,0.0
20230328:1011,127.0,31.13,2.63,5.93,0.0
20230328:1111,234.0,33.51,3.51,6.21,0.0
20230328:1211,198.0,33.54,4.17,6.48,0.0
20230328:1311,65.0,31.23,3.8,6.21,0.0
20230328:1411,46.0,26.88,3.31,5.59,0.0
20230328:1511,69.0,20.97,2.74,5.1,0.0
20230328:1611,72.0,14.03,2.72,4.34,0.0
20230328:1711,33.0,6.52,3.05,3.24,0.0
20230328:1811,0.0,0.0,2.74,1.72,0.0
20230328:1911,0.0,0.0,2.46,1.72,0.0
20230328:2011,0.0,0.0,2.19,1.66,0.0
20230328:2111,0.0,0.0,1.87,1.72,0.0
20230328:2211,0.0,0.0,0.77,2.21,0.0
20230328:2311,0.0,0.0,0.76,2.14,0.0
20230329:0011,0.0,0.0,0.87,2.0,0.0
20230329:0111,0.0,0.0,0.66,2.0,0.0
20230329:0211,0.0,0.0,0.53,1.93,0.0
20230329:0311,0.0,0.0,0.3,1.93,0.0
20230329:0411,0.0,0.0,0.12,2.0,0.0
20230329:0511,0.0,0.0,-0.05,1.79,0.0
20230329:0611,62.0,6.68,0.15,1.86,0.0
20230329:0711,187.0,14.21,0.62,2.0,0.0
20230329:0811,305.01,21.18,2.98,1.72,0.0
20230329:0911,437.01,27.12,4.61,1.52,0.0
20230329:1011,436.01,31.53,5.71,1.93,0.0
20230329:1111,352.0,33.9,6.4,2.14,0.0
20230329:1211,150.0,33.92,7.07,2.9,0.0
20230329:1311,153.0,31.59,6.97,3.59,0.0
20230329:1411,135.0,27.21,7.14,3.52,0.0
20230329:1511,120.0,21.29,6.67,3.59,0.0
20230329:1611,115.0,14.33,6.3,3.38,0.0
20230329:1711,43.0,6.81,5.8,3.45,0.0
20230329:1811,0.0,0.0,5.34,3.59,0.0
20230329:1911,0.0,0.0,4.84,3.72,0.0
20230329:2011,0.0,0.0,4.31,4.0,0.0
20230329:2111,0.0,0.0,3.83,4.34,0.0
20230329:2211,0.0,0.0,3.43,4.9,0.0
20230329:2311,0.0,0.0,3.25,4.83,0.0
20230330:0011,0.0,0.0,3.11,4.97,0.0
20230330:0111,0.0,0.0,3.02,5.52,0.0
20230330:0211,0.0,0.0,2.99,5.72,0.0
20230330:0311,0.0,0.0,2.74,5.66,0.0
20230330:0411,0.0,0.0,2.59,5.86,0.0
20230330:0511,0.0,0.0,2.54,6.14,0.0
20230330:0611,8.0,7.06,2.59,6.28,0.0
20230330:0711,46.0,14.59,2.69,6.41,0.0
20230330:0811,50.0,21.56,3.0,6.21,0.0
20230330:0911,187.0,27.52,3.26,5.72,0.0
20230330:1011,138.0,31.93,3.44,4.83,0.0
20230330:1111,182.0,34.3,3.82,4.07,0.0
20230330:1211,201.0,34.31,4.15,3.52,0.0
20230330:1311,153.0,31.95,4.49,2.76,0.0
20230330:1411,90.0,27.55,4.76,2.55,0.0
20230330:1511,86.0,21.61,4.64,2.07,0.0
20230330:1611,71.0,14.64,4.33,1.79,0.0
20230330:1711,33.0,7.11,4.08,1.72,0.0
20230330:1811,0.0,0.0,3.73,1.72,0.0
20230330:1911,0.0,0.0,3.36,1.59,0.0
20230330:2011,0.0,0.0,3.11,1.59,0.0
20230330:2111,0.0,0.0,3.15,1.52,0.0
20230330:2211,0.0,0.0,2.56,1.17,0.0
20230330:2311,0.0,0.0,2.51,1.45,0.0
20230331:0011,0.0,0.0,2.45,1.31,0.0
20230331:0111,0.0,0.0,2.47,1.24,0.0
20230331:0211,0.0,0.0,2.39,1.31,0.0
20230331:0311,0.0,0.0,2.4,1.24,0.0
20230331:0411,0.0,0.0,2.45,1.45,0.0
20230331:0511,0.0,0.0,2.54,1.72,0.0
20230331:0611,8.0,7.43,2.72,1.45,0.0
20230331:0711,77.0,14.96,3.19,1.52,0.0
20230331:0811,157.0,21.95,3.71,1.59,0.0
20230331:0911,267.0,27.91,4.81,1.86,0.0
20230331:1011,193.0,32.32,6.79,1.86,0.0
20230331:1111,189.0,34.69,7.32,2.41,0.0
20230331:1211,174.0,34.69,7.63,3.1,0.0
20230331:1311,334.0,32.31,7.91,3.38,0.0
20230331:1411,377.01,27.89,7.94,3.17,0.0
20230331:1511,246.0,21.92,7.65,2.97,0.0
20230331:1611,161.0,14.94,7.2,2.69,0.0
20230331:1711,46.0,7.4,6.78,2.48,0.0
20230331:1811,0.0,0.0,5.9,2.0,0.0
20230331:1911,0.0,0.0,5.05,2.28,0.0
20230331:2011,0.0,0.0,4.38,2.48,0.0
20230331:2111,0.0,0.0,3.9,2.55,0.0
20230331:2211,0.0,0.0,3.76,2.9,0.0
20230331:2311,0.0,0.0,3.27,2.62,0.0
20230401:0011,0.0,0.0,2.65,2.69,0.0
20230401:0111,0.0,0.0,2.09,2.83,0.0
20230401:0211,0.0,0.0,1.58,2.69,0.0
20230401:0311,0.0,0.0,0.97,2.62,0.0
20230401:0411,0.0,0.0,0.53,2.41,0.0
20230401:0511,0.0,0.0,0.12,2.14,0.0
20230401:0611,103.0,7.8,0.15,1.93,0.0
20230401:0711,235.0,15.34,1.65,1.93,0.0
20230401:0811,377.01,22.33,3.68,1.86,0.0
20230401:0911,492.01,28.3,5.11,2.0,0.0
20230401:1011,575.01,32.72,6.32,1.72,0.0
20230401:1111,616.01,35.08,7.16,1.52,0.0
20230401:1211,618.01,35.07,7.86,1.45,0.0
20230401:1311,574.01,32.67,8.21,1.45,0.0
20230401:1411,490.01,28.22,8.56,1.66,0.0
20230401:1511,375.01,22.23,8.65,2.14,0.0
20230401:1611,235.0,15.23,8.01,2.69,0.0
20230401:1711,37.0,7.69,7.02,2.83,0.0
20230401:1811,0.0,0.0,5.79,3.38,0.0
20230401:1911,0.0,0.0,4.52,3.1,0.0
20230401:2011,0.0,0.0,3.44,2.41,0.0
20230401:2111,0.0,0.0,1.43,1.72,0.0
20230401:2211,0.0,0.0,1.17,1.38,0.0
20230401:2311,0.0,0.0,0.65,1.03,0.0
20230402:0011,0.0,0.0,0.04,1.24,0.0
20230402:0111,0.0,0.0,-0.19,1.52,0.0
20230402:0211,0.0,0.0,-0.26,1.72,0.0
20230402:0311,0.0,0.0,-0.64,1.59,0.0
20230402:0411,0.0,0.0,-0.86,1.45,0.0
20230402:0511,0.0,0.0,-0.89,1.31,0.0
20230402:0611,102.0,8.18,-0.56,1.38,0.0
20230402:0711,234.0,15.71,1.28,1.31,0.0
20230402:0811,297.0,22.71,3.26,1.17,0.0
20230402:0911,305.0,28.68,4.58,1.17,0.0
20230402:1011,323.0,33.11,6.02,1.1,0.0
20230402:1111,351.0,35.47,6.86,1.17,0.0
20230402:1211,309.0,35.44,7.28,1.59,0.0
20230402:1311,295.0,33.02,7.67,2.07,0.0
20230402:1411,252.0,28.55,7.69,2.21,0.0
20230402:1511,198.0,22.54,7.37,2.28,0.0
20230402:1611,139.0,15.53,7.09,2.21,0.0
20230402:1711,51.0,7.98,6.81,1.72,0.0
20230402:1811,0.0,0.0,6.06,1.17,0.0
20230402:1911,0.0,0.0,5.67,0.55,0.0
20230402:2011,0.0,0.0,4.11,0.62,0.0
20230402:2111,0.0,0.0,2.98,1.24,0.0
20230402:2211,0.0,0.0,3.04,1.38,0.0
20230402:2311,0.0,0.0,2.8,1.31,0.0
20230403:0011,0.0,0.0,2.43,1.31,0.0
20230403:0111,0.0,0.0,2.16,1.31,0.0
20230403:0211,0.0,0.0,1.88,1.17,0.0
20230403:0311,0.0,0.0,1.48,1.03,0.0
20230403:0411,0.0,0.0,1.22,1.1,0.0
20230403:0511,0.0,0.0,1.35,1.38,0.0
20230403:0611,45.0,8.54,1.86,1.59,0.0
20230403:0711,108.0,16.09,2.83,1.72,0.0
20230403:0811,270.0,23.09,4.36,1.59,0.0
20230403:0911,444.01,29.07,5.06,1.66,0.0
20230403:1011,478.01,33.5,6.26,2.07,0.0
20230403:1111,477.01,35.86,6.53,2.41,0.0
20230403:1211,548.01,35.82,6.89,2.69,0.0
20230403:1311,536.01,33.38,7.01,2.62,0.0
20230403:1411,428.01,28.88,6.89,2.34,0.0
20230403:1511,366.01,22.85,6.74,2.14,0.0
20230403:1611,227.0,15.83,6.57,1.93,0.0
20230403:1711,45.0,8.27,6.33,1.38,0.0
20230403:1811,0.0,0.0,5.11,1.24,0.0
20230403:1911,0.0,0.0,4.92,1.1,0.0
20230403:2011,0.0,0.0,4.18,1.1,0.0
20230403:2111,0.0,0.0,3.28,1.45,0.0
20230403:2211,0.0,0.0,2.27,1.52,0.0
20230403:2311,0.0,0.0,1.63,1.45,0.0
20230404:0011,0.0,0.0,1.07,1.24,0.0
20230404:0111,0.0,0.0,0.71,1.24,0.0
20230404:0211,0.0,0.0,0.32,1.38,0.0
20230404:0311,0.0,0.0,0.26,1.45,0.0
20230404:0411,0.0,0.0,0.19,1.52,0.0
20230404:0511,0.0,0.0,-0.01,1.59,0.0
20230404:0611,110.0,8.91,0.59,1.66,0.0
20230404:0711,242.0,16.46,2.13,1.31,0.0
20230404:0811,383.01,23.47,3.66,1.1,0.0
20230404:0911,489.01,29.46,5.3,1.31,0.0
20230404:1011,568.01,33.89,6.5,2.0,0.0
20230404:1111,609.01,36.25,7.31,2.28,0.0
20230404:1211,605.01,36.19,7.75,2.55,0.0
20230404:1311,571.01,33.73,8.12,2.9,0.0
20230404:1411,484.01,29.21,8.33,3.17,0.0
20230404:1511,357.01,23.16,7.94,3.38,0.0
20230404:1611,135.0,16.12,7.19,3.1,0.0
20230404:1711,56.0,8.56,6.37,2.69,0.0
20230404:1811,0.0,0.0,5.06,2.14,0.0
20230404:1911,0.0,0.0,3.1,2.07,0.0
20230404:2011,0.0,0.0,3.24,2.14,0.0
20230404:2111,0.0,0.0,2.35,2.0,0.0
20230404:2211,0.0,0.0,1.58,2.21,0.0
20230404:2311,0.0,0.0,0.89,2.34,0.0
20230405:0011,0.0,0.0,0.79,2.21,0.0
20230405:0111,0.0,0.0,0.71,2.41,0.0
20230405:0211,0.0,0.0,0.51,2.76,0.0
20230405:0311,0.0,0.0,0.37,2.9,0.0
20230405:0411,0.0,0.0,0.12,2.9,0.0
20230405:0511,0.0,0.0,0.16,2.76,0.0
20230405:0611,100.0,9.28,0.75,2.97,0.0
20230405:0711,233.0,16.83,2.35,3.1,0.0
20230405:0811,382.01,23.84,4.66,3.38,0.0
20230405:0911,489.01,29.84,6.21,4.69,0.0
20230405:1011,570.01,34.28,7.71,4.9,0.0
20230405:1111,613.01,36.64,8.5,5.03,0.0
20230405:1211,612.01,36.57,8.93,5.1,0.0
20230405:1311,575.01,34.08,9.16,5.1,0.0
20230405:1411,488.01,29.54,9.15,5.17,0.0
20230405:1511,375.01,23.47,8.59,4.9,0.0
20230405:1611,242.0,16.41,8.08,4.28,0.0
20230405:1711,44.0,8.85,7.19,3.52,0.0
20230405:1811,0.0,0.0,5.36,3.1,0.0
20230405:1911,0.0,0.0,3.86,2.9,0.0
20230405:2011,0.0,0.0,3.29,2.48,0.0
20230405:2111,0.0,0.0,2.12,2.21,0.0
20230405:2211,0.0,0.0,1.65,2.34,0.0
20230405:2311,0.0,0.0,1.44,2.21,0.0
20230406:0011,0.0,0.0,1.24,2.07,0.0
20230406:0111,0.0,0.0,0.87,2.28,0.0
20230406:0211,0.0,0.0,0.59,2.34,0.0
20230406:0311,0.0,0.0,0.56,2.41,0.0
20230406:0411,0.0,0.0,0.78,2.76,0.0
20230406:0511,1.0,1.98,1.14,3.17,0.0
20230406:0611,52.0,9.64,2.22,3.52,0.0
20230406:0711,86.0,17.19,3.33,4.0,0.0
20230406:0811,156.0,24.21,4.24,4.76,0.0
20230406:0911,152.0,30.22,4.3,5.66,0.0
20230406:1011,107.0,34.67,4.93,5.66,0.0
20230406:1111,320.0,37.02,5.23,5.17,0.0
20230406:1211,197.0,36.94,5.66,4.69,0.0
20230406:1311,196.0,34.43,6.37,4.28,0.0
20230406:1411,165.0,29.87,6.45,4.48,0.0
20230406:1511,216.0,23.78,6.19,4.48,0.0
20230406:1611,156.0,16.71,5.96,4.28,0.0
20230406:1711,61.0,9.14,5.73,3.66,0.0
20230406:1811,0.0,0.0,4.97,2.9,0.0
20230406:1911,0.0,0.0,4.14,2.97,0.0
20230406:2011,0.0,0.0,3.69,3.24,0.0
20230406:2111,0.0,0.0,3.1,3.59,0.0
20230406:2211,0.0,0.0,2.56,3.59,0.0
20230406:2311,0.0,0.0,2.15,3.72,0.0
20230407:0011,0.0,0.0,1.78,3.86,0.0
20230407:0111,0.0,0.0,1.73,3.86,0.0
20230407:0211,0.0,0.0,1.78,3.79,0.0
20230407:0311,0.0,0.0,1.83,3.86,0.0
20230407:0411,0.0,0.0,1.92,3.86,0.0
20230407:0511,4.0,2.34,2.0,3.93,0.0
20230407:0611,84.0,10.0,2.67,4.0,0.0
20230407:0711,218.0,17.56,4.21,3.86,0.0
20230407:0811,265.0,24.58,5.79,4.0,0.0
20230407:0911,440.01,30.6,7.14,4.41,0.0
20230407:1011,535.01,35.05,8.16,3.79,0.0
20230407:1111,612.01,37.4,8.53,3.72,0.0
20230407:1211,601.01,37.31,9.03,3.38,0.0
20230407:1311,502.01,34.78,8.98,2.83,0.0
20230407:1411,470.01,30.19,8.93,2.28,0.0
20230407:1511,371.01,24.08,9.02,1.79,0.0
20230407:1611,258.0,17.0,9.0,1.1,0.0
20230407:1711,45.0,9.42,8.53,0.28,0.0
20230407:1811,2.0,1.77,6.88,0.07,0.0
20230407:1911,0.0,0.0,4.95,0.34,0.0
20230407:2011,0.0,0.0,4.01,0.76,0.0
20230407:2111,0.0,0.0,3.1,1.03,0.0
20230407:2211,0.0,0.0,2.69,1.45,0.0
20230407:2311,0.0,0.0,2.02,1.59,0.0
20230408:0011,0.0,0.0,1.33,1.59,0.0
20230408:0111,0.0,0.0,0.95,1.79,0.0
20230408:0211,0.0,0.0,0.63,2.0,0.0
20230408:0311,0.0,0.0,0.23,2.21,0.0
20230408:0411,0.0,0.0,0.15,2.41,0.0
20230408:0511,6.0,2.7,-0.11,2.55,0.0
20230408:0611,134.0,10.36,0.72,2.69,0.0
20230408:0711,195.0,17.92,2.53,2.48,0.0
20230408:0811,293.0,24.95,4.81,2.07,0.0
20230408:0911,310.0,30.98,6.97,1.86,0.0
20230408:1011,511.01,35.43,9.0,1.93,0.0
20230408:1111,598.01,37.78,10.21,1.66,0.0
20230408:1211,554.01,37.67,11.15,1.38,0.0
20230408:1311,564.01,35.12,11.38,1.24,0.0
20230408:1411,499.01,30.51,11.47,1.17,0.0
20230408:1511,392.01,24.38,11.53,1.03,0.0
20230408:1611,255.0,17.29,10.97,0.97,0.0
20230408:1711,54.0,9.7,10.04,1.17,0.0
20230408:1811,1.0,2.05,8.68,1.45,0.0
20230408:1911,0.0,0.0,7.84,1.52,0.0
20230408:2011,0.0,0.0,7.2,1.59,0.0
20230408:2111,0.0,0.0,6.39,1.52,0.0
20230408:2211,0.0,0.0,6.55,1.59,0.0
20230408:2311,0.0,0.0,5.76,1.93,0.0
20230409:0011,0.0,0.0,5.24,2.0,0.0
20230409:0111,0.0,0.0,5.16,2.07,0.0
20230409:0211,0.0,0.0,5.03,2.14,0.0
20230409:0311,0.0,0.0,4.67,2.34,0.0
20230409:0411,0.0,0.0,4.75,2.28,0.0
20230409:0511,4.0,3.06,4.91,2.41,0.0
20230409:0611,27.0,10.72,5.46,2.48,0.0
20230409:0711,44.0,18.28,6.48,2.34,0.0
20230409:0811,77.0,25.32,7.33,2.28,0.0
20230409:0911,91.0,31.35,8.52,2.21,0.0
20230409:1011,82.0,35.81,8.8,2.69,0.0
20230409:1111,110.0,38.16,8.33,3.38,0.0
20230409:1211,147.0,38.04,8.49,3.72,0.0
20230409:1311,130.0,35.47,7.93,3.59,0.0
20230409:1411,194.0,30.83,7.74,3.66,0.0
20230409:1511,127.0,24.68,7.56,3.52,0.0
20230409:1611,137.0,17.57,7.49,3.66,0.0
20230409:1711,36.0,9.99,7.43,3.79,0.0
20230409:1811,1.0,2.34,7.13,3.86,0.0
20230409:1911,0.0,0.0,6.66,4.0,0.0
20230409:2011,0.0,0.0,6.5,3.86,0.0
20230409:2111,0.0,0.0,6.49,4.0,0.0
20230409:2211,0.0,0.0,6.31,3.86,0.0
20230409:2311,0.0,0.0,6.41,4.21,0.0
20230410:0011,0.0,0.0,6.23,4.83,0.0
20230410:0111,0.0,0.0,6.41,5.17,0.0
20230410:0211,0.0,0.0,6.75,5.17,0.0
20230410:0311,0.0,0.0,6.8,5.17,0.0
20230410:0411,0.0,0.0,6.95,5.59,0.0
20230410:0511,4.0,3.42,6.86,5.86,0.0
20230410:0611,14.0,11.07,7.01,6.28,0.0
20230410:0711,40.0,18.64,7.38,6.76,0.0
20230410:0811,124.0,25.68,7.67,6.83,0.0
20230410:0911,211.0,31.72,8.33,6.69,0.0
20230410:1011,346.0,36.19,8.69,7.17,0.0
20230410:1111,319.0,38.53,8.95,7.31,0.0
20230410:1211,231.0,38.4,9.16,7.86,0.0
20230410:1311,199.0,35.81,8.99,8.0,0.0
20230410:1411,207.0,31.15,8.75,7.79,0.0
20230410:1511,73.0,24.98,8.73,7.03,0.0
20230410:1611,82.0,17.86,8.61,7.72,0.0
20230410:1711,39.0,10.27,8.56,7.17,0.0
20230410:1811,2.0,2.62,8.69,6.9,0.0
20230410:1911,0.0,0.0,8.52,6.62,0.0
20230410:2011,0.0,0.0,8.23,6.69,0.0
20230410:2111,0.0,0.0,8.09,6.69,0.0
20230410:2211,0.0,0.0,8.1,6.62,0.0
20230410:2311,0.0,0.0,7.98,6.55,0.0
20230411:0011,0.0,0.0,7.9,6.69,0.0
20230411:0111,0.0,0.0,7.93,7.31,0.0
20230411:0211,0.0,0.0,8.08,7.38,0.0
20230411:0311,0.0,0.0,7.93,6.55,0.0
20230411:0411,0.0,0.0,7.84,5.38,0.0
20230411:0511,15.83,3.77,7.78,4.62,0.0
20230411:0611,77.0,11.43,8.0,4.28,0.0
20230411:0711,101.0,18.99,8.48,4.34,0.0
20230411:0811,113.0,26.04,8.83,4.34,0.0
20230411:0911,77.0,32.09,8.93,6.07,0.0
20230411:1011,75.0,36.56,8.79,5.38,0.0
20230411:1111,184.0,38.91,8.01,4.83,0.0
20230411:1211,156.0,38.76,7.36,4.28,0.0
20230411:1311,155.0,36.15,7.0,4.0,0.0
20230411:1411,139.0,31.47,6.8,3.45,0.0
20230411:1511,109.0,25.28,6.73,3.03,0.0
20230411:1611,29.0,18.14,6.95,2.9,0.0
20230411:1711,26.0,10.55,6.59,2.83,0.0
20230411:1811,2.0,2.9,6.36,2.34,0.0
20230411:1911,0.0,0.0,6.02,1.93,0.0
20230411:2011,0.0,0.0,5.66,2.0,0.0
20230411:2111,0.0,0.0,5.5,2.28,0.0
20230411:2211,0.0,0.0,5.29,2.48,0.0
20230411:2311,0.0,0.0,5.25,2.97,0.0
20230412:0011,0.0,0.0,5.21,3.45,0.0
20230412:0111,0.0,0.0,5.53,3.86,0.0
20230412:0211,0.0,0.0,5.49,4.34,0.0
20230412:0311,0.0,0.0,5.53,4.55,0.0
20230412:0411,0.0,0.0,4.95,4.9,0.0
20230412:0511,6.0,4.12,5.06,5.03,0.0
20230412:0611,37.0,11.78,5.74,5.66,0.0
20230412:0711,59.0,19.34,6.47,7.24,0.0
20230412:0811,102.0,26.4,7.35,7.31,0.0
20230412:0911,208.0,32.46,7.9,7.45,0.0
20230412:1011,218.0,36.94,7.54,6.69,0.0
20230412:1111,243.0,39.28,7.86,7.52,0.0
20230412:1211,427.0,39.12,7.93,7.1,0.0
20230412:1311,345.0,36.49,8.32,6.9,0.0
20230412:1411,321.0,31.78,8.51,6.62,0.0
20230412:1511,252.0,25.57,8.43,6.0,0.0
20230412:1611,161.0,18.42,8.26,5.1,0.0
20230412:1711,75.0,10.82,7.9,6.14,0.0
20230412:1811,6.0,3.18,7.59,5.93,0.0
20230412:1911,0.0,0.0,7.29,5.52,0.0
20230412:2011,0.0,0.0,7.3,5.1,0.0
20230412:2111,0.0,0.0,7.41,4.69,0.0
20230412:2211,0.0,0.0,7.39,3.45,0.0
20230412:2311,0.0,0.0,7.36,2.97,0.0
20230413:0011,0.0,0.0,7.22,2.76,0.0
20230413:0111,0.0,0.0,7.0,2.14,0.0
20230413:0211,0.0,0.0,6.69,1.93,0.0
20230413:0311,0.0,0.0,6.37,2.34,0.0
20230413:0411,0.0,0.0,6.22,2.69,0.0
20230413:0511,23.58,4.47,6.17,2.69,0.0
20230413:0611,29.0,12.12,6.68,2.62,0.0
20230413:0711,104.0,19.69,7.5,2.07,0.0
20230413:0811,234.0,26.76,8.51,1.79,0.0
20230413:0911,163.0,32.82,9.17,1.79,0.0
20230413:1011,132.0,37.31,9.75,1.66,0.0
20230413:1111,57.0,39.65,9.39,4.0,0.0
20230413:1211,273.0,39.47,8.68,3.31,0.0
20230413:1311,369.0,36.82,8.75,3.72,0.0
20230413:1411,499.01,32.09,9.03,4.83,0.0
20230413:1511,225.0,25.86,9.32,5.03,0.0
20230413:1611,147.0,18.71,9.31,3.79,0.0
20230413:1711,71.0,11.1,8.71,3.45,0.0
20230413:1811,3.0,3.46,8.19,3.31,0.0
20230413:1911,0.0,0.0,7.52,3.45,0.0
20230413:2011,0.0,0.0,7.38,3.59,0.0
20230413:2111,0.0,0.0,7.43,3.79,0.0
20230413:2211,0.0,0.0,6.5,4.34,0.0
20230413:2311,0.0,0.0,6.96,4.76,0.0
20230414:0011,0.0,0.0,7.28,5.03,0.0
20230414:0111,0.0,0.0,7.37,5.66,0.0
20230414:0211,0.0,0.0,7.4,5.79,0.0
20230414:0311,0.0,0.0,7.13,5.79,0.0
20230414:0411,0.0,0.0,7.24,6.0,0.0
20230414:0511,19.0,4.81,7.49,6.0,0.0
20230414:0611,144.0,12.46,7.92,6.07,0.0
20230414:0711,119.0,20.04,8.33,5.86,0.0
20230414:0811,266.0,27.11,8.7,6.83,0.0
20230414:0911,206.0,33.18,9.46,7.38,0.0
20230414:1011,336.0,37.67,9.3,6.21,0.0
20230414:1111,561.01,40.01,9.38,6.41,0.0
20230414:1211,432.0,39.83,9.68,6.14,0.0
20230414:1311,222.0,37.15,9.65,6.0,0.0
20230414:1411,328.0,32.4,9.97,5.45,0.0
20230414:1511,127.0,26.16,10.08,4.69,0.0
20230414:1611,147.0,18.98,9.83,4.0,0.0
20230414:1711,53.0,11.37,9.35,3.52,0.0
20230414:1811,5.0,3.74,8.85,2.9,0.0
20230414:1911,0.0,0.0,7.75,2.69,0.0
20230414:2011,0.0,0.0,6.96,2.21,0.0
20230414:2111,0.0,0.0,6.37,2.07,0.0
20230414:2211,0.0,0.0,5.67,1.52,0.0
20230414:2311,0.0,0.0,4.93,1.52,0.0
20230415:0011,0.0,0.0,4.27,1.38,0.0
20230415:0111,0.0,0.0,3.94,1.1,0.0
20230415:0211,0.0,0.0,3.72,1.17,0.0
20230415:0311,0.0,0.0,3.43,1.38,0.0
20230415:0411,0.0,0.0,3.47,1.59,0.0
20230415:0511,25.61,5.15,3.45,1.72,0.0
20230415:0611,73.0,12.81,4.34,2.0,0.0
20230415:0711,114.0,20.38,6.37,2.07,0.0
20230415:0811,124.0,27.46,7.81,2.28,0.0
20230415:0911,247.0,33.54,8.69,2.48,0.0
20230415:1011,331.0,38.04,8.88,2.48,0.0
20230415:1111,409.0,40.37,9.35,2.21,0.0
20230415:1211,238.0,40.18,9.98,2.0,0.0
20230415:1311,138.0,37.48,9.98,1.93,0.0
20230415:1411,103.0,32.71,9.55,1.79,0.0
20230415:1511,179.0,26.44,9.16,1.72,0.0
20230415:1611,211.0,19.26,8.86,1.79,0.0
20230415:1711,72.0,11.65,8.44,1.66,0.0
20230415:1811,13.0,4.02,7.97,1.66,0.0
20230415:1911,0.0,0.0,7.53,1.38,0.0
20230415:2011,0.0,0.0,7.05,1.31,0.0
20230415:2111,0.0,0.0,6.63,1.17,0.0
20230415:2211,0.0,0.0,5.73,1.03,0.0
20230415:2311,0.0,0.0,5.57,0.97,0.0
20230416:0011,0.0,0.0,5.27,0.97,0.0
20230416:0111,0.0,0.0,4.81,1.17,0.0
20230416:0211,0.0,0.0,4.61,1.17,0.0
20230416:0311,0.0,0.0,4.45,1.03,0.0
20230416:0411,0.0,0.0,4.18,1.1,0.0
20230416:0511,20.0,5.49,4.35,1.03,0.0
20230416:0611,126.0,13.14,5.09,0.97,0.0
20230416:0711,161.0,20.72,6.65,0.9,0.0
20230416:0811,247.0,27.81,7.9,1.03,0.0
20230416:0911,380.0,33.89,9.22,0.97,0.0
20230416:1011,516.01,38.4,9.74,0.48,0.0
20230416:1111,636.01,40.73,10.26,1.17,0.0
20230416:1211,518.01,40.53,10.29,2.14,0.0
20230416:1311,389.0,37.81,10.59,2.76,0.0
20230416:1411,164.0,33.01,10.29,3.1,0.0
20230416:1511,169.0,26.73,10.17,2.76,0.0
20230416:1611,161.0,19.54,9.89,2.21,0.0
20230416:1711,82.0,11.92,9.27,1.59,0.0
20230416:1811,11.0,4.29,8.48,0.9,0.0
20230416:1911,0.0,0.0,7.12,0.83,0.0
20230416:2011,0.0,0.0,7.26,0.76,0.0
20230416:2111,0.0,0.0,6.82,0.48,0.0
20230416:2211,0.0,0.0,6.54,0.41,0.0
20230416:2311,0.0,0.0,6.34,0.62,0.0
20230417:0011,0.0,0.0,5.18,0.69,0.0
20230417:0111,0.0,0.0,4.67,1.24,0.0
20230417:0211,0.0,0.0,4.31,1.66,0.0
20230417:0311,0.0,0.0,3.88,1.72,0.0
20230417:0411,0.0,0.0,3.61,1.93,0.0
20230417:0511,36.0,5.83,3.34,2.07,0.0
20230417:0611,189.0,13.48,4.49,1.93,0.0
20230417:0711,320.0,21.06,6.74,1.17,0.0
20230417:0811,453.01,28.15,8.4,0.62,0.0
20230417:0911,560.01,34.24,10.51,0.69,0.0
20230417:1011,642.01,38.75,11.54,0.62,0.0
20230417:1111,691.01,41.09,12.13,1.17,0.0
20230417:1211,677.01,40.87,12.63,1.79,0.0
20230417:1311,605.01,38.14,12.64,2.21,0.0
20230417:1411,345.0,33.32,12.94,2.62,0.0
20230417:1511,333.0,27.02,12.67,2.9,0.0
20230417:1611,270.0,19.81,12.46,2.9,0.0
20230417:1711,85.0,12.19,12.22,2.69,0.0
20230417:1811,6.0,4.57,11.17,2.34,0.0
20230417:1911,0.0,0.0,9.01,2.62,0.0
20230417:2011,0.0,0.0,7.87,2.55,0.0
20230417:2111,0.0,0.0,7.06,2.34,0.0
20230417:2211,0.0,0.0,6.4,2.07,0.0
20230417:2311,0.0,0.0,5.61,1.72,0.0
20230418:0011,0.0,0.0,4.75,1.72,0.0
20230418:0111,0.0,0.0,4.25,2.07,0.0
20230418:0211,0.0,0.0,3.74,2.34,0.0
20230418:0311,0.0,0.0,3.23,2.41,0.0
20230418:0411,0.0,0.0,2.95,2.48,0.0
20230418:0511,21.0,6.16,3.05,2.55,0.0
20230418:0611,159.0,13.81,4.34,2.55,0.0
20230418:0711,287.0,21.39,6.7,2.0,0.0
20230418:0811,450.01,28.49,9.35,1.59,0.0
20230418:0911,555.01,34.59,11.56,1.24,0.0
20230418:1011,639.01,39.11,12.96,0.41,0.0
20230418:1111,687.01,41.44,13.47,0.55,0.0
20230418:1211,662.01,41.21,13.42,0.9,0.0
20230418:1311,619.01,38.46,13.79,1.45,0.0
20230418:1411,533.01,33.62,13.97,2.14,0.0
20230418:1511,431.01,27.3,13.98,2.76,0.0
20230418:1611,281.0,20.08,13.78,3.31,0.0
20230418:1711,60.0,12.46,13.2,3.59,0.0
20230418:1811,22.0,4.84,11.99,3.17,0.0
20230418:1911,0.0,0.0,9.78,3.38,0.0
20230418:2011,0.0,0.0,8.62,3.03,0.0
20230418:2111,0.0,0.0,7.64,2.48,0.0
20230418:2211,0.0,0.0,6.62,2.69,0.0
20230418:2311,0.0,0.0,5.83,2.41,0.0
20230419:0011,0.0,0.0,5.18,2.28,0.0
20230419:0111,0.0,0.0,4.45,2.34,0.0
20230419:0211,0.0,0.0,3.81,2.34,0.0
20230419:0311,0.0,0.0,3.4,2.28,0.0
20230419:0411,0.0,0.0,3.21,2.21,0.0
20230419:0511,71.0,6.48,3.36,2.28,0.0
20230419:0611,205.0,14.13,5.06,2.14,0.0
20230419:0711,341.0,21.72,7.67,1.66,0.0
20230419:0811,470.01,28.82,10.27,1.03,0.0
20230419:0911,575.01,34.94,12.73,1.17,0.0
20230419:1011,651.01,39.46,13.46,1.38,0.0
20230419:1111,701.01,41.79,14.34,2.14,0.0
20230419:1211,695.01,41.55,14.71,2.62,0.0
20230419:1311,649.01,38.78,15.01,3.17,0.0
20230419:1411,568.01,33.92,15.07,3.66,0.0
20230419:1511,453.01,27.58,15.02,4.0,0.0
20230419:1611,319.0,20.35,14.57,4.28,0.0
20230419:1711,56.0,12.72,13.63,4.21,0.0
20230419:1811,25.0,5.11,12.17,3.45,0.0
20230419:1911,0.0,0.0,9.93,3.38,0.0
20230419:2011,0.0,0.0,8.89,2.69,0.0
20230419:2111,0.0,0.0,7.84,2.0,0.0
20230419:2211,0.0,0.0,6.98,1.93,0.0
20230419:2311,0.0,0.0,6.31,2.0,0.0
20230420:0011,0.0,0.0,5.64,2.28,0.0
20230420:0111,0.0,0.0,5.15,2.28,0.0
20230420:0211,0.0,0.0,4.7,2.21,0.0
20230420:0311,0.0,0.0,4.41,2.21,0.0
20230420:0411,0.0,0.0,3.85,2.21,0.0
20230420:0511,76.0,6.81,3.89,2.21,0.0
20230420:0611,211.0,14.45,5.68,2.14,0.0
20230420:0711,346.0,22.04,8.34,1.59,0.0
20230420:0811,476.01,29.16,10.95,1.17,0.0
20230420:0911,577.01,35.28,13.05,1.52,0.0
20230420:1011,652.01,39.81,14.25,1.03,0.0
20230420:1111,693.01,42.14,15.02,0.83,0.0
20230420:1211,692.01,41.89,15.59,1.03,0.0
20230420:1311,647.01,39.09,16.02,1.45,0.0
20230420:1411,564.01,34.21,16.15,2.0,0.0
20230420:1511,452.01,27.86,16.01,2.55,0.0
20230420:1611,318.0,20.62,15.73,3.03,0.0
20230420:1711,58.0,12.99,14.7,3.1,0.0
20230420:1811,27.0,5.38,12.94,2.55,0.0
20230420:1911,0.0,0.0,10.88,2.48,0.0
20230420:2011,0.0,0.0,9.24,1.72,0.0
20230420:2111,0.0,0.0,8.48,0.9,0.0
20230420:2211,0.0,0.0,7.33,1.1,0.0
20230420:2311,0.0,0.0,6.27,1.1,0.0
20230421:0011,0.0,0.0,5.73,1.03,0.0
20230421:0111,0.0,0.0,5.3,1.24,0.0
20230421:0211,0.0,0.0,4.81,1.52,0.0
20230421:0311,0.0,0.0,4.31,1.66,0.0
20230421:0411,0.0,0.0,3.6,1.66,0.0
20230421:0511,83.0,7.13,3.76,1.66,0.0
20230421:0611,216.0,14.77,5.69,1.59,0.0
20230421:0711,351.0,22.37,8.27,1.03,0.0
20230421:0811,477.01,29.48,10.81,0.48,0.0
20230421:0911,586.01,35.61,12.83,0.76,0.0
20230421:1011,658.01,40.15,14.02,1.03,0.0
20230421:1111,702.01,42.49,14.63,1.52,0.0
20230421:1211,702.01,42.22,15.18,1.86,0.0
20230421:1311,656.01,39.41,15.37,2.21,0.0
20230421:1411,576.01,34.5,15.49,2.62,0.0
20230421:1511,459.01,28.13,15.35,3.24,0.0
20230421:1611,328.0,20.88,14.91,3.52,0.0
20230421:1711,183.0,13.25,14.37,3.38,0.0
20230421:1811,28.0,5.64,12.94,2.97,0.0
20230421:1911,0.0,0.0,10.67,2.9,0.0
20230421:2011,0.0,0.0,9.42,3.03,0.0
20230421:2111,0.0,0.0,7.73,2.55,0.0
20230421:2211,0.0,0.0,7.28,1.72,0.0
20230421:2311,0.0,0.0,6.84,1.45,0.0
20230422:0011,0.0,0.0,6.24,1.59,0.0
20230422:0111,0.0,0.0,5.63,1.79,0.0
20230422:0211,0.0,0.0,5.21,1.93,0.0
20230422:0311,0.0,0.0,4.82,2.0,0.0
20230422:0411,0.0,0.0,4.61,2.07,0.0
20230422:0511,88.0,7.45,4.67,2.21,0.0
20230422:0611,213.0,15.09,6.67,2.07,0.0
20230422:0711,355.0,22.68,9.13,1.45,0.0
20230422:0811,480.01,29.81,12.02,0.83,0.0
20230422:0911,586.01,35.95,13.61,0.48,0.0
20230422:1011,657.01,40.49,14.88,0.62,0.0
20230422:1111,701.01,42.83,15.47,1.17,0.0
20230422:1211,696.01,42.55,15.97,1.31,0.0
20230422:1311,651.01,39.72,16.48,1.38,0.0
20230422:1411,498.01,34.79,16.33,1.24,0.0
20230422:1511,339.0,28.41,16.14,1.45,0.0
20230422:1611,78.0,21.15,15.94,1.38,0.0
20230422:1711,28.0,13.51,14.92,1.45,0.0
20230422:1811,18.0,5.91,13.32,1.52,0.0
20230422:1911,0.0,0.0,11.91,0.9,0.0
20230422:2011,0.0,0.0,10.85,0.41,0.0
20230422:2111,0.0,0.0,10.54,1.38,0.0
20230422:2211,0.0,0.0,10.96,2.07,0.0
20230422:2311,0.0,0.0,10.69,2.41,0.0
20230423:0011,0.0,0.0,10.19,1.72,0.0
20230423:0111,0.0,0.0,9.57,1.59,0.0
20230423:0211,0.0,0.0,8.85,1.03,0.0
20230423:0311,0.0,0.0,8.62,0.83,0.0
20230423:0411,0.0,0.0,8.44,1.24,0.0
20230423:0511,8.0,7.76,8.48,1.72,0.0
20230423:0611,37.0,15.4,8.22,2.28,0.0
20230423:0711,119.0,23.0,8.14,2.9,0.0
20230423:0811,124.0,30.13,8.08,3.17,0.0
20230423:0911,223.0,36.28,8.55,3.52,0.0
20230423:1011,205.0,40.83,9.02,4.34,0.0
20230423:1111,501.0,43.16,9.69,4.48,0.0
20230423:1211,133.0,42.88,10.07,4.55,0.0
20230423:1311,139.0,40.03,10.21,4.97,0.0
20230423:1411,374.0,35.08,10.35,5.31,0.0
20230423:1511,74.0,28.68,9.97,5.59,0.0
20230423:1611,97.0,21.41,9.74,5.52,0.0
20230423:1711,36.0,13.77,9.3,5.17,0.0
20230423:1811,6.0,6.17,8.69,4.41,0.0
20230423:1911,0.0,0.0,8.19,3.66,0.0
20230423:2011,0.0,0.0,7.83,2.62,0.0
20230423:2111,0.0,0.0,7.53,2.34,0.0
20230423:2211,0.0,0.0,7.55,1.86,0.0
20230423:2311,0.0,0.0,7.44,2.0,0.0
20230424:0011,0.0,0.0,7.14,1.86,0.0
20230424:0111,0.0,0.0,7.03,1.72,0.0
20230424:0211,0.0,0.0,6.82,1.38,0.0
20230424:0311,0.0,0.0,6.84,0.9,0.0
20230424:0411,0.0,0.0,6.77,0.55,0.0
20230424:0511,8.0,8.07,6.79,0.41,0.0
20230424:0611,71.0,15.71,7.06,0.48,0.0
20230424:0711,132.0,23.31,7.39,0.34,0.0
20230424:0811,265.0,30.44,7.72,0.28,0.0
20230424:0911,207.0,36.6,8.49,1.24,0.0
20230424:1011,193.0,41.16,9.35,2.62,0.0
20230424:1111,219.0,43.5,9.46,3.31,0.0
20230424:1211,221.0,43.2,9.79,3.66,0.0
20230424:1311,235.0,40.33,10.08,4.0,0.0
20230424:1411,236.0,35.37,9.21,4.55,0.0
20230424:1511,339.0,28.95,8.67,5.03,0.0
20230424:1611,126.0,21.67,8.32,5.45,0.0
20230424:1711,78.0,14.02,7.62,5.52,0.0
20230424:1811,23.0,6.43,6.88,5.59,0.0
20230424:1911,0.0,0.0,6.35,5.72,0.0
20230424:2011,0.0,0.0,5.89,5.66,0.0
20230424:2111,0.0,0.0,5.68,5.86,0.0
20230424:2211,0.0,0.0,5.51,5.31,0.0
20230424:2311,0.0,0.0,5.33,5.45,0.0
20230425:0011,0.0,0.0,5.25,5.24,0.0
20230425:0111,0.0,0.0,5.1,5.03,0.0
20230425:0211,0.0,0.0,5.01,5.17,0.0
20230425:0311,0.0,0.0,4.85,5.66,0.0
20230425:0411,0.0,0.0,4.79,6.14,0.0
20230425:0511,30.0,8.37,4.72,6.41,0.0
20230425:0611,94.0,16.01,4.92,6.76,0.0
20230425:0711,209.0,23.61,5.25,7.31,0.0
20230425:0811,196.0,30.75,5.35,7.93,0.0
20230425:0911,343.0,36.92,5.89,7.86,0.0
20230425:1011,472.0,41.49,5.5,7.72,0.0
20230425:1111,380.0,43.83,5.6,7.86,0.0
20230425:1211,594.01,43.52,5.83,8.41,0.0
20230425:1311,509.0,40.64,6.01,8.76,0.0
20230425:1411,505.01,35.65,5.98,8.76,0.0
20230425:1511,460.01,29.21,6.0,9.03,0.0
20230425:1611,336.0,21.93,5.72,9.03,0.0
20230425:1711,196.0,14.28,5.59,8.62,0.0
20230425:1811,34.0,6.69,5.19,8.0,0.0
20230425:1911,0.0,0.0,4.82,7.03,0.0
20230425:2011,0.0,0.0,4.77,6.55,0.0
20230425:2111,0.0,0.0,4.6,6.28,0.0
20230425:2211,0.0,0.0,4.39,5.31,0.0
20230425:2311,0.0,0.0,4.35,4.9,0.0
20230426:0011,0.0,0.0,4.07,5.17,0.0
20230426:0111,0.0,0.0,3.77,5.38,0.0
20230426:0211,0.0,0.0,3.52,5.59,0.0
20230426:0311,0.0,0.0,3.42,5.1,0.0
20230426:0411,0.0,0.0,3.26,4.69,0.0
20230426:0511,75.0,8.67,3.21,4.55,0.0
20230426:0611,226.0,16.31,3.72,4.83,0.0
20230426:0711,274.0,23.91,4.16,5.72,0.0
20230426:0811,451.0,31.06,4.44,5.79,0.0
20230426:0911,430.0,37.24,4.84,5.52,0.0
20230426:1011,590.01,41.81,5.44,5.17,0.0
20230426:1111,457.0,44.15,5.82,4.9,0.0
20230426:1211,591.01,43.84,6.01,5.03,0.0
20230426:1311,670.01,40.93,5.74,5.24,0.0
20230426:1411,468.0,35.93,5.78,5.38,0.0
20230426:1511,433.0,29.48,5.85,5.17,0.0
20230426:1611,308.0,22.18,5.52,4.9,0.0
20230426:1711,214.0,14.53,4.87,4.97,0.0
20230426:1811,36.0,6.94,4.26,4.41,0.0
20230426:1911,0.0,0.0,4.26,3.86,0.0
20230426:2011,0.0,0.0,3.62,3.86,0.0
20230426:2111,0.0,0.0,3.07,3.52,0.0
20230426:2211,0.0,0.0,3.24,3.45,0.0
20230426:2311,0.0,0.0,2.99,3.17,0.0
20230427:0011,0.0,0.0,2.84,3.1,0.0
20230427:0111,0.0,0.0,3.1,3.03,0.0
20230427:0211,0.0,0.0,3.28,3.52,0.0
20230427:0311,0.0,0.0,3.21,3.38,0.0
20230427:0411,1.0,1.68,3.12,3.45,0.0
20230427:0511,100.0,8.97,3.43,3.17,0.0
20230427:0611,175.0,16.6,4.05,4.07,0.0
20230427:0711,256.0,24.21,4.44,4.55,0.0
20230427:0811,437.0,31.36,5.04,4.83,0.0
20230427:0911,390.0,37.55,5.52,5.03,0.0
20230427:1011,684.01,42.13,5.65,3.72,0.0
20230427:1111,620.01,44.47,6.23,3.93,0.0
20230427:1211,687.01,44.15,6.65,4.34,0.0
20230427:1311,677.01,41.23,6.93,4.69,0.0
20230427:1411,591.01,36.21,6.86,4.9,0.0
20230427:1511,472.01,29.74,6.56,4.83,0.0
20230427:1611,336.0,22.43,6.49,4.41,0.0
20230427:1711,199.0,14.78,6.32,3.93,0.0
20230427:1811,34.0,7.2,5.88,3.52,0.0
20230427:1911,0.0,0.0,5.19,2.69,0.0
20230427:2011,0.0,0.0,3.82,2.55,0.0
20230427:2111,0.0,0.0,2.7,2.07,0.0
20230427:2211,0.0,0.0,3.15,0.69,0.0
20230427:2311,0.0,0.0,2.9,0.28,0.0
20230428:0011,0.0,0.0,2.34,0.62,0.0
20230428:0111,0.0,0.0,2.07,0.83,0.0
20230428:0211,0.0,0.0,1.9,1.17,0.0
20230428:0311,0.0,0.0,1.69,1.66,0.0
20230428:0411,1.0,1.98,0.84,1.93,0.0
20230428:0511,48.0,9.26,1.61,1.59,0.0
20230428:0611,151.0,16.89,2.63,1.31,0.0
20230428:0711,176.0,24.5,3.7,0.83,0.0
20230428:0811,334.0,31.66,4.95,0.69,0.0
20230428:0911,253.0,37.86,6.01,1.1,0.0
20230428:1011,364.0,42.45,6.48,1.66,0.0
20230428:1111,387.0,44.79,6.49,2.14,0.0
20230428:1211,249.0,44.46,6.3,2.41,0.0
20230428:1311,211.0,41.52,6.14,2.62,0.0
20230428:1411,84.0,36.48,6.24,2.28,0.0
20230428:1511,192.0,30.0,6.12,2.21,0.0
20230428:1611,108.0,22.68,6.01,2.28,0.0
20230428:1711,36.0,15.03,5.85,2.41,0.0
20230428:1811,47.0,7.45,5.77,3.03,0.0
20230428:1911,0.0,0.0,5.68,3.31,0.0
20230428:2011,0.0,0.0,5.7,3.59,0.0
20230428:2111,0.0,0.0,5.55,4.14,0.0
20230428:2211,0.0,0.0,5.7,5.38,0.0
20230428:2311,0.0,0.0,5.49,5.86,0.0
20230429:0011,0.0,0.0,5.23,5.52,0.0
20230429:0111,0.0,0.0,5.09,5.17,0.0
20230429:0211,0.0,0.0,4.94,3.38,0.0
20230429:0311,0.0,0.0,4.62,4.0,0.0
20230429:0411,1.0,2.27,3.88,5.59,0.0
20230429:0511,84.0,9.54,3.7,5.59,0.0
20230429:0611,143.0,17.17,3.71,5.45,0.0
20230429:0711,158.0,24.79,4.54,5.17,0.0
20230429:0811,343.0,31.96,4.74,5.17,0.0
20230429:0911,425.0,38.16,5.4,5.38,0.0
20230429:1011,207.0,42.76,5.94,5.31,0.0
20230429:1111,423.0,45.11,6.27,5.38,0.0
20230429:1211,369.0,44.77,6.51,5.52,0.0
20230429:1311,471.0,41.81,6.61,5.66,0.0
20230429:1411,343.0,36.75,6.77,5.72,0.0
20230429:1511,409.0,30.25,6.27,6.0,0.0
20230429:1611,276.0,22.93,5.59,6.28,0.0
20230429:1711,91.0,15.28,5.25,5.86,0.0
20230429:1811,43.0,7.7,4.77,5.45,0.0
20230429:1911,0.0,0.0,4.24,4.83,0.0
20230429:2011,0.0,0.0,3.81,4.21,0.0
20230429:2111,0.0,0.0,3.6,4.07,0.0
20230429:2211,0.0,0.0,3.36,3.79,0.0
20230429:2311,0.0,0.0,2.83,3.45,0.0
20230430:0011,0.0,0.0,2.84,3.45,0.0
20230430:0111,0.0,0.0,2.79,3.1,0.0
20230430:0211,0.0,0.0,3.14,2.83,0.0
20230430:0311,0.0,0.0,2.53,2.28,0.0
20230430:0411,2.0,2.56,2.63,1.86,0.0
20230430:0511,22.0,9.82,3.35,1.52,0.0
20230430:0611,137.0,17.45,3.66,1.72,0.0
20230430:0711,284.0,25.07,4.22,2.76,0.0
20230430:0811,359.0,32.24,4.79,3.45,0.0
20230430:0911,382.0,38.46,5.49,3.59,0.0
20230430:1011,461.0,43.07,6.26,3.1,0.0
20230430:1111,477.0,45.42,6.24,2.97,0.0
20230430:1211,481.0,45.07,6.44,3.03,0.0
20230430:1311,383.0,42.1,6.37,3.31,0.0
20230430:1411,421.0,37.02,6.44,2.97,0.0
20230430:1511,323.0,30.51,6.34,2.48,0.0
20230430:1611,137.0,23.18,5.89,2.28,0.0
20230430:1711,66.0,15.52,5.44,2.0,0.0
20230430:1811,38.0,7.95,5.22,0.83,0.0
20230430:1911,0.0,0.0,5.0,0.97,0.0
20230430:2011,0.0,0.0,4.88,1.66,0.0
20230430:2111,0.0,0.0,4.61,2.48,0.0
20230430:2211,0.0,0.0,3.69,2.9,0.0
20230430:2311,0.0,0.0,3.07,2.9,0.0
20230501:0011,0.0,0.0,2.74,3.66,0.0
20230501:0111,0.0,0.0,3.09,3.59,0.0
20230501:0211,0.0,0.0,3.55,3.59,0.0
20230501:0311,0.0,0.0,3.94,3.72,0.0
20230501:0411,2.0,2.84,4.23,3.52,0.0
20230501:0511,32.0,10.1,4.51,2.9,0.0
20230501:0611,59.0,17.73,4.82,2.14,0.0
20230501:0711,92.0,25.35,5.32,0.69,0.0
20230501:0811,160.0,32.53,5.75,1.45,0.0
20230501:0911,152.0,38.75,6.09,3.03,0.0
20230501:1011,137.0,43.37,6.37,4.62,0.0
20230501:1111,295.0,45.72,6.73,5.52,0.0
20230501:1211,425.0,45.37,6.97,5.93,0.0
20230501:1311,452.0,42.38,6.88,6.48,0.0
20230501:1411,229.0,37.28,6.89,7.31,0.0
20230501:1511,393.0,30.76,6.52,7.79,0.0
20230501:1611,358.0,23.42,5.86,7.86,0.0
20230501:1711,206.0,15.76,5.3,7.59,0.0
20230501:1811,41.0,8.19,5.02,7.24,0.0
20230501:1911,0.0,0.0,4.88,6.48,0.0
20230501:2011,0.0,0.0,4.6,5.93,0.0
20230501:2111,0.0,0.0,4.2,5.24,0.0
20230501:2211,0.0,0.0,4.12,5.1,0.0
20230501:2311,0.0,0.0,3.7,4.41,0.0
20230502:0011,0.0,0.0,3.52,3.66,0.0
20230502:0111,0.0,0.0,3.08,3.52,0.0
20230502:0211,0.0,0.0,2.75,3.52,0.0
20230502:0311,0.0,0.0,2.7,2.97,0.0
20230502:0411,2.0,3.12,2.94,1.86,0.0
20230502:0511,118.0,10.37,3.24,1.1,0.0
20230502:0611,239.0,18.0,4.14,1.1,0.0
20230502:0711,0.0,0.0,5.05,1.86,0.0
20230502:0811,383.0,32.81,5.75,3.1,0.0
20230502:0911,362.0,39.04,6.87,3.79,0.0
20230502:1011,390.0,43.67,7.26,3.66,0.0
20230502:1111,298.0,46.02,7.1,4.21,0.0
20230502:1211,487.0,45.66,7.45,4.9,0.0
20230502:1311,596.01,42.66,7.55,5.31,0.0
20230502:1411,511.01,37.54,7.93,5.45,0.0
20230502:1511,315.0,31.01,7.92,5.45,0.0
20230502:1611,283.0,23.66,7.39,5.31,0.0
20230502:1711,89.0,16.0,7.0,4.97,0.0
20230502:1811,51.0,8.44,6.79,4.14,0.0
20230502:1911,0.0,0.0,6.55,3.31,0.0
20230502:2011,0.0,0.0,6.04,2.83,0.0
20230502:2111,0.0,0.0,5.52,2.83,0.0
20230502:2211,0.0,0.0,5.14,2.48,0.0
20230502:2311,0.0,0.0,4.94,2.41,0.0
20230503:0011,0.0,0.0,4.43,2.28,0.0
20230503:0111,0.0,0.0,4.42,2.0,0.0
20230503:0211,0.0,0.0,4.16,1.45,0.0
20230503:0311,0.0,0.0,3.8,1.24,0.0
20230503:0411,8.0,3.39,3.74,0.83,0.0
20230503:0511,88.0,10.64,4.14,0.83,0.0
20230503:0611,263.0,18.26,5.38,1.45,0.0
20230503:0711,360.0,25.89,6.29,1.86,0.0
20230503:0811,463.0,33.08,7.21,2.28,0.0
20230503:0911,595.01,39.32,7.82,2.62,0.0
20230503:1011,665.01,43.96,8.58,2.14,0.0
20230503:1111,661.01,46.32,9.17,2.83,0.0
20230503:1211,493.0,45.95,9.2,3.72,0.0
20230503:1311,567.01,42.93,9.32,4.41,0.0
20230503:1411,506.0,37.8,8.96,4.69,0.0
20230503:1511,423.0,31.25,8.92,4.69,0.0
20230503:1611,382.0,23.9,8.91,4.55,0.0
20230503:1711,239.0,16.24,8.41,4.34,0.0
20230503:1811,42.0,8.68,7.88,4.14,0.0
20230503:1911,0.0,0.0,7.06,3.45,0.0
20230503:2011,0.0,0.0,5.74,3.1,0.0
20230503:2111,0.0,0.0,4.1,3.31,0.0
20230503:2211,0.0,0.0,3.46,2.07,0.0
20230503:2311,0.0,0.0,3.46,2.07,0.0
20230504:0011,0.0,0.0,3.32,2.14,0.0
20230504:0111,0.0,0.0,2.98,2.14,0.0
20230504:0211,0.0,0.0,2.83,1.93,0.0
20230504:0311,0.0,0.0,2.8,1.66,0.0
20230504:0411,6.0,3.66,2.81,1.52,0.0
20230504:0511,48.0,10.9,3.39,1.79,0.0
20230504:0611,192.0,18.52,5.08,1.52,0.0
20230504:0711,413.0,26.15,6.98,1.31,0.0
20230504:0811,546.01,33.35,8.36,2.21,0.0
20230504:0911,647.01,39.6,9.52,2.28,0.0
20230504:1011,668.01,44.25,10.04,1.79,0.0
20230504:1111,674.01,46.61,10.36,1.17,0.0
20230504:1211,624.01,46.24,10.53,0.62,0.0
20230504:1311,543.0,43.21,10.6,0.55,0.0
20230504:1411,601.01,38.06,10.74,0.83,0.0
20230504:1511,513.01,31.49,10.71,0.9,0.0
20230504:1611,355.0,24.13,10.88,0.83,0.0
20230504:1711,243.0,16.47,10.64,0.76,0.0
20230504:1811,42.0,8.91,10.08,0.41,0.0
20230504:1911,1.0,1.83,8.91,0.9,0.0
20230504:2011,0.0,0.0,7.97,1.79,0.0
20230504:2111,0.0,0.0,7.28,2.41,0.0
20230504:2211,0.0,0.0,6.87,2.97,0.0
20230504:2311,0.0,0.0,6.17,3.1,0.0
20230505:0011,0.0,0.0,5.7,3.45,0.0
20230505:0111,0.0,0.0,5.17,3.72,0.0
20230505:0211,0.0,0.0,4.82,3.86,0.0
20230505:0311,0.0,0.0,4.79,3.93,0.0
20230505:0411,13.0,3.92,4.79,3.93,0.0
20230505:0511,157.0,11.16,5.77,4.14,0.0
20230505:0611,293.0,18.78,7.05,4.28,0.0
20230505:0711,416.0,26.4,8.06,4.62,0.0
20230505:0811,552.01,33.61,9.12,5.72,0.0
20230505:0911,659.01,39.88,10.05,5.79,0.0
20230505:1011,717.01,44.54,10.58,5.59,0.0
20230505:1111,763.01,46.9,11.14,5.38,0.0
20230505:1211,762.01,46.52,11.55,5.24,0.0
20230505:1311,719.01,43.47,11.86,5.24,0.0
20230505:1411,643.01,38.31,11.61,5.17,0.0
20230505:1511,532.01,31.73,11.39,4.9,0.0
20230505:1611,395.0,24.36,11.07,4.69,0.0
20230505:1711,252.0,16.7,10.44,4.41,0.0
20230505:1811,45.0,9.15,9.72,3.86,0.0
20230505:1911,3.0,2.07,8.89,3.86,0.0
20230505:2011,0.0,0.0,7.73,3.66,0.0
20230505:2111,0.0,0.0,6.91,3.66,0.0
20230505:2211,0.0,0.0,6.42,2.55,0.0
20230505:2311,0.0,0.0,6.21,2.83,0.0
20230506:0011,0.0,0.0,6.19,2.76,0.0
20230506:0111,0.0,0.0,6.2,3.1,0.0
20230506:0211,0.0,0.0,6.09,3.38,0.0
20230506:0311,0.0,0.0,5.91,3.59,0.0
20230506:0411,4.0,4.18,5.95,3.38,0.0
20230506:0511,57.0,11.41,6.58,3.1,0.0
20230506:0611,103.0,19.03,7.52,2.69,0.0
20230506:0711,295.0,26.66,8.39,3.86,0.0
20230506:0811,530.01,33.87,9.37,4.41,0.0
20230506:0911,591.01,40.14,10.38,4.34,0.0
20230506:1011,703.01,44.82,11.24,3.45,0.0
20230506:1111,745.01,47.19,11.54,3.66,0.0
20230506:1211,751.01,46.8,11.88,3.79,0.0
20230506:1311,709.01,43.74,12.05,3.45,0.0
20230506:1411,521.0,38.56,11.6,3.03,0.0
20230506:1511,522.01,31.97,11.63,2.83,0.0
20230506:1611,388.0,24.59,11.59,2.9,0.0
20230506:1711,249.0,16.93,11.47,2.97,0.0
20230506:1811,46.0,9.38,10.87,2.76,0.0
20230506:1911,3.0,2.32,9.92,3.1,0.0
20230506:2011,0.0,0.0,8.7,3.45,0.0
20230506:2111,0.0,0.0,7.62,3.59,0.0
20230506:2211,0.0,0.0,6.57,3.59,0.0
20230506:2311,0.0,0.0,6.01,3.59,0.0
20230507:0011,0.0,0.0,5.79,3.31,0.0
20230507:0111,0.0,0.0,5.3,3.31,0.0
20230507:0211,0.0,0.0,4.97,3.52,0.0
20230507:0311,0.0,0.0,4.98,3.52,0.0
20230507:0411,17.0,4.43,4.75,3.38,0.0
20230507:0511,160.0,11.66,5.58,3.17,0.0
20230507:0611,275.0,19.27,7.23,2.69,0.0
20230507:0711,388.0,26.9,9.05,3.45,0.0
20230507:0811,395.0,34.12,10.39,4.21,0.0
20230507:0911,475.0,40.41,11.7,4.55,0.0
20230507:1011,473.0,45.09,12.85,3.72,0.0
20230507:1111,700.01,47.46,13.36,3.45,0.0
20230507:1211,752.01,47.07,13.67,3.38,0.0
20230507:1311,718.01,44.0,13.98,3.66,0.0
20230507:1411,636.01,38.8,14.08,3.79,0.0
20230507:1511,524.01,32.2,13.8,3.72,0.0
20230507:1611,387.0,24.82,13.57,3.52,0.0
20230507:1711,245.0,17.15,13.17,3.1,0.0
20230507:1811,48.0,9.61,12.7,2.9,0.0
20230507:1911,7.0,2.55,11.97,3.45,0.0
20230507:2011,0.0,0.0,11.05,3.72,0.0
20230507:2111,0.0,0.0,10.25,3.93,0.0
20230507:2211,0.0,0.0,10.11,4.55,0.0
20230507:2311,0.0,0.0,10.09,4.21,0.0
20230508:0011,0.0,0.0,9.86,4.21,0.0
20230508:0111,0.0,0.0,10.17,4.55,0.0
20230508:0211,0.0,0.0,10.32,4.76,0.0
20230508:0311,0.0,0.0,10.25,4.69,0.0
20230508:0411,4.0,4.68,10.18,5.03,0.0
20230508:0511,21.0,11.9,10.06,5.31,0.0
20230508:0611,94.0,19.51,10.55,5.1,0.0
20230508:0711,226.0,27.14,11.16,5.1,0.0
20230508:0811,289.0,34.37,12.06,5.45,0.0
20230508:0911,171.0,40.67,12.96,5.79,0.0
20230508:1011,437.0,45.36,13.58,5.93,0.0
20230508:1111,307.0,47.74,13.89,6.76,0.0
20230508:1211,332.0,47.34,14.41,6.41,0.0
20230508:1311,375.0,44.26,14.31,6.34,0.0
20230508:1411,204.0,39.04,14.35,6.34,0.0
20230508:1511,209.0,32.43,14.3,6.28,0.0
20230508:1611,116.0,25.04,13.91,6.0,0.0
20230508:1711,39.0,17.38,13.64,5.66,0.0
20230508:1811,22.0,9.84,13.08,6.0,0.0
20230508:1911,2.0,2.79,12.7,5.93,0.0
20230508:2011,0.0,0.0,12.29,6.0,0.0
20230508:2111,0.0,0.0,12.05,6.07,0.0
20230508:2211,0.0,0.0,12.65,6.97,0.0
20230508:2311,0.0,0.0,12.34,7.03,0.0
20230509:0011,0.0,0.0,11.79,6.76,0.0
20230509:0111,0.0,0.0,11.58,6.55,0.0
20230509:0211,0.0,0.0,11.35,6.07,0.0
20230509:0311,0.0,0.0,11.44,5.66,0.0
20230509:0411,4.0,4.92,11.54,5.24,0.0
20230509:0511,17.0,12.14,11.58,5.03,0.0
20230509:0611,56.0,19.75,11.67,5.17,0.0
20230509:0711,100.0,27.38,11.78,5.38,0.0
20230509:0811,132.0,34.61,11.88,5.31,0.0
20230509:0911,201.0,40.92,11.81,5.66,0.0
20230509:1011,200.0,45.62,11.98,6.0,0.0
20230509:1111,250.0,48.01,11.77,6.34,0.0
20230509:1211,165.0,47.61,11.63,6.69,0.0
20230509:1311,196.0,44.51,11.4,6.69,0.0
20230509:1411,160.0,39.28,11.12,6.62,0.0
20230509:1511,100.0,32.66,10.85,6.28,0.0
20230509:1611,66.0,25.26,10.75,5.79,0.0
20230509:1711,37.0,17.6,10.64,5.38,0.0
20230509:1811,12.0,10.06,10.51,4.9,0.0
20230509:1911,2.0,3.02,10.48,4.28,0.0
20230509:2011,0.0,0.0,10.42,3.86,0.0
20230509:2111,0.0,0.0,10.33,3.38,0.0
20230509:2211,0.0,0.0,10.41,2.48,0.0
20230509:2311,0.0,0.0,10.34,2.21,0.0
20230510:0011,0.0,0.0,10.26,2.41,0.0
20230510:0111,0.0,0.0,10.15,2.9,0.0
20230510:0211,0.0,0.0,10.02,3.38,0.0
20230510:0311,0.0,0.0,9.88,3.52,0.0
20230510:0411,4.0,5.16,9.7,3.45,0.0
20230510:0511,14.0,12.37,9.57,3.38,0.0
20230510:0611,31.0,19.97,9.52,3.17,0.0
20230510:0711,65.0,27.61,9.52,3.03,0.0
20230510:0811,133.0,34.85,9.6,3.17,0.0
20230510:0911,141.0,41.16,9.92,3.1,0.0
20230510:1011,163.0,45.88,10.07,2.76,0.0
20230510:1111,179.0,48.27,10.3,2.34,0.0
20230510:1211,181.0,47.87,10.4,1.93,0.0
20230510:1311,219.0,44.76,10.57,1.66,0.0
20230510:1411,211.0,39.52,10.77,1.24,0.0
20230510:1511,152.0,32.88,10.85,1.1,0.0
20230510:1611,156.0,25.48,10.9,1.17,0.0
20230510:1711,76.0,17.81,10.91,1.31,0.0
20230510:1811,51.0,10.28,10.91,1.31,0.0
20230510:1911,2.0,3.25,10.86,1.45,0.0
20230510:2011,0.0,0.0,10.79,1.1,0.0
20230510:2111,0.0,0.0,10.78,0.76,0.0
20230510:2211,0.0,0.0,10.46,0.83,0.0
20230510:2311,0.0,0.0,10.1,0.62,0.0
20230511:0011,0.0,0.0,9.93,0.62,0.0
20230511:0111,0.0,0.0,9.86,0.69,0.0
20230511:0211,0.0,0.0,9.47,0.9,0.0
20230511:0311,0.0,0.0,9.34,1.1,0.0
20230511:0411,5.0,5.39,9.32,0.83,0.0
20230511:0511,29.0,12.59,9.37,0.76,0.0
20230511:0611,57.0,20.2,9.36,0.76,0.0
20230511:0711,140.0,27.83,9.89,0.76,0.0
20230511:0811,191.0,35.08,10.3,0.55,0.0
20230511:0911,216.0,41.41,11.05,0.21,0.0
20230511:1011,235.0,46.13,11.05,0.34,0.0
20230511:1111,319.0,48.53,11.43,0.83,0.0
20230511:1211,456.0,48.12,11.91,1.66,0.0
20230511:1311,408.0,45.0,12.43,2.0,0.0
20230511:1411,468.0,39.75,12.75,1.86,0.0
20230511:1511,300.0,33.1,12.74,1.72,0.0
20230511:1611,246.0,25.69,12.58,2.21,0.0
20230511:1711,103.0,18.03,12.39,2.55,0.0
20230511:1811,35.0,10.5,11.97,2.62,0.0
20230511:1911,6.0,3.47,11.32,2.41,0.0
20230511:2011,0.0,0.0,10.32,2.21,0.0
20230511:2111,0.0,0.0,9.67,2.34,0.0
20230511:2211,0.0,0.0,9.19,1.31,0.0
20230511:2311,0.0,0.0,8.86,0.97,0.0
20230512:0011,0.0,0.0,8.63,0.97,0.0
20230512:0111,0.0,0.0,8.44,1.03,0.0
20230512:0211,0.0,0.0,8.21,1.1,0.0
20230512:0311,0.0,0.0,8.02,1.24,0.0
20230512:0411,6.0,5.61,7.97,1.38,0.0
20230512:0511,48.0,12.81,8.36,1.45,0.0
20230512:0611,120.0,20.41,9.88,1.52,0.0
20230512:0711,249.0,28.05,11.09,1.52,0.0
20230512:0811,341.0,35.31,12.05,1.79,0.0
20230512:0911,442.0,41.64,13.27,2.0,0.0
20230512:1011,521.0,46.38,13.68,2.14,0.0
20230512:1111,648.01,48.78,14.28,2.55,0.0
20230512:1211,753.01,48.37,14.5,2.69,0.0
20230512:1311,720.01,45.24,14.88,3.24,0.0
20230512:1411,633.01,39.97,14.36,4.14,0.0
20230512:1511,531.0,33.32,14.32,4.55,0.0
20230512:1611,398.0,25.91,14.13,4.41,0.0
20230512:1711,264.0,18.24,13.27,4.07,0.0
20230512:1811,52.0,10.71,12.2,3.52,0.0
20230512:1911,13.0,3.69,11.03,3.1,0.0
20230512:2011,0.0,0.0,9.88,2.76,0.0
20230512:2111,0.0,0.0,8.72,2.97,0.0
20230512:2211,0.0,0.0,7.76,2.41,0.0
20230512:2311,0.0,0.0,7.55,2.21,0.0
20230513:0011,0.0,0.0,7.32,2.55,0.0
20230513:0111,0.0,0.0,7.24,2.55,0.0
20230513:0211,0.0,0.0,7.3,2.55,0.0
20230513:0311,0.0,0.0,7.31,2.69,0.0
20230513:0411,5.0,5.83,7.25,2.21,0.0
20230513:0511,35.0,13.03,7.43,2.48,0.0
20230513:0611,97.0,20.63,7.6,2.83,0.0
20230513:0711,156.0,28.27,8.52,2.97,0.0
20230513:0811,234.0,35.53,9.86,3.38,0.0
20230513:0911,275.0,41.87,10.87,3.38,0.0
20230513:1011,296.0,46.62,12.11,3.1,0.0
20230513:1111,463.0,49.03,12.89,3.52,0.0
20230513:1211,690.01,48.62,13.47,3.52,0.0
20230513:1311,719.01,45.48,13.88,4.14,0.0
20230513:1411,636.01,40.2,13.83,4.62,0.0
20230513:1511,528.0,33.53,13.45,4.62,0.0
20230513:1611,402.0,26.11,13.08,4.62,0.0
20230513:1711,265.0,18.45,12.53,4.14,0.0
20230513:1811,52.0,10.93,11.74,3.17,0.0
20230513:1911,18.0,3.91,10.78,2.34,0.0
20230513:2011,0.0,0.0,9.38,2.21,0.0
20230513:2111,0.0,0.0,8.5,1.79,0.0
20230513:2211,0.0,0.0,8.54,1.79,0.0
20230513:2311,0.0,0.0,8.08,1.45,0.0
20230514:0011,0.0,0.0,8.18,1.38,0.0
20230514:0111,0.0,0.0,8.1,1.38,0.0
20230514:0211,0.0,0.0,7.93,1.38,0.0
20230514:0311,0.0,0.0,7.78,1.72,0.0
20230514:0411,6.0,6.05,7.81,2.14,0.0
20230514:0511,81.0,13.23,8.75,2.28,0.0
20230514:0611,159.0,20.83,10.24,1.86,0.0
20230514:0711,271.0,28.47,11.94,1.1,0.0
20230514:0811,349.0,35.74,13.55,1.31,0.0
20230514:0911,411.0,42.09,14.16,2.62,0.0
20230514:1011,384.0,46.85,12.88,3.38,0.0
20230514:1111,451.0,49.27,12.53,3.1,0.0
20230514:1211,539.0,48.86,12.67,3.17,0.0
20230514:1311,576.01,45.71,13.02,3.52,0.0
20230514:1411,432.0,40.42,12.48,3.59,0.0
20230514:1511,344.0,33.74,11.7,3.38,0.0
20230514:1611,187.0,26.32,11.06,3.03,0.0
20230514:1711,78.0,18.65,10.33,2.69,0.0
20230514:1811,24.0,11.13,9.8,2.34,0.0
20230514:1911,3.0,4.13,9.33,2.21,0.0
20230514:2011,0.0,0.0,8.95,2.07,0.0
20230514:2111,0.0,0.0,8.31,2.0,0.0
20230514:2211,0.0,0.0,7.67,2.28,0.0
20230514:2311,0.0,0.0,7.42,2.14,0.0
20230515:0011,0.0,0.0,7.21,2.0,0.0
20230515:0111,0.0,0.0,6.83,1.72,0.0
20230515:0211,0.0,0.0,6.67,1.66,0.0
20230515:0311,0.0,0.0,6.62,2.0,0.0
20230515:0411,6.0,6.26,6.42,1.93,0.0
20230515:0511,29.0,13.44,6.56,1.66,0.0
20230515:0611,57.0,21.03,6.93,1.31,0.0
20230515:0711,141.0,28.68,7.45,1.1,0.0
20230515:0811,263.0,35.95,8.09,1.1,0.0
20230515:0911,266.0,42.31,9.06,1.86,0.0
20230515:1011,330.0,47.08,9.4,2.55,0.0
20230515:1111,523.0,49.51,9.76,3.1,0.0
20230515:1211,435.0,49.1,9.97,3.52,0.0
20230515:1311,407.0,45.93,9.98,4.07,0.0
20230515:1411,266.0,40.63,9.78,4.69,0.0
20230515:1511,152.0,33.95,9.66,5.31,0.0
20230515:1611,165.0,26.52,9.43,5.31,0.0
20230515:1711,179.0,18.85,9.4,5.52,0.0
20230515:1811,62.0,11.34,9.04,5.38,0.0
20230515:1911,3.0,4.34,8.73,4.9,0.0
20230515:2011,0.0,0.0,8.37,4.76,0.0
20230515:2111,0.0,0.0,7.98,4.41,0.0
20230515:2211,0.0,0.0,7.66,4.34,0.0
20230515:2311,0.0,0.0,7.52,4.34,0.0
20230516:0011,0.0,0.0,7.55,4.07,0.0
20230516:0111,0.0,0.0,7.28,4.34,0.0
20230516:0211,0.0,0.0,7.19,4.55,0.0
20230516:0311,0.0,0.0,6.97,4.14,0.0
20230516:0411,72.0,6.46,6.81,3.72,0.0
20230516:0511,186.0,13.63,7.2,4.14,0.0
20230516:0611,319.0,21.23,7.82,4.34,0.0
20230516:0711,454.0,28.87,8.36,3.93,0.0
20230516:0811,580.01,36.15,9.21,3.66,0.0
20230516:0911,673.01,42.53,9.88,3.93,0.0
20230516:1011,712.01,47.31,10.34,3.86,0.0
20230516:1111,417.0,49.74,10.46,4.28,0.0
20230516:1211,617.01,49.33,9.81,4.48,0.0
20230516:1311,267.0,46.16,9.26,5.31,0.0
20230516:1411,423.0,40.84,8.74,6.55,0.0
20230516:1511,328.0,34.15,7.83,7.93,0.0
20230516:1611,367.0,26.72,7.34,7.93,0.0
20230516:1711,258.0,19.05,6.98,7.86,0.0
20230516:1811,119.0,11.54,6.35,7.66,0.0
20230516:1911,13.0,4.54,5.77,7.24,0.0
20230516:2011,0.0,0.0,5.4,7.17,0.0
20230516:2111,0.0,0.0,4.98,6.83,0.0
20230516:2211,0.0,0.0,4.7,6.21,0.0
20230516:2311,0.0,0.0,4.64,6.07,0.0
20230517:0011,0.0,0.0,4.54,6.0,0.0
20230517:0111,0.0,0.0,4.57,6.34,0.0
20230517:0211,0.0,0.0,4.84,6.41,0.0
20230517:0311,0.0,0.0,4.95,6.28,0.0
20230517:0411,9.0,6.65,5.0,6.21,0.0
20230517:0511,142.0,13.82,5.24,5.93,0.0
20230517:0611,253.0,21.41,5.66,6.76,0.0
20230517:0711,355.0,29.06,6.17,6.97,0.0
20230517:0811,379.0,36.35,6.4,6.76,0.0
20230517:0911,576.01,42.73,6.76,6.48,0.0
20230517:1011,662.01,47.53,7.45,5.03,0.0
20230517:1111,656.01,49.97,7.5,5.45,0.0
20230517:1211,643.01,49.56,7.56,5.59,0.0
20230517:1311,659.01,46.37,7.67,5.59,0.0
20230517:1411,647.01,41.05,7.63,5.45,0.0
20230517:1511,538.0,34.35,7.62,5.24,0.0
20230517:1611,420.0,26.91,7.6,4.97,0.0
20230517:1711,262.0,19.24,7.28,4.55,0.0
20230517:1811,126.0,11.74,6.89,4.28,0.0
20230517:1911,24.0,4.75,6.42,3.72,0.0
20230517:2011,0.0,0.0,5.87,2.83,0.0
20230517:2111,0.0,0.0,5.34,2.21,0.0
20230517:2211,0.0,0.0,4.95,1.38,0.0
20230517:2311,0.0,0.0,5.28,0.41,0.0
20230518:0011,0.0,0.0,5.56,0.55,0.0
20230518:0111,0.0,0.0,5.04,1.1,0.0
20230518:0211,0.0,0.0,4.98,1.38,0.0
20230518:0311,0.0,0.0,4.96,1.79,0.0
20230518:0411,7.0,6.85,5.21,2.0,0.0
20230518:0511,26.0,14.01,5.69,2.48,0.0
20230518:0611,103.0,21.6,6.49,2.83,0.0
20230518:0711,197.0,29.25,7.64,2.76,0.0
20230518:0811,231.0,36.54,9.09,2.83,0.0
20230518:0911,450.0,42.93,9.91,3.45,0.0
20230518:1011,592.01,47.74,10.37,4.55,0.0
20230518:1111,329.0,50.19,10.59,4.48,0.0
20230518:1211,407.0,49.78,10.71,4.21,0.0
20230518:1311,412.0,46.59,10.91,4.14,0.0
20230518:1411,355.0,41.26,10.76,4.14,0.0
20230518:1511,310.0,34.54,10.84,3.59,0.0
20230518:1611,240.0,27.1,11.19,3.03,0.0
20230518:1711,165.0,19.43,10.8,2.83,0.0
20230518:1811,54.0,11.93,10.26,2.48,0.0
20230518:1911,22.0,4.95,9.89,2.0,0.0
20230518:2011,0.0,0.0,9.22,2.07,0.0
20230518:2111,0.0,0.0,8.78,2.07,0.0
20230518:2211,0.0,0.0,8.75,2.28,0.0
20230518:2311,0.0,0.0,8.28,2.62,0.0
20230519:0011,0.0,0.0,7.62,2.76,0.0
20230519:0111,0.0,0.0,7.3,2.76,0.0
20230519:0211,0.0,0.0,7.15,2.62,0.0
20230519:0311,0.0,0.0,6.99,2.62,0.0
20230519:0411,29.0,7.03,7.24,2.76,0.0
20230519:0511,35.0,14.19,8.02,2.97,0.0
20230519:0611,74.0,21.77,9.29,3.03,0.0
20230519:0711,270.0,29.42,9.93,3.38,0.0
20230519:0811,396.0,36.72,10.58,3.93,0.0
20230519:0911,290.0,43.13,10.85,4.41,0.0
20230519:1011,248.0,47.94,11.26,4.21,0.0
20230519:1111,530.0,50.41,11.98,4.55,0.0
20230519:1211,649.01,49.99,12.31,4.55,0.0
20230519:1311,246.0,46.8,12.34,4.28,0.0
20230519:1411,209.0,41.45,12.12,3.52,0.0
20230519:1511,422.0,34.74,11.88,3.24,0.0
20230519:1611,406.0,27.29,11.75,3.1,0.0
20230519:1711,194.0,19.62,11.1,2.97,0.0
20230519:1811,143.0,12.12,10.52,2.48,0.0
20230519:1911,28.0,5.14,10.14,2.07,0.0
20230519:2011,0.0,0.0,9.62,2.07,0.0
20230519:2111,0.0,0.0,8.82,1.93,0.0
20230519:2211,0.0,0.0,8.56,2.14,0.0
20230519:2311,0.0,0.0,8.12,1.72,0.0
20230520:0011,0.0,0.0,8.19,1.45,0.0
20230520:0111,0.0,0.0,7.88,1.24,0.0
20230520:0211,0.0,0.0,7.43,0.97,0.0
20230520:0311,0.0,0.0,7.14,0.97,0.0
20230520:0411,7.0,7.21,7.35,0.9,0.0
20230520:0511,35.0,14.36,8.22,1.03,0.0
20230520:0611,113.0,21.94,9.06,1.17,0.0
20230520:0711,243.0,29.6,9.87,1.31,0.0
20230520:0811,485.0,36.9,11.08,1.72,0.0
20230520:0911,666.01,43.31,11.77,2.34,0.0
20230520:1011,754.01,48.15,12.3,2.62,0.0
20230520:1111,783.01,50.62,12.71,2.83,0.0
20230520:1211,769.01,50.2,12.83,2.97,0.0
20230520:1311,733.01,47.0,12.66,3.1,0.0
20230520:1411,655.01,41.65,12.82,2.97,0.0
20230520:1511,546.0,34.92,12.73,2.69,0.0
20230520:1611,421.0,27.48,12.53,2.34,0.0
20230520:1711,282.0,19.8,12.06,1.93,0.0
20230520:1811,151.0,12.31,11.35,1.38,0.0
20230520:1911,27.0,5.34,10.72,0.97,0.0
20230520:2011,0.0,0.0,9.14,0.97,0.0
20230520:2111,0.0,0.0,8.68,0.9,0.0
20230520:2211,0.0,0.0,8.53,0.07,0.0
20230520:2311,0.0,0.0,8.01,0.14,0.0
20230521:0011,0.0,0.0,7.62,0.28,0.0
20230521:0111,0.0,0.0,7.15,0.28,0.0
20230521:0211,0.0,0.0,6.58,0.48,0.0
20230521:0311,0.0,0.0,6.42,0.55,0.0
20230521:0411,7.0,7.38,6.58,0.55,0.0
20230521:0511,72.0,14.53,7.22,1.24,0.0
20230521:0611,211.0,22.11,8.99,1.31,0.0
20230521:0711,384.0,29.76,10.84,0.83,0.0
20230521:0811,572.0,37.07,12.62,0.62,0.0
20230521:0911,688.01,43.5,13.75,1.79,0.0
20230521:1011,724.01,48.34,15.09,1.72,0.0
20230521:1111,769.01,50.82,15.75,2.07,0.0
20230521:1211,741.01,50.41,16.49,2.62,0.0
20230521:1311,712.01,47.2,16.69,3.17,0.0
20230521:1411,618.01,41.84,16.77,3.66,0.0
20230521:1511,516.0,35.11,16.69,3.66,0.0
20230521:1611,373.0,27.66,16.32,3.45,0.0
20230521:1711,231.0,19.98,15.6,3.1,0.0
20230521:1811,137.0,12.49,14.61,2.69,0.0
20230521:1911,23.0,5.52,13.41,2.07,0.0
20230521:2011,0.0,0.0,11.57,2.34,0.0
20230521:2111,0.0,0.0,10.34,2.21,0.0
20230521:2211,0.0,0.0,9.85,2.28,0.0
20230521:2311,0.0,0.0,9.56,2.41,0.0
20230522:0011,0.0,0.0,9.63,2.21,0.0
20230522:0111,0.0,0.0,9.17,1.86,0.0
20230522:0211,0.0,0.0,8.89,1.72,0.0
20230522:0311,0.0,0.0,8.87,1.59,0.0
20230522:0411,18.0,7.55,8.92,1.59,0.0
20230522:0511,134.0,14.69,9.91,1.52,0.0
20230522:0611,174.0,22.27,11.39,1.17,0.0
20230522:0711,244.0,29.92,12.74,0.97,0.0
20230522:0811,339.0,37.24,13.99,1.52,0.0
20230522:0911,393.0,43.67,15.61,1.79,0.0
20230522:1011,180.0,48.53,16.59,1.66,0.0
20230522:1111,665.01,51.02,16.81,1.72,0.0
20230522:1211,334.0,50.61,16.51,2.9,0.0
20230522:1311,412.0,47.4,16.2,4.28,0.0
20230522:1411,567.0,42.03,15.7,4.28,0.0
20230522:1511,284.0,35.29,14.75,3.38,0.0
20230522:1611,84.0,27.83,13.37,3.45,0.0
20230522:1711,58.0,20.16,11.57,3.79,0.0
20230522:1811,15.0,12.67,9.97,3.24,0.0
20230522:1911,5.0,5.71,9.05,2.62,0.0
20230522:2011,0.0,0.0,8.77,2.76,0.0
20230522:2111,0.0,0.0,8.43,3.24,0.0
20230522:2211,0.0,0.0,8.23,3.72,0.0
20230522:2311,0.0,0.0,8.03,4.62,0.0
20230523:0011,0.0,0.0,7.83,4.62,0.0
20230523:0111,0.0,0.0,7.54,4.48,0.0
20230523:0211,0.0,0.0,7.44,4.76,0.0
20230523:0311,0.0,0.0,7.48,4.97,0.0
20230523:0411,86.0,7.71,7.54,5.1,0.0
20230523:0511,80.0,14.85,7.95,5.86,0.0
20230523:0611,133.0,22.42,8.44,6.9,0.0
20230523:0711,190.0,30.08,8.85,7.52,0.0
20230523:0811,408.0,37.39,9.48,7.72,0.0
20230523:0911,386.0,43.84,9.8,7.66,0.0
20230523:1011,410.0,48.71,10.34,7.17,0.0
20230523:1111,499.0,51.21,10.6,7.52,0.0
20230523:1211,547.0,50.8,10.98,7.66,0.0
20230523:1311,704.01,47.58,11.21,7.45,0.0
20230523:1411,638.01,42.21,11.28,7.03,0.0
20230523:1511,551.0,35.46,11.12,6.83,0.0
20230523:1611,430.0,28.0,10.9,6.28,0.0
20230523:1711,288.0,20.33,10.7,5.72,0.0
20230523:1811,169.0,12.84,10.25,4.48,0.0
20230523:1911,31.0,5.89,9.7,3.86,0.0
20230523:2011,0.0,0.0,9.07,3.72,0.0
20230523:2111,0.0,0.0,7.97,3.1,0.0
20230523:2211,0.0,0.0,7.36,2.48,0.0
20230523:2311,0.0,0.0,7.51,2.41,0.0
20230524:0011,0.0,0.0,7.35,1.93,0.0
20230524:0111,0.0,0.0,7.31,2.0,0.0
20230524:0211,0.0,0.0,6.66,1.03,0.0
20230524:0311,0.0,0.0,6.6,0.83,0.0
20230524:0411,89.0,7.87,7.08,0.97,0.0
20230524:0511,28.0,15.0,7.78,1.1,0.0
20230524:0611,104.0,22.57,8.39,0.69,0.0
20230524:0711,148.0,30.22,9.28,1.1,0.0
20230524:0811,192.0,37.55,9.89,1.52,0.0
20230524:0911,375.0,44.0,10.37,1.93,0.0
20230524:1011,169.0,48.88,10.65,2.41,0.0
20230524:1111,325.0,51.4,10.66,2.76,0.0
20230524:1211,192.0,50.99,10.56,3.1,0.0
20230524:1311,170.0,47.77,10.53,3.45,0.0
20230524:1411,230.0,42.39,10.73,4.14,0.0
20230524:1511,301.0,35.63,10.79,4.62,0.0
20230524:1611,410.0,28.17,10.84,4.62,0.0
20230524:1711,275.0,20.5,10.64,4.07,0.0
20230524:1811,160.0,13.02,10.3,4.48,0.0
20230524:1911,36.0,6.06,9.97,4.07,0.0
20230524:2011,0.0,0.0,9.85,3.66,0.0
20230524:2111,0.0,0.0,9.45,3.93,0.0
20230524:2211,0.0,0.0,9.18,4.07,0.0
20230524:2311,0.0,0.0,8.97,4.0,0.0
20230525:0011,0.0,0.0,9.02,3.59,0.0
20230525:0111,0.0,0.0,8.76,3.45,0.0
20230525:0211,0.0,0.0,8.81,3.59,0.0
20230525:0311,1.0,1.67,8.52,3.72,0.0
20230525:0411,19.0,8.01,8.4,3.72,0.0
20230525:0511,81.0,15.14,8.69,3.93,0.0
20230525:0611,227.0,22.71,9.11,4.83,0.0
20230525:0711,388.0,30.36,9.56,5.17,0.0
20230525:0811,405.0,37.69,9.81,4.97,0.0
20230525:0911,514.0,44.16,10.0,4.97,0.0
20230525:1011,484.0,49.05,10.27,5.1,0.0
20230525:1111,638.01,51.58,10.4,4.97,0.0
20230525:1211,410.0,51.18,10.5,5.1,0.0
20230525:1311,542.0,47.95,10.38,5.31,0.0
20230525:1411,575.0,42.56,10.74,5.52,0.0
20230525:1511,484.0,35.8,10.5,5.52,0.0
20230525:1611,370.0,28.34,10.37,5.72,0.0
20230525:1711,246.0,20.67,10.04,5.72,0.0
20230525:1811,103.0,13.18,9.61,5.24,0.0
20230525:1911,12.0,6.23,9.31,5.24,0.0
20230525:2011,0.0,0.0,9.05,5.66,0.0
20230525:2111,0.0,0.0,8.61,5.1,0.0
20230525:2211,0.0,0.0,8.54,5.59,0.0
20230525:2311,0.0,0.0,8.4,5.72,0.0
20230526:0011,0.0,0.0,8.38,5.59,0.0
20230526:0111,0.0,0.0,8.31,5.24,0.0
20230526:0211,0.0,0.0,8.31,4.83,0.0
20230526:0311,1.0,1.82,8.36,4.55,0.0
20230526:0411,18.0,8.16,8.22,4.83,0.0
20230526:0511,83.0,15.28,8.26,4.55,0.0
20230526:0611,157.0,22.84,8.61,4.28,0.0
20230526:0711,202.0,30.5,8.87,4.0,0.0
20230526:0811,335.0,37.84,9.61,4.28,0.0
20230526:0911,474.0,44.31,9.76,4.28,0.0
20230526:1011,632.01,49.22,9.9,4.28,0.0
20230526:1111,464.0,51.75,10.29,4.69,0.0
20230526:1211,599.0,51.35,10.79,4.97,0.0
20230526:1311,615.01,48.12,10.81,4.97,0.0
20230526:1411,647.01,42.73,11.05,4.9,0.0
20230526:1511,527.0,35.96,11.04,4.97,0.0
20230526:1611,411.0,28.5,10.7,4.55,0.0
20230526:1711,275.0,20.83,10.42,3.93,0.0
20230526:1811,142.0,13.34,10.05,3.38,0.0
20230526:1911,36.0,6.4,9.63,3.1,0.0
20230526:2011,0.0,0.0,9.2,2.48,0.0
20230526:2111,0.0,0.0,8.64,2.14,0.0
20230526:2211,0.0,0.0,8.2,0.97,0.0
20230526:2311,0.0,0.0,7.99,1.03,0.0
20230527:0011,0.0,0.0,8.14,1.03,0.0
20230527:0111,0.0,0.0,7.79,1.1,0.0
20230527:0211,0.0,0.0,7.25,0.97,0.0
20230527:0311,1.0,1.96,7.36,1.1,0.0
20230527:0411,31.0,8.29,7.38,1.38,0.0
20230527:0511,56.0,15.41,7.75,1.93,0.0
20230527:0611,123.0,22.97,7.99,2.34,0.0
20230527:0711,199.0,30.63,8.19,2.69,0.0
20230527:0811,194.0,37.97,8.68,3.17,0.0
20230527:0911,260.0,44.45,9.47,3.86,0.0
20230527:1011,327.0,49.37,10.23,4.69,0.0
20230527:1111,195.0,51.92,10.5,5.52,0.0
20230527:1211,138.0,51.52,10.7,6.07,0.0
20230527:1311,119.0,48.29,10.51,6.48,0.0
20230527:1411,90.0,42.89,10.41,6.34,0.0
20230527:1511,118.0,36.12,10.09,6.21,0.0
20230527:1611,69.0,28.65,9.81,5.38,0.0
20230527:1711,35.0,20.98,9.78,4.0,0.0
20230527:1811,37.0,13.5,9.92,3.79,0.0
20230527:1911,6.0,6.56,9.93,3.31,0.0
20230527:2011,0.0,0.0,9.74,3.72,0.0
20230527:2111,0.0,0.0,9.28,4.55,0.0
20230527:2211,0.0,0.0,9.07,4.55,0.0
20230527:2311,0.0,0.0,8.72,4.14,0.0
20230528:0011,0.0,0.0,8.28,3.66,0.0
20230528:0111,0.0,0.0,8.04,4.14,0.0
20230528:0211,0.0,0.0,7.67,4.28,0.0
20230528:0311,1.0,2.1,7.95,4.28,0.0
20230528:0411,46.0,8.42,7.91,4.69,0.0
20230528:0511,188.0,15.53,7.87,4.76,0.0
20230528:0611,288.0,23.09,8.22,4.48,0.0
20230528:0711,387.0,30.75,8.39,5.1,0.0
20230528:0811,501.0,38.1,8.57,5.66,0.0
20230528:0911,558.0,44.59,8.91,5.72,0.0
20230528:1011,629.01,49.52,9.29,4.69,0.0
20230528:1111,513.0,52.08,9.27,4.76,0.0
20230528:1211,583.0,51.69,9.6,5.17,0.0
20230528:1311,505.0,48.46,9.48,5.45,0.0
20230528:1411,581.0,43.05,9.64,5.45,0.0
20230528:1511,543.0,36.28,9.5,5.52,0.0
20230528:1611,448.0,28.8,9.12,5.38,0.0
20230528:1711,259.0,21.13,8.98,5.59,0.0
20230528:1811,138.0,13.66,8.59,5.38,0.0
20230528:1911,20.0,6.72,8.07,5.03,0.0
20230528:2011,0.0,0.0,7.38,4.28,0.0
20230528:2111,0.0,0.0,6.87,3.93,0.0
20230528:2211,0.0,0.0,6.53,3.38,0.0
20230528:2311,0.0,0.0,6.32,3.52,0.0
20230529:0011,0.0,0.0,5.96,3.59,0.0
20230529:0111,0.0,0.0,5.84,3.17,0.0
20230529:0211,0.0,0.0,5.76,2.55,0.0
20230529:0311,1.0,2.23,5.58,1.72,0.0
20230529:0411,20.0,8.55,5.94,1.03,0.0
20230529:0511,53.0,15.65,6.66,0.62,0.0
20230529:0611,298.0,23.21,7.3,0.62,0.0
20230529:0711,389.0,30.87,8.26,1.03,0.0
20230529:0811,445.0,38.22,8.82,2.07,0.0
20230529:0911,287.0,44.72,9.39,2.76,0.0
20230529:1011,150.0,49.67,9.35,3.1,0.0
20230529:1111,200.0,52.23,9.23,3.17,0.0
20230529:1211,190.0,51.85,9.38,3.52,0.0
20230529:1311,172.0,48.61,9.2,3.45,0.0
20230529:1411,165.0,43.2,9.14,3.31,0.0
20230529:1511,112.0,36.43,9.11,3.59,0.0
20230529:1611,87.0,28.95,9.31,3.59,0.0
20230529:1711,53.0,21.28,9.58,3.17,0.0
20230529:1811,21.0,13.81,9.63,3.38,0.0
20230529:1911,6.0,6.87,9.55,3.31,0.0
20230529:2011,0.0,0.0,9.48,3.45,0.0
20230529:2111,0.0,0.0,9.33,3.72,0.0
20230529:2211,0.0,0.0,9.13,3.59,0.0
20230529:2311,0.0,0.0,9.02,3.59,0.0
20230530:0011,0.0,0.0,8.98,3.38,0.0
20230530:0111,0.0,0.0,8.73,3.38,0.0
20230530:0211,0.0,0.0,8.42,3.1,0.0
20230530:0311,1.0,2.36,8.37,2.9,0.0
20230530:0411,63.0,8.67,8.33,3.03,0.0
20230530:0511,148.0,15.76,8.77,3.24,0.0
20230530:0611,275.0,23.32,9.27,3.24,0.0
20230530:0711,337.0,30.98,9.81,3.1,0.0
20230530:0811,408.0,38.34,10.32,2.9,0.0
20230530:0911,513.0,44.85,11.14,2.69,0.0
20230530:1011,768.01,49.8,12.2,2.07,0.0
20230530:1111,810.01,52.38,12.88,2.83,0.0
20230530:1211,801.01,52.01,12.98,3.79,0.0
20230530:1311,762.01,48.77,13.25,4.28,0.0
20230530:1411,692.01,43.35,13.11,4.48,0.0
20230530:1511,582.0,36.57,13.09,4.55,0.0
20230530:1611,456.0,29.1,12.74,4.48,0.0
20230530:1711,320.0,21.42,12.33,4.62,0.0
20230530:1811,156.0,13.95,11.51,4.97,0.0
20230530:1911,36.0,7.02,10.73,4.9,0.0
20230530:2011,0.0,0.0,10.05,4.55,0.0
20230530:2111,0.0,0.0,9.41,4.0,0.0
20230530:2211,0.0,0.0,9.07,4.0,0.0
20230530:2311,0.0,0.0,8.73,4.28,0.0
20230531:0011,0.0,0.0,8.49,4.14,0.0
20230531:0111,0.0,0.0,8.16,4.07,0.0
20230531:0211,0.0,0.0,8.04,4.41,0.0
20230531:0311,2.0,2.47,8.25,4.41,0.0
20230531:0411,9.0,8.78,8.48,4.0,0.0
20230531:0511,60.0,15.87,8.71,3.79,0.0
20230531:0611,118.0,23.42,9.45,3.59,0.0
20230531:0711,161.0,31.08,9.82,3.31,0.0
20230531:0811,214.0,38.44,10.45,3.38,0.0
20230531:0911,306.0,44.97,10.71,3.38,0.0
20230531:1011,319.0,49.93,10.96,3.66,0.0
20230531:1111,417.0,52.52,11.28,4.14,0.0
20230531:1211,439.0,52.15,11.11,4.21,0.0
20230531:1311,442.0,48.92,10.98,4.21,0.0
20230531:1411,373.0,43.5,10.9,4.34,0.0
20230531:1511,313.0,36.71,10.88,4.55,0.0
20230531:1611,268.0,29.23,10.66,4.69,0.0
20230531:1711,193.0,21.56,10.38,4.76,0.0
20230531:1811,76.0,14.09,10.08,4.9,0.0
20230531:1911,20.0,7.16,9.8,4.76,0.0
20230531:2011,0.0,0.0,9.52,4.41,0.0
20230531:2111,0.0,0.0,9.17,4.14,0.0
20230531:2211,0.0,0.0,9.08,4.14,0.0
20230531:2311,0.0,0.0,8.86,4.0,0.0
20230601:0011,0.0,0.0,8.53,4.07,0.0
20230601:0111,0.0,0.0,8.2,4.34,0.0
20230601:0211,0.0,0.0,8.01,4.55,0.0
20230601:0311,2.0,2.59,7.82,5.03,0.0
20230601:0411,73.0,8.88,7.87,5.03,0.0
20230601:0511,219.0,15.97,8.08,5.72,0.0
20230601:0611,322.0,23.52,8.16,6.28,0.0
20230601:0711,432.0,31.18,8.19,6.55,0.0
20230601:0811,599.0,38.55,8.74,6.41,0.0
20230601:0911,699.01,45.08,9.09,6.28,0.0
20230601:1011,805.01,50.06,10.75,5.31,0.0
20230601:1111,822.01,52.66,11.35,5.45,0.0
20230601:1211,809.01,52.3,12.23,6.14,0.0
20230601:1311,749.01,49.06,12.63,6.48,0.0
20230601:1411,697.01,43.63,12.79,6.41,0.0
20230601:1511,594.0,36.85,12.71,6.62,0.0
20230601:1611,467.0,29.37,12.52,6.9,0.0
20230601:1711,336.0,21.7,11.97,6.83,0.0
20230601:1811,207.0,14.23,11.13,6.48,0.0
20230601:1911,35.0,7.3,10.26,6.07,0.0
20230601:2011,0.0,0.0,9.5,5.24,0.0
20230601:2111,0.0,0.0,8.06,4.55,0.0
20230601:2211,0.0,0.0,7.75,3.72,0.0
20230601:2311,0.0,0.0,7.09,3.66,0.0
20230602:0011,0.0,0.0,6.45,3.38,0.0
20230602:0111,0.0,0.0,5.88,2.76,0.0
20230602:0211,0.0,0.0,5.76,2.07,0.0
20230602:0311,2.0,2.69,6.22,1.72,0.0
20230602:0411,103.0,8.98,6.2,1.45,0.0
20230602:0511,236.0,16.06,7.43,1.1,0.0
20230602:0611,364.0,23.61,9.05,1.17,0.0
20230602:0711,500.0,31.27,10.65,1.03,0.0
20230602:0811,623.01,38.64,12.02,1.24,0.0
20230602:0911,719.01,45.18,13.18,2.07,0.0
20230602:1011,785.01,50.17,14.09,2.9,0.0
20230602:1111,774.01,52.79,14.24,3.86,0.0
20230602:1211,805.01,52.43,14.08,4.0,0.0
20230602:1311,767.01,49.19,13.86,3.79,0.0
20230602:1411,694.01,43.77,13.76,3.45,0.0
20230602:1511,585.0,36.98,13.58,3.1,0.0
20230602:1611,433.0,29.5,13.35,2.76,0.0
20230602:1711,326.0,21.83,12.98,2.55,0.0
20230602:1811,182.0,14.36,12.29,2.69,0.0
20230602:1911,36.0,7.43,11.36,2.69,0.0
20230602:2011,0.0,0.0,10.24,2.28,0.0
20230602:2111,0.0,0.0,9.05,2.21,0.0
20230602:2211,0.0,0.0,8.8,1.59,0.0
20230602:2311,0.0,0.0,8.15,2.28,0.0
20230603:0011,0.0,0.0,7.53,2.97,0.0
20230603:0111,0.0,0.0,6.71,3.1,0.0
20230603:0211,0.0,0.0,6.47,2.83,0.0
20230603:0311,2.0,2.79,6.37,2.83,0.0
20230603:0411,107.0,9.07,7.09,3.17,0.0
20230603:0511,192.0,16.15,8.13,3.72,0.0
20230603:0611,327.0,23.69,9.13,4.0,0.0
20230603:0711,442.0,31.36,10.32,4.0,0.0
20230603:0811,594.0,38.73,11.63,4.0,0.0
20230603:0911,698.01,45.28,12.35,4.14,0.0
20230603:1011,778.01,50.28,13.23,4.28,0.0
20230603:1111,807.01,52.91,13.57,4.55,0.0
20230603:1211,798.01,52.56,13.9,4.69,0.0
20230603:1311,748.01,49.32,14.06,5.1,0.0
20230603:1411,670.01,43.9,13.99,5.45,0.0
20230603:1511,568.0,37.11,13.91,5.72,0.0
20230603:1611,448.0,29.62,13.37,5.66,0.0
20230603:1711,309.0,21.95,12.88,5.24,0.0
20230603:1811,178.0,14.49,12.24,4.97,0.0
20230603:1911,47.0,7.56,11.49,4.69,0.0
20230603:2011,0.0,0.0,10.52,4.21,0.0
20230603:2111,0.0,0.0,9.09,3.79,0.0
20230603:2211,0.0,0.0,8.44,3.45,0.0
20230603:2311,0.0,0.0,7.9,3.59,0.0
20230604:0011,0.0,0.0,7.3,3.66,0.0
20230604:0111,0.0,0.0,6.88,3.59,0.0
20230604:0211,0.0,0.0,6.57,3.52,0.0
20230604:0311,2.0,2.88,6.34,3.17,0.0
20230604:0411,64.0,9.16,6.79,3.03,0.0
20230604:0511,151.0,16.23,7.88,2.62,0.0
20230604:0611,300.0,23.77,9.28,2.48,0.0
20230604:0711,482.0,31.44,10.79,2.34,0.0
20230604:0811,626.01,38.82,12.23,2.28,0.0
20230604:0911,727.01,45.37,13.77,2.48,0.0
20230604:1011,801.01,50.39,14.9,2.0,0.0
20230604:1111,835.01,53.03,15.71,2.83,0.0
20230604:1211,822.01,52.68,16.32,3.31,0.0
20230604:1311,783.01,49.45,16.57,3.52,0.0
20230604:1411,702.01,44.02,16.76,3.52,0.0
20230604:1511,593.0,37.23,16.58,3.31,0.0
20230604:1611,438.0,29.74,16.31,2.97,0.0
20230604:1711,332.0,22.07,15.95,2.76,0.0
20230604:1811,207.0,14.61,15.2,2.9,0.0
20230604:1911,38.0,7.68,14.2,2.9,0.0
20230604:2011,1.0,1.63,12.75,2.69,0.0
20230604:2111,0.0,0.0,11.28,3.38,0.0
20230604:2211,0.0,0.0,10.03,2.55,0.0
20230604:2311,0.0,0.0,9.37,3.03,0.0
20230605:0011,0.0,0.0,8.77,3.45,0.0
20230605:0111,0.0,0.0,8.2,3.59,0.0
20230605:0211,0.0,0.0,7.81,3.59,0.0
20230605:0311,2.0,2.97,7.65,3.17,0.0
20230605:0411,102.0,9.24,7.74,2.97,0.0
20230605:0511,233.0,16.31,8.84,3.17,0.0
20230605:0611,364.0,23.85,9.51,3.52,0.0
20230605:0711,501.0,31.51,10.47,3.79,0.0
20230605:0811,628.0,38.89,11.67,4.0,0.0
20230605:0911,725.01,45.46,12.58,4.28,0.0
20230605:1011,799.01,50.49,13.71,3.72,0.0
20230605:1111,829.01,53.13,14.49,4.48,0.0
20230605:1211,820.01,52.8,14.8,5.24,0.0
20230605:1311,782.01,49.57,15.08,5.52,0.0
20230605:1411,705.01,44.14,15.04,5.52,0.0
20230605:1511,599.0,37.34,14.71,5.79,0.0
20230605:1611,479.0,29.86,14.33,6.07,0.0
20230605:1711,341.0,22.19,13.75,6.14,0.0
20230605:1811,209.0,14.72,12.88,6.07,0.0
20230605:1911,41.0,7.8,11.93,5.59,0.0
20230605:2011,1.0,1.75,10.85,5.24,0.0
20230605:2111,0.0,0.0,9.78,4.62,0.0
20230605:2211,0.0,0.0,8.81,4.07,0.0
20230605:2311,0.0,0.0,8.23,4.07,0.0
20230606:0011,0.0,0.0,7.82,4.07,0.0
20230606:0111,0.0,0.0,7.22,3.86,0.0
20230606:0211,0.0,0.0,6.92,4.07,0.0
20230606:0311,2.0,3.05,6.74,4.28,0.0
20230606:0411,86.0,9.31,7.24,4.21,0.0
20230606:0511,202.0,16.37,8.28,4.48,0.0
20230606:0611,352.0,23.91,9.52,4.97,0.0
20230606:0711,0.0,0.0,10.76,5.59,0.0
20230606:0811,634.01,38.97,12.06,5.86,0.0
20230606:0911,731.01,45.54,13.29,6.07,0.0
20230606:1011,806.01,50.58,14.27,5.45,0.0
20230606:1111,832.01,53.24,14.85,5.93,0.0
20230606:1211,823.01,52.91,15.37,6.48,0.0
20230606:1311,781.01,49.68,15.57,6.69,0.0
20230606:1411,704.01,44.25,15.56,6.69,0.0
20230606:1511,599.0,37.46,15.29,6.62,0.0
20230606:1611,477.0,29.97,15.02,6.41,0.0
20230606:1711,342.0,22.3,14.43,6.14,0.0
20230606:1811,212.0,14.84,13.57,5.79,0.0
20230606:1911,40.0,7.92,12.36,5.38,0.0
20230606:2011,1.0,1.86,11.31,4.69,0.0
20230606:2111,0.0,0.0,9.89,4.21,0.0
20230606:2211,0.0,0.0,8.73,3.66,0.0
20230606:2311,0.0,0.0,8.05,3.72,0.0
20230607:0011,0.0,0.0,7.51,3.72,0.0
20230607:0111,0.0,0.0,6.97,3.79,0.0
20230607:0211,0.0,0.0,6.74,3.59,0.0
20230607:0311,2.0,3.13,6.72,3.52,0.0
20230607:0411,99.0,9.38,7.2,3.31,0.0
20230607:0511,220.0,16.44,8.28,3.38,0.0
20230607:0611,354.0,23.97,9.4,3.52,0.0
20230607:0711,494.0,31.64,11.0,3.59,0.0
20230607:0811,629.0,39.03,12.62,3.86,0.0
20230607:0911,733.01,45.61,13.99,4.21,0.0
20230607:1011,800.01,50.66,15.36,4.28,0.0
20230607:1111,834.01,53.33,16.0,4.76,0.0
20230607:1211,825.01,53.02,16.15,5.45,0.0
20230607:1311,783.01,49.79,16.28,5.72,0.0
20230607:1411,706.01,44.36,16.07,5.79,0.0
20230607:1511,601.0,37.56,15.64,5.79,0.0
20230607:1611,484.0,30.08,15.04,5.86,0.0
20230607:1711,348.0,22.41,14.37,5.66,0.0
20230607:1811,214.0,14.94,13.46,5.31,0.0
20230607:1911,38.0,8.02,12.59,4.97,0.0
20230607:2011,1.0,1.97,11.62,4.41,0.0
20230607:2111,0.0,0.0,10.27,4.0,0.0
20230607:2211,0.0,0.0,9.1,3.93,0.0
20230607:2311,0.0,0.0,8.47,4.0,0.0
20230608:0011,0.0,0.0,7.94,4.14,0.0
20230608:0111,0.0,0.0,7.51,4.34,0.0
20230608:0211,0.0,0.0,7.26,4.41,0.0
20230608:0311,2.0,3.19,7.35,4.14,0.0
20230608:0411,21.0,9.44,7.69,3.86,0.0
20230608:0511,71.0,16.49,8.31,3.86,0.0
20230608:0611,155.0,24.03,9.26,3.79,0.0
20230608:0711,260.0,31.69,10.29,3.72,0.0
20230608:0811,426.0,39.09,11.96,3.52,0.0
20230608:0911,720.01,45.68,13.63,3.38,0.0
20230608:1011,801.01,50.74,15.04,2.55,0.0
20230608:1111,832.01,53.42,16.18,3.03,0.0
20230608:1211,823.01,53.11,17.01,3.79,0.0
20230608:1311,781.01,49.89,17.52,4.28,0.0
20230608:1411,705.01,44.46,17.63,4.28,0.0
20230608:1511,604.0,37.66,17.72,4.07,0.0
20230608:1611,479.0,30.18,17.41,3.72,0.0
20230608:1711,343.0,22.51,16.87,3.45,0.0
20230608:1811,207.0,15.04,15.93,3.03,0.0
20230608:1911,46.0,8.12,14.75,2.48,0.0
20230608:2011,1.0,2.07,13.38,1.86,0.0
20230608:2111,0.0,0.0,11.91,1.66,0.0
20230608:2211,0.0,0.0,10.82,0.14,0.0
20230608:2311,0.0,0.0,10.08,0.34,0.0
20230609:0011,0.0,0.0,9.26,0.55,0.0
20230609:0111,0.0,0.0,9.03,0.62,0.0
20230609:0211,0.0,0.0,8.98,0.83,0.0
20230609:0311,2.0,3.25,8.61,1.17,0.0
20230609:0411,40.0,9.5,9.31,1.59,0.0
20230609:0511,190.0,16.54,11.48,1.59,0.0
20230609:0611,353.0,24.07,14.17,1.17,0.0
20230609:0711,485.0,31.74,16.78,1.59,0.0
20230609:0811,608.0,39.14,18.58,2.07,0.0
20230609:0911,694.01,45.74,19.79,1.93,0.0
20230609:1011,774.01,50.81,19.32,1.1,0.0
20230609:1111,690.01,53.5,19.61,2.0,0.0
20230609:1211,638.01,53.21,19.66,2.55,0.0
20230609:1311,678.01,49.99,19.27,3.31,0.0
20230609:1411,557.0,44.56,18.06,3.45,0.0
20230609:1511,567.0,37.76,17.43,3.66,0.0
20230609:1611,439.0,30.27,16.49,3.72,0.0
20230609:1711,331.0,22.6,15.81,3.59,0.0
20230609:1811,187.0,15.14,15.3,3.1,0.0
20230609:1911,35.0,8.22,14.91,2.28,0.0
20230609:2011,1.0,2.17,14.05,1.72,0.0
20230609:2111,0.0,0.0,12.37,2.14,0.0
20230609:2211,0.0,0.0,10.86,2.0,0.0
20230609:2311,0.0,0.0,10.46,2.41,0.0
20230610:0011,0.0,0.0,10.08,2.41,0.0
20230610:0111,0.0,0.0,9.52,2.34,0.0
20230610:0211,0.0,0.0,9.22,2.62,0.0
20230610:0311,3.0,3.31,9.39,3.1,0.0
20230610:0411,111.0,9.54,10.45,3.45,0.0
20230610:0511,236.0,16.59,12.75,3.52,0.0
20230610:0611,372.0,24.12,15.06,3.17,0.0
20230610:0711,499.0,31.78,16.99,3.66,0.0
20230610:0811,622.0,39.19,18.17,4.0,0.0
20230610:0911,721.01,45.79,19.0,4.28,0.0
20230610:1011,761.01,50.87,20.21,4.48,0.0
20230610:1111,789.01,53.58,20.49,4.69,0.0
20230610:1211,786.01,53.29,20.51,4.9,0.0
20230610:1311,670.01,50.08,20.21,4.9,0.0
20230610:1411,689.01,44.65,20.01,4.97,0.0
20230610:1511,462.0,37.85,20.04,4.83,0.0
20230610:1611,405.0,30.36,19.9,4.28,0.0
20230610:1711,314.0,22.69,19.34,3.24,0.0
20230610:1811,149.0,15.23,18.66,2.69,0.0
20230610:1911,44.0,8.31,17.6,2.21,0.0
20230610:2011,1.0,2.26,16.42,1.59,0.0
20230610:2111,0.0,0.0,14.83,1.1,0.0
20230610:2211,0.0,0.0,13.89,1.1,0.0
20230610:2311,0.0,0.0,13.15,1.66,0.0
20230611:0011,0.0,0.0,12.41,1.86,0.0
20230611:0111,0.0,0.0,12.09,2.34,0.0
20230611:0211,0.0,0.0,11.67,2.69,0.0
20230611:0311,3.0,3.36,11.63,3.03,0.0
20230611:0411,112.0,9.59,12.19,3.24,0.0
20230611:0511,241.0,16.63,13.88,3.1,0.0
20230611:0611,377.0,24.15,16.21,3.03,0.0
20230611:0711,503.0,31.82,17.96,3.79,0.0
20230611:0811,627.0,39.23,19.42,3.72,0.0
20230611:0911,723.01,45.83,20.56,3.52,0.0
20230611:1011,792.01,50.93,21.35,2.62,0.0
20230611:1111,823.01,53.65,21.68,2.76,0.0
20230611:1211,819.01,53.37,22.02,3.24,0.0
20230611:1311,778.01,50.16,22.43,3.79,0.0
20230611:1411,702.01,44.74,22.59,3.93,0.0
20230611:1511,523.0,37.94,22.6,4.07,0.0
20230611:1611,474.0,30.45,22.52,4.21,0.0
20230611:1711,335.0,22.78,21.97,4.34,0.0
20230611:1811,91.0,15.32,21.22,3.79,0.0
20230611:1911,54.0,8.4,20.25,2.9,0.0
20230611:2011,1.0,2.35,19.0,2.28,0.0
20230611:2111,0.0,0.0,17.32,2.48,0.0
20230611:2211,0.0,0.0,16.37,3.66,0.0
20230611:2311,0.0,0.0,15.67,4.07,0.0
20230612:0011,0.0,0.0,15.37,4.07,0.0
20230612:0111,0.0,0.0,15.13,4.14,0.0
20230612:0211,0.0,0.0,14.75,4.14,0.0
20230612:0311,25.62,3.4,14.64,3.79,0.0
20230612:0411,87.0,9.62,14.84,3.45,0.0
20230612:0511,179.0,16.66,15.99,3.03,0.0
20230612:0611,295.0,24.18,17.35,3.17,0.0
20230612:0711,435.0,31.85,18.45,3.72,0.0
20230612:0811,321.0,39.26,19.36,3.79,0.0
20230612:0911,0.0,0.0,20.07,3.86,0.0
20230612:1011,245.0,50.98,20.46,3.52,0.0
20230612:1111,692.01,53.71,20.61,4.0,0.0
20230612:1211,669.01,53.44,20.66,4.62,0.0
20230612:1311,491.0,50.24,20.51,4.97,0.0
20230612:1411,440.0,44.82,20.02,4.62,0.0
20230612:1511,433.0,38.02,19.48,3.79,0.0
20230612:1611,445.0,30.53,18.84,3.03,0.0
20230612:1711,319.0,22.86,18.15,2.41,0.0
20230612:1811,194.0,15.4,17.37,1.93,0.0
20230612:1911,52.0,8.48,16.58,1.59,0.0
20230612:2011,3.0,2.43,15.9,1.24,0.0
20230612:2111,0.0,0.0,14.71,1.38,0.0
20230612:2211,0.0,0.0,13.46,0.9,0.0
20230612:2311,0.0,0.0,13.62,1.45,0.0
20230613:0011,0.0,0.0,13.35,1.52,0.0
20230613:0111,0.0,0.0,12.51,1.66,0.0
20230613:0211,0.0,0.0,12.65,1.45,0.0
20230613:0311,26.42,3.43,12.75,1.31,0.0
20230613:0411,10.0,9.65,12.63,1.38,0.0
20230613:0511,77.0,16.68,13.7,1.66,0.0
20230613:0611,165.0,24.21,15.39,1.38,0.0
20230613:0711,253.0,31.88,17.03,1.66,0.0
20230613:0811,498.0,39.29,18.34,2.0,0.0
20230613:0911,655.01,45.91,19.84,2.41,0.0
20230613:1011,634.01,51.02,20.53,2.55,0.0
20230613:1111,768.01,53.77,21.43,2.69,0.0
20230613:1211,782.01,53.51,21.97,3.24,0.0
20230613:1311,727.01,50.31,22.48,3.79,0.0
20230613:1411,593.0,44.89,22.25,4.62,0.0
20230613:1511,421.0,38.09,21.85,5.03,0.0
20230613:1611,421.0,30.61,21.43,4.83,0.0
20230613:1711,329.0,22.94,21.0,4.14,0.0
20230613:1811,204.0,15.47,20.01,3.66,0.0
20230613:1911,53.0,8.55,18.82,2.9,0.0
20230613:2011,2.0,2.5,17.86,2.28,0.0
20230613:2111,0.0,0.0,16.19,2.62,0.0
20230613:2211,0.0,0.0,14.86,2.41,0.0
20230613:2311,0.0,0.0,14.21,1.31,0.0
20230614:0011,0.0,0.0,13.99,1.17,0.0
20230614:0111,0.0,0.0,13.58,1.38,0.0
20230614:0211,0.0,0.0,13.31,1.72,0.0
20230614:0311,26.45,3.46,12.99,1.72,0.0
20230614:0411,95.0,9.68,13.54,1.59,0.0
20230614:0511,214.0,16.7,14.15,1.79,0.0
20230614:0611,346.0,24.22,15.31,1.72,0.0
20230614:0711,464.0,31.89,17.16,1.72,0.0
20230614:0811,580.0,39.31,18.93,1.93,0.0
20230614:0911,692.01,45.94,20.38,2.14,0.0
20230614:1011,767.01,51.06,21.61,2.9,0.0
20230614:1111,810.01,53.81,22.01,3.03,0.0
20230614:1211,802.01,53.57,22.49,3.72,0.0
20230614:1311,762.01,50.38,22.35,4.0,0.0
20230614:1411,681.01,44.96,21.71,3.24,0.0
20230614:1511,578.0,38.16,20.83,2.14,0.0
20230614:1611,484.0,30.68,20.21,2.55,0.0
20230614:1711,343.0,23.01,19.92,2.76,0.0
20230614:1811,62.0,15.54,19.62,2.76,0.0
20230614:1911,9.0,8.62,18.74,2.55,0.0
20230614:2011,2.0,2.57,17.66,2.41,0.0
20230614:2111,0.0,0.0,15.87,2.55,0.0
20230614:2211,0.0,0.0,14.67,2.34,0.0
20230614:2311,0.0,0.0,13.9,2.07,0.0
20230615:0011,0.0,0.0,13.3,1.79,0.0
20230615:0111,0.0,0.0,12.87,1.93,0.0
20230615:0211,0.0,0.0,12.74,1.66,0.0
20230615:0311,27.31,3.48,12.59,1.66,0.0
20230615:0411,118.0,9.69,12.79,1.38,0.0
20230615:0511,232.0,16.72,14.01,1.66,0.0
20230615:0611,365.0,24.24,15.6,2.07,0.0
20230615:0711,495.0,31.91,17.46,2.34,0.0
20230615:0811,611.0,39.32,19.41,2.48,0.0
20230615:0911,709.01,45.96,20.88,2.55,0.0
20230615:1011,778.01,51.09,22.48,2.97,0.0
20230615:1111,812.01,53.85,23.55,3.31,0.0
20230615:1211,805.01,53.62,24.12,3.24,0.0
20230615:1311,761.01,50.44,24.32,3.31,0.0
20230615:1411,691.01,45.02,23.9,4.21,0.0
20230615:1511,587.0,38.23,22.85,3.72,0.0
20230615:1611,462.0,30.74,21.85,3.03,0.0
20230615:1711,324.0,23.07,21.82,3.31,0.0
20230615:1811,19.0,15.61,21.25,3.17,0.0
20230615:1911,9.0,8.68,20.14,3.1,0.0
20230615:2011,2.0,2.63,18.85,2.9,0.0
20230615:2111,0.0,0.0,17.34,3.03,0.0
20230615:2211,0.0,0.0,15.43,2.9,0.0
20230615:2311,0.0,0.0,14.75,2.83,0.0
20230616:0011,0.0,0.0,14.0,2.41,0.0
20230616:0111,0.0,0.0,13.49,2.07,0.0
20230616:0211,0.0,0.0,13.11,1.79,0.0
20230616:0311,3.0,3.5,12.92,1.66,0.0
20230616:0411,89.0,9.7,13.22,1.52,0.0
20230616:0511,218.0,16.73,14.69,1.66,0.0
20230616:0611,359.0,24.24,16.13,1.66,0.0
20230616:0711,487.0,31.91,17.9,1.72,0.0
20230616:0811,610.0,39.33,19.81,2.14,0.0
20230616:0911,708.01,45.97,21.22,2.62,0.0
20230616:1011,769.01,51.11,22.05,3.17,0.0
20230616:1111,807.01,53.89,22.66,3.31,0.0
20230616:1211,795.01,53.66,23.29,3.79,0.0
20230616:1311,756.01,50.49,23.16,4.41,0.0
20230616:1411,680.01,45.08,22.93,4.62,0.0
20230616:1511,577.0,38.28,21.58,2.41,0.0
20230616:1611,179.0,30.8,21.38,1.38,0.0
20230616:1711,47.0,23.13,20.68,2.34,0.0
20230616:1811,48.0,15.66,19.95,2.76,0.0
20230616:1911,24.0,8.74,19.03,2.55,0.0
20230616:2011,2.0,2.68,17.76,2.34,0.0
20230616:2111,0.0,0.0,15.83,2.41,0.0
20230616:2211,0.0,0.0,14.37,0.97,0.0
20230616:2311,0.0,0.0,14.04,0.9,0.0
20230617:0011,0.0,0.0,13.75,1.24,0.0
20230617:0111,0.0,0.0,12.9,1.59,0.0
20230617:0211,0.0,0.0,12.34,1.31,0.0
20230617:0311,3.0,3.51,12.25,1.1,0.0
20230617:0411,77.0,9.71,12.61,0.97,0.0
20230617:0511,200.0,16.73,13.73,0.76,0.0
20230617:0611,345.0,24.24,15.3,0.62,0.0
20230617:0711,474.0,31.91,17.03,0.69,0.0
20230617:0811,601.0,39.33,18.98,1.38,0.0
20230617:0911,697.01,45.98,20.47,2.34,0.0
20230617:1011,765.01,51.13,20.92,3.03,0.0
20230617:1111,799.01,53.92,21.56,3.52,0.0
20230617:1211,792.01,53.7,21.62,3.72,0.0
20230617:1311,757.01,50.53,21.01,2.28,0.0
20230617:1411,681.01,45.13,21.05,1.86,0.0
20230617:1511,575.0,38.34,20.41,2.28,0.0
20230617:1611,386.0,30.85,20.46,2.62,0.0
20230617:1711,216.0,23.18,20.27,3.1,0.0
20230617:1811,138.0,15.72,19.66,2.9,0.0
20230617:1911,56.0,8.79,18.47,2.41,0.0
20230617:2011,2.0,2.73,17.07,1.52,0.0
20230617:2111,0.0,0.0,15.96,1.66,0.0
20230617:2211,0.0,0.0,14.06,1.1,0.0
20230617:2311,0.0,0.0,13.43,1.72,0.0
20230618:0011,0.0,0.0,13.23,1.86,0.0
20230618:0111,0.0,0.0,12.5,1.86,0.0
20230618:0211,0.0,0.0,12.2,1.59,0.0
20230618:0311,3.0,3.51,12.27,1.52,0.0
20230618:0411,20.0,9.71,12.52,1.38,0.0
20230618:0511,122.0,16.72,13.7,1.31,0.0
20230618:0611,279.0,24.24,15.29,1.03,0.0
20230618:0711,430.0,31.91,17.23,1.1,0.0
20230618:0811,590.0,39.33,19.28,1.79,0.0
20230618:0911,700.01,45.98,20.87,1.79,0.0
20230618:1011,768.01,51.14,22.13,3.1,0.0
20230618:1111,802.01,53.94,22.78,1.17,0.0
20230618:1211,787.01,53.73,22.48,1.31,0.0
20230618:1311,546.0,50.57,21.04,2.14,0.0
20230618:1411,94.0,45.17,20.73,2.83,0.0
20230618:1511,109.0,38.38,21.52,2.0,0.0
20230618:1611,117.0,30.9,20.76,0.34,0.0
20230618:1711,150.0,23.23,20.34,1.59,0.0
20230618:1811,93.0,15.76,19.39,2.0,0.0
20230618:1911,56.0,8.84,18.89,1.52,0.0
20230618:2011,2.0,2.77,18.05,1.03,0.0
20230618:2111,0.0,0.0,18.58,0.69,0.0
20230618:2211,0.0,0.0,18.07,0.76,0.0
20230618:2311,0.0,0.0,17.1,0.69,0.0
20230619:0011,0.0,0.0,16.48,0.55,0.0
20230619:0111,0.0,0.0,15.94,0.76,0.0
20230619:0211,0.0,0.0,15.06,0.48,0.0
20230619:0311,3.0,3.51,14.93,0.55,0.0
20230619:0411,81.0,9.7,14.85,0.69,0.0
20230619:0511,204.0,16.71,15.82,0.69,0.0
20230619:0611,346.0,24.23,17.36,0.76,0.0
20230619:0711,453.0,31.9,18.23,0.83,0.0
20230619:0811,310.0,39.32,18.69,0.21,0.0
20230619:0911,475.0,45.98,19.08,0.83,0.0
20230619:1011,437.0,51.14,20.39,1.31,0.0
20230619:1111,364.0,53.95,20.49,1.31,0.0
20230619:1211,451.0,53.76,20.79,1.86,0.0
20230619:1311,399.0,50.61,20.77,2.76,0.0
20230619:1411,577.0,45.21,20.77,2.21,0.0
20230619:1511,326.0,38.43,20.22,1.31,0.0
20230619:1611,200.0,30.94,19.65,1.45,0.0
20230619:1711,34.0,23.27,19.05,2.0,0.0
20230619:1811,24.0,15.81,18.54,2.14,0.0
20230619:1911,18.0,8.88,18.08,1.72,0.0
20230619:2011,2.0,2.81,17.2,0.97,0.0
20230619:2111,0.0,0.0,16.91,1.03,0.0
20230619:2211,0.0,0.0,16.76,2.62,0.0
20230619:2311,0.0,0.0,16.31,2.21,0.0
20230620:0011,0.0,0.0,16.16,2.14,0.0
20230620:0111,0.0,0.0,16.22,2.21,0.0
20230620:0211,0.0,0.0,15.91,2.14,0.0
20230620:0311,3.0,3.5,15.7,1.59,0.0
20230620:0411,27.0,9.69,16.06,1.38,0.0
20230620:0511,88.0,16.7,16.38,1.79,0.0
20230620:0611,262.0,24.21,17.0,1.59,0.0
20230620:0711,216.0,31.88,17.87,0.83,0.0
20230620:0811,314.0,39.31,18.07,0.34,0.0
20230620:0911,358.0,45.97,18.54,1.45,0.0
20230620:1011,511.0,51.14,19.66,1.93,0.0
20230620:1111,605.0,53.96,19.14,2.62,0.0
20230620:1211,643.01,53.77,19.32,3.1,0.0
20230620:1311,518.0,50.63,19.67,3.03,0.0
20230620:1411,567.0,45.24,19.89,2.76,0.0
20230620:1511,537.0,38.46,18.83,2.76,0.0
20230620:1611,396.0,30.98,19.08,2.69,0.0
20230620:1711,190.0,23.31,19.28,2.41,0.0
20230620:1811,52.0,15.84,18.73,2.34,0.0
20230620:1911,43.0,8.91,18.18,1.31,0.0
20230620:2011,3.0,2.84,17.59,0.55,0.0
20230620:2111,0.0,0.0,17.05,0.34,0.0
20230620:2211,0.0,0.0,16.86,1.03,0.0
20230620:2311,0.0,0.0,17.13,0.34,0.0
20230621:0011,0.0,0.0,16.71,1.38,0.0
20230621:0111,0.0,0.0,16.77,1.72,0.0
20230621:0211,0.0,0.0,16.7,1.45,0.0
20230621:0311,3.0,3.49,16.68,1.52,0.0
20230621:0411,10.0,9.67,16.89,1.72,0.0
20230621:0511,20.0,16.68,17.93,2.28,0.0
20230621:0611,65.0,24.19,18.77,2.97,0.0
20230621:0711,54.0,31.86,18.89,3.24,0.0
20230621:0811,190.0,39.29,18.96,3.17,0.0
20230621:0911,296.0,45.95,18.86,3.31,0.0
20230621:1011,185.0,51.13,18.55,3.31,0.0
20230621:1111,158.0,53.96,19.3,4.97,0.0
20230621:1211,137.0,53.79,20.1,5.72,0.0
20230621:1311,306.0,50.65,19.02,5.59,0.0
20230621:1411,107.0,45.27,17.34,6.69,0.0
20230621:1511,103.0,38.49,16.08,6.21,0.0
20230621:1611,67.0,31.01,15.87,6.55,0.0
20230621:1711,68.0,23.34,15.42,5.93,0.0
20230621:1811,34.0,15.87,15.3,5.59,0.0
20230621:1911,9.0,8.94,14.84,4.62,0.0
20230621:2011,2.0,2.87,14.7,3.86,0.0
20230621:2111,0.0,0.0,14.49,3.31,0.0
20230621:2211,0.0,0.0,14.29,2.48,0.0
20230621:2311,0.0,0.0,14.18,2.48,0.0
20230622:0011,0.0,0.0,14.24,2.62,0.0
20230622:0111,0.0,0.0,14.27,2.97,0.0
20230622:0211,0.0,0.0,14.13,3.1,0.0
20230622:0311,3.0,3.46,14.01,3.1,0.0
20230622:0411,21.0,9.64,14.0,3.1,0.0
20230622:0511,68.0,16.65,14.1,3.03,0.0
20230622:0611,148.0,24.16,13.88,2.9,0.0
20230622:0711,423.0,31.83,14.35,2.83,0.0
20230622:0811,568.0,39.26,14.6,2.48,0.0
20230622:0911,631.01,45.93,15.24,2.48,0.0
20230622:1011,665.01,51.11,15.27,1.86,0.0
20230622:1111,708.01,53.95,15.99,2.07,0.0
20230622:1211,678.01,53.79,16.45,2.55,0.0
20230622:1311,672.01,50.67,16.63,3.24,0.0
20230622:1411,626.01,45.29,16.76,3.66,0.0
20230622:1511,595.0,38.51,16.52,3.86,0.0
20230622:1611,378.0,31.04,16.46,3.93,0.0
20230622:1711,329.0,23.37,16.2,3.72,0.0
20230622:1811,214.0,15.9,15.84,3.45,0.0
20230622:1911,46.0,8.96,15.46,2.9,0.0
20230622:2011,14.0,2.88,14.97,2.28,0.0
20230622:2111,0.0,0.0,14.22,2.41,0.0
20230622:2211,0.0,0.0,13.46,2.07,0.0
20230622:2311,0.0,0.0,13.29,2.21,0.0
20230623:0011,0.0,0.0,13.32,2.62,0.0
20230623:0111,0.0,0.0,13.26,2.76,0.0
20230623:0211,0.0,0.0,13.19,2.62,0.0
20230623:0311,3.0,3.44,12.86,2.83,0.0
20230623:0411,54.0,9.61,12.77,2.9,0.0
20230623:0511,210.0,16.62,13.33,3.17,0.0
20230623:0611,365.0,24.12,13.82,3.31,0.0
20230623:0711,498.0,31.79,14.28,3.52,0.0
20230623:0811,601.0,39.23,14.87,3.66,0.0
20230623:0911,702.01,45.9,15.88,3.93,0.0
20230623:1011,775.01,51.09,17.35,3.86,0.0
20230623:1111,819.01,53.94,17.92,4.48,0.0
20230623:1211,821.01,53.79,18.29,4.76,0.0
20230623:1311,715.01,50.68,18.29,5.03,0.0
20230623:1411,674.01,45.3,17.94,5.17,0.0
20230623:1511,587.0,38.53,17.73,4.97,0.0
20230623:1611,357.0,31.06,17.3,4.69,0.0
20230623:1711,253.0,23.39,16.78,4.34,0.0
20230623:1811,91.0,15.91,16.06,4.0,0.0
20230623:1911,58.0,8.98,15.4,3.72,0.0
20230623:2011,2.0,2.89,14.62,3.03,0.0
20230623:2111,0.0,0.0,13.44,2.41,0.0
20230623:2211,0.0,0.0,12.66,2.07,0.0
20230623:2311,0.0,0.0,12.29,2.07,0.0
20230624:0011,0.0,0.0,11.9,2.14,0.0
20230624:0111,0.0,0.0,12.18,1.52,0.0
20230624:0211,0.0,0.0,11.27,1.17,0.0
20230624:0311,3.0,3.4,11.66,1.24,0.0
20230624:0411,98.0,9.58,11.89,1.17,0.0
20230624:0511,235.0,16.58,12.66,1.59,0.0
20230624:0611,338.0,24.08,13.71,1.38,0.0
20230624:0711,340.0,31.75,14.97,0.97,0.0
20230624:0811,413.0,39.19,16.21,1.31,0.0
20230624:0911,571.0,45.86,17.17,1.52,0.0
20230624:1011,731.01,51.06,18.45,0.76,0.0
20230624:1111,356.0,53.92,19.23,2.83,0.0
20230624:1211,434.0,53.78,19.71,3.52,0.0
20230624:1311,436.0,50.68,19.96,2.76,0.0
20230624:1411,488.0,45.31,20.38,2.55,0.0
20230624:1511,586.0,38.54,20.39,3.17,0.0
20230624:1611,345.0,31.07,20.23,3.17,0.0
20230624:1711,334.0,23.4,19.97,2.9,0.0
20230624:1811,204.0,15.93,19.41,2.62,0.0
20230624:1911,37.0,8.99,18.41,2.21,0.0
20230624:2011,2.0,2.9,17.44,1.38,0.0
20230624:2111,0.0,0.0,16.14,1.17,0.0
20230624:2211,0.0,0.0,16.06,1.03,0.0
20230624:2311,0.0,0.0,15.89,0.83,0.0
20230625:0011,0.0,0.0,15.33,0.76,0.0
20230625:0111,0.0,0.0,15.1,1.03,0.0
20230625:0211,0.0,0.0,14.85,1.17,0.0
20230625:0311,2.0,3.36,14.43,1.31,0.0
20230625:0411,102.0,9.53,14.6,0.97,0.0
20230625:0511,217.0,16.53,15.86,0.69,0.0
20230625:0611,288.0,24.04,16.86,0.76,0.0
20230625:0711,372.0,31.71,17.87,1.03,0.0
20230625:0811,526.0,39.14,18.93,1.72,0.0
20230625:0911,679.01,45.82,19.9,2.69,0.0
20230625:1011,687.01,51.02,21.17,3.17,0.0
20230625:1111,768.01,53.89,21.4,3.72,0.0
20230625:1211,729.01,53.76,21.55,3.93,0.0
20230625:1311,686.01,50.67,21.58,4.48,0.0
20230625:1411,567.0,45.31,21.49,4.62,0.0
20230625:1511,450.0,38.55,20.74,4.62,0.0
20230625:1611,461.0,31.08,20.38,4.41,0.0
20230625:1711,285.0,23.41,19.91,3.86,0.0
20230625:1811,94.0,15.93,19.15,3.24,0.0
20230625:1911,57.0,8.99,18.52,2.76,0.0
20230625:2011,14.0,2.9,18.12,2.21,0.0
20230625:2111,0.0,0.0,17.62,1.38,0.0
20230625:2211,0.0,0.0,17.16,0.62,0.0
20230625:2311,0.0,0.0,16.92,1.03,0.0
20230626:0011,0.0,0.0,16.57,1.59,0.0
20230626:0111,0.0,0.0,16.31,2.07,0.0
20230626:0211,0.0,0.0,16.25,2.41,0.0
20230626:0311,6.0,3.32,16.5,2.76,0.0
20230626:0411,111.0,9.49,17.54,3.52,0.0
20230626:0511,218.0,16.48,18.87,4.21,0.0
20230626:0611,124.0,23.99,20.16,4.62,0.0
20230626:0711,355.0,31.66,21.1,5.45,0.0
20230626:0811,69.0,39.09,21.77,5.59,0.0
20230626:0911,77.0,45.77,21.63,5.52,0.0
20230626:1011,84.0,50.98,20.03,4.21,0.0
20230626:1111,99.0,53.86,18.26,3.31,0.0
20230626:1211,120.0,53.74,17.17,3.38,0.0
20230626:1311,123.0,50.66,16.69,3.59,0.0
20230626:1411,141.0,45.31,15.99,3.38,0.0
20230626:1511,368.0,38.55,15.57,4.07,0.0
20230626:1611,185.0,31.08,15.61,3.45,0.0
20230626:1711,269.0,23.41,15.06,2.21,0.0
20230626:1811,129.0,15.93,14.45,2.28,0.0
20230626:1911,56.0,8.99,13.97,3.52,0.0
20230626:2011,2.0,2.89,13.88,4.41,0.0
20230626:2111,0.0,0.0,13.69,5.24,0.0
20230626:2211,0.0,0.0,13.99,6.14,0.0
20230626:2311,0.0,0.0,13.76,7.17,0.0
20230627:0011,0.0,0.0,13.49,6.62,0.0
20230627:0111,0.0,0.0,13.27,6.07,0.0
20230627:0211,0.0,0.0,13.18,5.86,0.0
20230627:0311,2.0,3.26,13.09,6.14,0.0
20230627:0411,10.0,9.43,13.06,6.41,0.0
20230627:0511,29.0,16.43,13.09,6.28,0.0
20230627:0611,60.0,23.93,13.15,5.79,0.0
20230627:0711,112.0,31.6,13.27,5.86,0.0
20230627:0811,256.0,39.04,13.57,5.38,0.0
20230627:0911,249.0,45.72,14.08,5.52,0.0
20230627:1011,290.0,50.93,14.49,5.93,0.0
20230627:1111,317.0,53.82,15.11,5.79,0.0
20230627:1211,264.0,53.71,15.63,5.52,0.0
20230627:1311,226.0,50.64,15.82,5.03,0.0
20230627:1411,280.0,45.3,16.12,4.97,0.0
20230627:1511,227.0,38.54,16.14,5.38,0.0
20230627:1611,199.0,31.08,16.12,4.9,0.0
20230627:1711,151.0,23.41,15.95,4.41,0.0
20230627:1811,71.0,15.93,15.65,4.07,0.0
20230627:1911,52.0,8.98,15.04,3.86,0.0
20230627:2011,2.0,2.88,14.56,3.38,0.0
20230627:2111,0.0,0.0,13.8,2.69,0.0
20230627:2211,0.0,0.0,12.83,1.79,0.0
20230627:2311,0.0,0.0,12.19,1.52,0.0
20230628:0011,0.0,0.0,12.01,1.52,0.0
20230628:0111,0.0,0.0,12.31,1.31,0.0
20230628:0211,0.0,0.0,12.3,0.76,0.0
20230628:0311,2.0,3.21,12.1,0.48,0.0
20230628:0411,10.0,9.37,11.93,0.34,0.0
20230628:0511,77.0,16.37,12.38,0.41,0.0
20230628:0611,214.0,23.87,13.38,0.69,0.0
20230628:0711,353.0,31.54,14.7,0.83,0.0
20230628:0811,547.0,38.98,15.94,1.17,0.0
20230628:0911,543.0,45.66,17.44,2.14,0.0
20230628:1011,453.0,50.88,18.94,2.0,0.0
20230628:1111,150.0,53.77,18.38,3.86,0.0
20230628:1211,160.0,53.67,17.86,3.45,0.0
20230628:1311,99.0,50.61,17.84,4.0,0.0
20230628:1411,127.0,45.28,17.25,4.07,0.0
20230628:1511,203.0,38.53,17.43,3.86,0.0
20230628:1611,167.0,31.07,17.25,3.59,0.0
20230628:1711,137.0,23.4,17.37,3.24,0.0
20230628:1811,70.0,15.91,17.38,3.03,0.0
20230628:1911,10.0,8.96,17.22,2.97,0.0
20230628:2011,2.0,2.86,16.74,2.76,0.0
20230628:2111,0.0,0.0,16.48,2.55,0.0
20230628:2211,0.0,0.0,16.28,2.34,0.0
20230628:2311,0.0,0.0,16.04,1.86,0.0
20230629:0011,0.0,0.0,15.82,1.66,0.0
20230629:0111,0.0,0.0,15.52,1.79,0.0
20230629:0211,0.0,0.0,15.17,1.86,0.0
20230629:0311,2.0,3.14,14.74,2.28,0.0
20230629:0411,10.0,9.31,14.49,2.69,0.0
20230629:0511,23.0,16.3,14.49,2.97,0.0
20230629:0611,90.0,23.8,14.52,3.17,0.0
20230629:0711,83.0,31.47,14.7,3.38,0.0
20230629:0811,150.0,38.91,14.78,3.59,0.0
20230629:0911,260.0,45.6,15.47,3.66,0.0
20230629:1011,172.0,50.82,15.47,3.72,0.0
20230629:1111,167.0,53.71,16.25,3.93,0.0
20230629:1211,135.0,53.63,16.65,4.0,0.0
20230629:1311,114.0,50.58,16.86,3.66,0.0
20230629:1411,103.0,45.26,16.68,3.79,0.0
20230629:1511,68.0,38.51,15.77,4.55,0.0
20230629:1611,59.0,31.05,14.84,4.76,0.0
20230629:1711,95.0,23.38,13.95,4.69,0.0
20230629:1811,33.0,15.9,13.29,4.69,0.0
20230629:1911,9.0,8.94,12.93,4.62,0.0
20230629:2011,14.0,2.83,12.75,4.34,0.0
20230629:2111,0.0,0.0,12.55,4.14,0.0
20230629:2211,0.0,0.0,12.84,3.79,0.0
20230629:2311,0.0,0.0,12.76,3.86,0.0
20230630:0011,0.0,0.0,12.61,3.52,0.0
20230630:0111,0.0,0.0,12.26,2.97,0.0
20230630:0211,0.0,0.0,12.11,2.62,0.0
20230630:0311,2.0,3.07,11.56,2.28,0.0
20230630:0411,50.0,9.23,12.06,2.14,0.0
20230630:0511,180.0,16.23,12.52,1.86,0.0
20230630:0611,307.0,23.73,13.01,1.24,0.0
20230630:0711,406.0,31.4,13.48,0.48,0.0
20230630:0811,493.0,38.84,14.22,1.24,0.0
20230630:0911,655.01,45.53,14.71,2.07,0.0
20230630:1011,508.0,50.75,14.95,2.48,0.0
20230630:1111,0.0,0.0,15.3,2.76,0.0
20230630:1211,455.0,53.58,15.55,3.38,0.0
20230630:1311,480.0,50.54,15.69,3.86,0.0
20230630:1411,379.0,45.23,15.46,4.28,0.0
20230630:1511,199.0,38.49,15.39,4.14,0.0
20230630:1611,164.0,31.03,15.34,4.0,0.0
20230630:1711,65.0,23.36,15.24,3.72,0.0
20230630:1811,25.0,15.87,14.65,3.31,0.0
20230630:1911,9.0,8.91,14.57,3.03,0.0
20230630:2011,2.0,2.8,14.23,2.41,0.0
20230630:2111,0.0,0.0,13.89,2.28,0.0
20230630:2211,0.0,0.0,13.22,2.9,0.0
20230630:2311,0.0,0.0,13.23,2.48,0.0
20230701:0011,0.0,0.0,12.91,2.14,0.0
20230701:0111,0.0,0.0,12.84,2.21,0.0
20230701:0211,0.0,0.0,12.38,2.41,0.0
20230701:0311,2.0,3.0,12.02,2.48,0.0
20230701:0411,45.0,9.16,12.11,2.34,0.0
20230701:0511,173.0,16.15,12.49,2.07,0.0
20230701:0611,323.0,23.65,13.65,1.93,0.0
20230701:0711,394.0,31.33,14.98,1.86,0.0
20230701:0811,533.0,38.76,15.86,1.66,0.0
20230701:0911,625.01,45.45,17.15,1.72,0.0
20230701:1011,455.0,50.67,18.3,1.66,0.0
20230701:1111,428.0,53.59,18.62,1.72,0.0
20230701:1211,285.0,53.52,17.89,2.14,0.0
20230701:1311,246.0,50.49,17.09,2.55,0.0
20230701:1411,268.0,45.19,16.42,2.97,0.0
20230701:1511,204.0,38.46,16.44,2.9,0.0
20230701:1611,107.0,31.0,16.02,2.28,0.0
20230701:1711,87.0,23.33,15.38,0.9,0.0
20230701:1811,27.0,15.84,14.91,1.52,0.0
20230701:1911,15.0,8.88,14.78,2.41,0.0
20230701:2011,14.0,2.76,14.74,2.97,0.0
20230701:2111,0.0,0.0,14.54,2.9,0.0
20230701:2211,0.0,0.0,14.46,3.45,0.0
20230701:2311,0.0,0.0,14.08,4.48,0.0
20230702:0011,0.0,0.0,13.74,5.1,0.0
20230702:0111,0.0,0.0,13.25,4.62,0.0
20230702:0211,0.0,0.0,12.88,3.72,0.0
20230702:0311,22.76,2.91,12.7,3.45,0.0
20230702:0411,77.0,9.08,12.44,3.45,0.0
20230702:0511,214.0,16.07,12.48,3.17,0.0
20230702:0611,336.0,23.57,12.81,3.31,0.0
20230702:0711,426.0,31.24,12.93,3.52,0.0
20230702:0811,543.0,38.68,13.27,3.52,0.0
20230702:0911,668.01,45.37,14.36,3.17,0.0
20230702:1011,712.01,50.59,15.58,0.83,0.0
20230702:1111,677.01,53.51,15.85,0.62,0.0
20230702:1211,775.01,53.46,16.16,1.93,0.0
20230702:1311,743.01,50.44,15.96,2.69,0.0
20230702:1411,626.01,45.15,15.57,2.62,0.0
20230702:1511,455.0,38.42,15.39,2.83,0.0
20230702:1611,259.0,30.97,15.2,2.97,0.0
20230702:1711,84.0,23.3,14.69,2.55,0.0
20230702:1811,40.0,15.81,14.45,1.93,0.0
20230702:1911,16.0,8.84,14.21,1.45,0.0
20230702:2011,8.0,2.71,13.7,1.03,0.0
20230702:2111,0.0,0.0,13.39,1.17,0.0
20230702:2211,0.0,0.0,13.45,3.17,0.0
20230702:2311,0.0,0.0,13.08,5.17,0.0
20230703:0011,0.0,0.0,12.74,5.38,0.0
20230703:0111,0.0,0.0,12.71,4.69,0.0
20230703:0211,0.0,0.0,12.61,4.0,0.0
20230703:0311,21.16,2.83,12.53,3.24,0.0
20230703:0411,9.0,8.99,12.55,2.97,0.0
20230703:0511,20.0,15.98,12.74,3.17,0.0
20230703:0611,87.0,23.49,12.83,3.59,0.0
20230703:0711,112.0,31.16,12.88,4.28,0.0
20230703:0811,119.0,38.59,12.98,4.76,0.0
20230703:0911,149.0,45.28,12.9,5.03,0.0
20230703:1011,168.0,50.51,12.97,6.41,0.0
20230703:1111,147.0,53.43,13.04,6.76,0.0
20230703:1211,176.0,53.38,13.01,7.1,0.0
20230703:1311,152.0,50.38,13.1,6.69,0.0
20230703:1411,117.0,45.1,13.2,6.14,0.0
20230703:1511,114.0,38.38,13.09,6.21,0.0
20230703:1611,82.0,30.93,12.93,6.62,0.0
20230703:1711,38.0,23.26,13.06,6.9,0.0
20230703:1811,20.0,15.76,13.17,6.48,0.0
20230703:1911,9.0,8.79,13.14,6.07,0.0
20230703:2011,13.0,2.66,13.06,5.66,0.0
20230703:2111,0.0,0.0,13.05,4.83,0.0
20230703:2211,0.0,0.0,12.96,3.86,0.0
20230703:2311,0.0,0.0,12.91,2.83,0.0
20230704:0011,0.0,0.0,12.76,2.34,0.0
20230704:0111,0.0,0.0,12.66,2.48,0.0
20230704:0211,0.0,0.0,12.6,2.55,0.0
20230704:0311,2.0,2.73,12.5,2.62,0.0
20230704:0411,9.0,8.9,12.41,3.17,0.0
20230704:0511,25.0,15.89,12.7,3.52,0.0
20230704:0611,96.0,23.39,13.11,3.31,0.0
20230704:0711,126.0,31.06,13.55,3.59,0.0
20230704:0811,229.0,38.5,14.1,3.86,0.0
20230704:0911,421.0,45.19,14.6,4.0,0.0
20230704:1011,194.0,50.42,15.02,4.21,0.0
20230704:1111,243.0,53.34,14.97,4.41,0.0
20230704:1211,538.0,53.31,15.15,4.83,0.0
20230704:1311,429.0,50.32,15.03,4.97,0.0
20230704:1411,458.0,45.04,14.82,4.9,0.0
20230704:1511,330.0,38.33,14.68,4.97,0.0
20230704:1611,179.0,30.88,14.52,4.76,0.0
20230704:1711,266.0,23.21,14.22,4.41,0.0
20230704:1811,190.0,15.72,14.02,4.0,0.0
20230704:1911,56.0,8.74,13.75,3.52,0.0
20230704:2011,2.0,2.6,13.09,2.76,0.0
20230704:2111,0.0,0.0,12.13,2.34,0.0
20230704:2211,0.0,0.0,11.86,1.38,0.0
20230704:2311,0.0,0.0,11.59,1.31,0.0
20230705:0011,0.0,0.0,11.63,0.83,0.0
20230705:0111,0.0,0.0,11.41,0.34,0.0
20230705:0211,0.0,0.0,10.75,0.21,0.0
20230705:0311,2.0,2.64,10.09,0.9,0.0
20230705:0411,80.0,8.8,9.99,0.28,0.0
20230705:0511,226.0,15.79,10.85,0.76,0.0
20230705:0611,365.0,23.3,12.02,0.76,0.0
20230705:0711,0.0,0.0,12.64,1.38,0.0
20230705:0811,604.0,38.4,13.43,0.76,0.0
20230705:0911,708.01,45.09,14.59,1.38,0.0
20230705:1011,781.01,50.32,15.22,2.14,0.0
20230705:1111,818.01,53.25,15.98,2.48,0.0
20230705:1211,800.01,53.22,16.52,3.45,0.0
20230705:1311,697.01,50.24,17.02,4.07,0.0
20230705:1411,432.0,44.98,17.07,4.69,0.0
20230705:1511,319.0,38.27,16.27,5.45,0.0
20230705:1611,115.0,30.83,15.8,5.52,0.0
20230705:1711,140.0,23.16,15.44,5.03,0.0
20230705:1811,41.0,15.66,14.85,4.21,0.0
20230705:1911,57.0,8.68,14.26,3.03,0.0
20230705:2011,3.0,2.53,13.79,2.21,0.0
20230705:2111,0.0,0.0,13.14,1.79,0.0
20230705:2211,0.0,0.0,12.91,1.45,0.0
20230705:2311,0.0,0.0,12.68,2.21,0.0
20230706:0011,0.0,0.0,12.62,2.76,0.0
20230706:0111,0.0,0.0,12.55,2.83,0.0
20230706:0211,0.0,0.0,12.36,3.1,0.0
20230706:0311,2.0,2.53,12.54,3.17,0.0
20230706:0411,9.0,8.69,12.68,3.17,0.0
20230706:0511,37.0,15.69,12.84,3.03,0.0
20230706:0611,180.0,23.19,13.13,3.38,0.0
20230706:0711,311.0,30.86,13.41,3.17,0.0
20230706:0811,360.0,38.3,13.76,3.31,0.0
20230706:0911,403.0,44.99,14.55,3.38,0.0
20230706:1011,152.0,50.22,15.71,3.52,0.0
20230706:1111,219.0,53.15,15.6,4.28,0.0
20230706:1211,296.0,53.13,15.58,5.31,0.0
20230706:1311,462.0,50.16,15.95,4.41,0.0
20230706:1411,522.0,44.91,15.92,3.93,0.0
20230706:1511,467.0,38.21,15.81,3.79,0.0
20230706:1611,438.0,30.77,15.66,3.66,0.0
20230706:1711,305.0,23.1,15.23,3.59,0.0
20230706:1811,184.0,15.6,15.02,3.03,0.0
20230706:1911,56.0,8.61,14.69,2.28,0.0
20230706:2011,2.0,2.46,13.99,1.59,0.0
20230706:2111,0.0,0.0,13.43,1.66,0.0
20230706:2211,0.0,0.0,12.93,1.79,0.0
20230706:2311,0.0,0.0,12.6,1.79,0.0
20230707:0011,0.0,0.0,12.04,1.52,0.0
20230707:0111,0.0,0.0,11.61,1.45,0.0
20230707:0211,0.0,0.0,10.95,1.59,0.0
20230707:0311,2.0,2.42,10.66,2.0,0.0
20230707:0411,74.0,8.59,10.79,2.21,0.0
20230707:0511,134.0,15.58,11.61,2.21,0.0
20230707:0611,180.0,23.09,12.8,2.0,0.0
20230707:0711,260.0,30.76,13.67,2.14,0.0
20230707:0811,402.0,38.19,14.35,2.14,0.0
20230707:0911,404.0,44.88,15.25,2.07,0.0
20230707:1011,401.0,50.11,16.34,1.72,0.0
20230707:1111,452.0,53.04,16.76,1.66,0.0
20230707:1211,343.0,53.03,16.87,1.72,0.0
20230707:1311,212.0,50.08,16.87,1.86,0.0
20230707:1411,210.0,44.83,16.94,1.72,0.0
20230707:1511,189.0,38.14,16.95,1.59,0.0
20230707:1611,299.0,30.71,17.22,1.24,0.0
20230707:1711,232.0,23.04,17.17,1.24,0.0
20230707:1811,117.0,15.53,16.87,1.24,0.0
20230707:1911,25.0,8.54,16.64,1.31,0.0
20230707:2011,11.0,2.38,16.42,1.52,0.0
20230707:2111,0.0,0.0,15.82,1.59,0.0
20230707:2211,0.0,0.0,15.26,1.66,0.0
20230707:2311,0.0,0.0,14.73,1.38,0.0
20230708:0011,0.0,0.0,14.38,1.1,0.0
20230708:0111,0.0,0.0,13.76,1.1,0.0
20230708:0211,0.0,0.0,13.12,1.17,0.0
20230708:0311,1.0,2.31,12.9,1.17,0.0
20230708:0411,93.0,8.47,13.31,0.9,0.0
20230708:0511,213.0,15.47,14.19,0.83,0.0
20230708:0611,344.0,22.98,15.64,0.55,0.0
20230708:0711,473.0,30.65,16.77,0.48,0.0
20230708:0811,594.0,38.08,17.77,0.0,0.0
20230708:0911,688.01,44.76,18.93,0.48,0.0
20230708:1011,747.01,49.99,19.64,1.31,0.0
20230708:1111,775.01,52.93,19.79,1.86,0.0
20230708:1211,801.01,52.93,20.3,2.21,0.0
20230708:1311,759.01,49.98,20.88,2.48,0.0
20230708:1411,684.01,44.75,21.26,2.62,0.0
20230708:1511,591.0,38.07,21.08,2.9,0.0
20230708:1611,465.0,30.63,21.27,3.03,0.0
20230708:1711,347.0,22.96,21.01,3.31,0.0
20230708:1811,216.0,15.46,20.36,3.17,0.0
20230708:1911,45.0,8.46,19.61,2.76,0.0
20230708:2011,11.0,2.3,18.46,2.21,0.0
20230708:2111,0.0,0.0,17.09,2.28,0.0
20230708:2211,0.0,0.0,16.16,2.28,0.0
20230708:2311,0.0,0.0,15.12,2.07,0.0
20230709:0011,0.0,0.0,14.91,1.72,0.0
20230709:0111,0.0,0.0,14.35,1.72,0.0
20230709:0211,0.0,0.0,13.94,1.66,0.0
20230709:0311,1.0,2.19,13.72,1.45,0.0
20230709:0411,94.0,8.35,13.96,1.86,0.0
20230709:0511,212.0,15.35,15.66,1.86,0.0
20230709:0611,332.0,22.86,17.39,1.52,0.0
20230709:0711,466.0,30.53,18.9,1.59,0.0
20230709:0811,592.0,37.96,19.85,1.59,0.0
20230709:0911,686.01,44.64,21.16,0.97,0.0
20230709:1011,761.01,49.87,22.29,1.24,0.0
20230709:1111,794.01,52.81,22.9,1.45,0.0
20230709:1211,799.01,52.82,23.1,1.79,0.0
20230709:1311,753.01,49.89,23.33,2.07,0.0
20230709:1411,649.01,44.66,23.35,2.34,0.0
20230709:1511,452.0,37.99,22.9,2.14,0.0
20230709:1611,378.0,30.56,22.52,1.86,0.0
20230709:1711,153.0,22.89,22.41,1.45,0.0
20230709:1811,179.0,15.38,22.45,1.1,0.0
20230709:1911,54.0,8.38,21.53,0.83,0.0
20230709:2011,1.0,2.21,21.43,0.41,0.0
20230709:2111,0.0,0.0,19.71,0.34,0.0
20230709:2211,0.0,0.0,18.68,1.52,0.0
20230709:2311,0.0,0.0,17.8,2.69,0.0
20230710:0011,0.0,0.0,17.94,2.83,0.0
20230710:0111,0.0,0.0,17.77,3.17,0.0
20230710:0211,0.0,0.0,16.85,2.41,0.0
20230710:0311,1.0,2.06,16.57,1.86,0.0
20230710:0411,8.0,8.23,16.48,1.31,0.0
20230710:0511,65.0,15.23,16.01,1.17,0.0
20230710:0611,87.0,22.74,15.63,1.03,0.0
20230710:0711,69.0,30.41,15.59,0.41,0.0
20230710:0811,78.0,37.84,15.68,0.34,0.0
20230710:0911,112.0,44.52,15.77,0.83,0.0
20230710:1011,122.0,49.74,16.49,1.03,0.0
20230710:1111,130.0,52.69,16.61,1.1,0.0
20230710:1211,106.0,52.7,16.47,0.83,0.0
20230710:1311,131.0,49.78,16.45,0.76,0.0
20230710:1411,229.0,44.57,16.25,1.79,0.0
20230710:1511,214.0,37.9,16.0,2.97,0.0
20230710:1611,251.0,30.47,15.91,2.9,0.0
20230710:1711,149.0,22.8,15.84,2.34,0.0
20230710:1811,136.0,15.29,15.69,1.79,0.0
20230710:1911,53.0,8.29,15.38,0.97,0.0
20230710:2011,1.0,2.11,15.06,0.55,0.0
20230710:2111,0.0,0.0,14.62,1.24,0.0
20230710:2211,0.0,0.0,13.85,1.66,0.0
20230710:2311,0.0,0.0,13.56,1.79,0.0
20230711:0011,0.0,0.0,13.23,1.86,0.0
20230711:0111,0.0,0.0,12.9,1.93,0.0
20230711:0211,0.0,0.0,12.49,2.14,0.0
20230711:0311,1.0,1.93,12.24,2.34,0.0
20230711:0411,8.0,8.1,12.34,2.62,0.0
20230711:0511,18.0,15.11,13.09,2.76,0.0
20230711:0611,75.0,22.61,14.31,2.9,0.0
20230711:0711,69.0,30.28,15.54,2.9,0.0
20230711:0811,81.0,37.72,16.24,3.24,0.0
20230711:0911,130.0,44.39,16.48,4.0,0.0
20230711:1011,115.0,49.61,15.41,4.28,0.0
20230711:1111,145.0,52.56,14.92,5.03,0.0
20230711:1211,170.0,52.58,15.81,5.72,0.0
20230711:1311,100.0,49.67,16.21,5.24,0.0
20230711:1411,154.0,44.47,16.32,5.45,0.0
20230711:1511,97.0,37.81,15.46,5.38,0.0
20230711:1611,74.0,30.38,15.24,5.45,0.0
20230711:1711,63.0,22.71,15.73,5.45,0.0
20230711:1811,29.0,15.2,15.99,4.9,0.0
20230711:1911,8.0,8.19,15.9,4.55,0.0
20230711:2011,1.0,2.01,15.63,4.48,0.0
20230711:2111,0.0,0.0,15.3,4.76,0.0
20230711:2211,0.0,0.0,14.81,4.55,0.0
20230711:2311,0.0,0.0,14.62,4.48,0.0
20230712:0011,0.0,0.0,14.54,4.55,0.0
20230712:0111,0.0,0.0,14.41,4.34,0.0
20230712:0211,0.0,0.0,14.19,4.41,0.0
20230712:0311,1.0,1.8,13.95,4.34,0.0
20230712:0411,8.0,7.97,14.28,4.14,0.0
20230712:0511,64.0,14.97,14.6,4.9,0.0
20230712:0611,179.0,22.49,15.18,5.24,0.0
20230712:0711,151.0,30.16,15.55,5.17,0.0
20230712:0811,376.0,37.58,15.45,4.97,0.0
20230712:0911,130.0,44.25,15.89,4.97,0.0
20230712:1011,525.0,49.47,15.89,4.48,0.0
20230712:1111,732.01,52.42,16.06,4.48,0.0
20230712:1211,630.01,52.45,15.68,4.62,0.0
20230712:1311,582.0,49.55,16.2,4.28,0.0
20230712:1411,216.0,44.36,16.37,4.34,0.0
20230712:1511,555.0,37.71,16.13,4.34,0.0
20230712:1611,427.0,30.29,16.19,4.34,0.0
20230712:1711,309.0,22.62,15.98,4.62,0.0
20230712:1811,206.0,15.1,15.39,4.28,0.0
20230712:1911,46.0,8.09,14.89,3.86,0.0
20230712:2011,1.0,1.9,14.65,3.86,0.0
20230712:2111,0.0,0.0,13.83,3.79,0.0
20230712:2211,0.0,0.0,13.89,3.86,0.0
20230712:2311,0.0,0.0,13.61,3.72,0.0
20230713:0011,0.0,0.0,13.26,3.93,0.0
20230713:0111,0.0,0.0,13.57,3.86,0.0
20230713:0211,0.0,0.0,13.61,3.93,0.0
20230713:0311,1.0,1.66,13.38,3.17,0.0
20230713:0411,27.0,7.83,13.27,3.03,0.0
20230713:0511,87.0,14.84,13.33,3.17,0.0
20230713:0611,46.0,22.35,13.72,3.45,0.0
20230713:0711,59.0,30.02,13.58,4.07,0.0
20230713:0811,165.0,37.45,14.24,4.34,0.0
20230713:0911,125.0,44.11,14.28,4.48,0.0
20230713:1011,149.0,49.33,14.16,5.45,0.0
20230713:1111,440.0,52.28,14.35,4.62,0.0
20230713:1211,229.0,52.31,14.47,5.03,0.0
20230713:1311,315.0,49.42,15.31,4.9,0.0
20230713:1411,311.0,44.25,15.01,4.41,0.0
20230713:1511,422.0,37.6,15.15,4.62,0.0
20230713:1611,209.0,30.19,14.55,4.34,0.0
20230713:1711,132.0,22.52,14.49,4.14,0.0
20230713:1811,71.0,15.0,14.06,3.72,0.0
20230713:1911,46.0,7.98,13.76,3.24,0.0
20230713:2011,1.0,1.78,13.45,2.62,0.0
20230713:2111,0.0,0.0,12.85,2.21,0.0
20230713:2211,0.0,0.0,12.91,1.52,0.0
20230713:2311,0.0,0.0,12.57,0.41,0.0
20230714:0011,0.0,0.0,12.46,0.34,0.0
20230714:0111,0.0,0.0,12.15,0.97,0.0
20230714:0211,0.0,0.0,11.54,1.17,0.0
20230714:0311,1.0,1.51,11.22,1.1,0.0
20230714:0411,8.0,7.69,11.42,1.45,0.0
20230714:0511,163.0,14.7,11.98,1.45,0.0
20230714:0611,233.0,22.21,12.84,1.45,0.0
20230714:0711,384.0,29.88,13.5,1.31,0.0
20230714:0811,488.0,37.31,14.1,1.31,0.0
20230714:0911,589.0,43.97,14.98,1.38,0.0
20230714:1011,725.01,49.18,15.66,1.52,0.0
20230714:1111,766.01,52.13,15.9,2.0,0.0
20230714:1211,681.01,52.17,16.08,2.62,0.0
20230714:1311,691.01,49.29,16.5,2.83,0.0
20230714:1411,275.0,44.13,16.61,2.69,0.0
20230714:1511,362.0,37.49,16.53,2.28,0.0
20230714:1611,391.0,30.08,16.79,1.93,0.0
20230714:1711,321.0,22.41,16.81,2.28,0.0
20230714:1811,179.0,14.89,16.59,1.38,0.0
20230714:1911,51.0,7.86,15.9,0.34,0.0
20230714:2011,1.0,1.66,15.45,1.24,0.0
20230714:2111,0.0,0.0,14.47,1.86,0.0
20230714:2211,0.0,0.0,12.66,2.21,0.0
20230714:2311,0.0,0.0,12.16,2.28,0.0
20230715:0011,0.0,0.0,12.0,2.55,0.0
20230715:0111,0.0,0.0,12.34,2.69,0.0
20230715:0211,0.0,0.0,12.84,2.83,0.0
20230715:0311,1.0,1.36,13.43,3.17,0.0
20230715:0411,61.0,7.54,13.75,3.45,0.0
20230715:0511,33.0,14.56,14.1,3.52,0.0
20230715:0611,46.0,22.07,14.78,4.0,0.0
20230715:0711,71.0,29.74,15.68,4.41,0.0
20230715:0811,109.0,37.16,16.31,5.1,0.0
20230715:0911,102.0,43.82,17.28,5.86,0.0
20230715:1011,175.0,49.03,17.02,6.34,0.0
20230715:1111,156.0,51.97,17.1,7.24,0.0
20230715:1211,276.0,52.02,17.48,7.1,0.0
20230715:1311,418.0,49.15,17.94,7.31,0.0
20230715:1411,126.0,44.0,18.27,6.55,0.0
20230715:1511,63.0,37.37,18.59,5.38,0.0
20230715:1611,149.0,29.96,17.83,5.79,0.0
20230715:1711,149.0,22.3,16.97,5.52,0.0
20230715:1811,88.0,14.77,16.5,6.34,0.0
20230715:1911,49.0,7.74,16.46,6.14,0.0
20230715:2011,1.0,1.53,15.89,5.93,0.0
20230715:2111,0.0,0.0,15.19,5.45,0.0
20230715:2211,0.0,0.0,15.79,6.48,0.0
20230715:2311,0.0,0.0,15.22,5.93,0.0
20230716:0011,0.0,0.0,14.77,5.79,0.0
20230716:0111,0.0,0.0,14.84,5.72,0.0
20230716:0211,0.0,0.0,14.65,5.59,0.0
20230716:0311,0.0,0.0,14.49,5.38,0.0
20230716:0411,7.0,7.39,14.73,5.86,0.0
20230716:0511,46.0,14.41,15.15,5.86,0.0
20230716:0611,195.0,21.92,15.5,6.41,0.0
20230716:0711,99.0,29.59,16.01,6.9,0.0
20230716:0811,178.0,37.01,16.31,7.86,0.0
20230716:0911,141.0,43.67,16.2,7.86,0.0
20230716:1011,340.0,48.87,15.57,8.69,0.0
20230716:1111,70.0,51.81,14.92,8.21,0.0
20230716:1211,553.0,51.86,15.48,8.07,0.0
20230716:1311,264.0,49.01,15.83,7.59,0.0
20230716:1411,145.0,43.86,15.98,6.97,0.0
20230716:1511,253.0,37.25,15.47,7.03,0.0
20230716:1611,142.0,29.84,15.42,6.55,0.0
20230716:1711,138.0,22.18,15.15,6.48,0.0
20230716:1811,53.0,14.65,15.08,6.83,0.0
20230716:1911,9.0,7.61,14.85,6.69,0.0
20230716:2011,1.0,1.39,14.86,5.93,0.0
20230716:2111,0.0,0.0,14.93,5.31,0.0
20230716:2211,0.0,0.0,14.92,5.45,0.0
20230716:2311,0.0,0.0,14.85,5.1,0.0
20230717:0011,0.0,0.0,14.85,4.83,0.0
20230717:0111,0.0,0.0,14.79,4.9,0.0
20230717:0211,0.0,0.0,14.36,5.59,0.0
20230717:0311,0.0,0.0,14.05,6.07,0.0
20230717:0411,7.0,7.23,13.95,6.14,0.0
20230717:0511,17.0,14.26,13.8,6.34,0.0
20230717:0611,47.0,21.77,13.69,6.9,0.0
20230717:0711,84.0,29.44,13.56,6.69,0.0
20230717:0811,116.0,36.86,13.93,7.17,0.0
20230717:0911,187.0,43.51,13.94,6.48,0.0
20230717:1011,134.0,48.7,14.07,6.69,0.0
20230717:1111,234.0,51.64,14.15,5.86,0.0
20230717:1211,184.0,51.7,14.21,5.66,0.0
20230717:1311,292.0,48.85,13.91,5.24,0.0
20230717:1411,132.0,43.72,13.83,6.0,0.0
20230717:1511,138.0,37.12,14.04,5.38,0.0
20230717:1611,141.0,29.72,13.58,4.41,0.0
20230717:1711,81.0,22.05,13.72,4.14,0.0
20230717:1811,17.0,14.52,13.4,4.28,0.0
20230717:1911,7.0,7.47,13.17,4.07,0.0
20230717:2011,0.0,0.0,12.67,3.59,0.0
20230717:2111,0.0,0.0,12.72,3.17,0.0
20230717:2211,0.0,0.0,12.26,3.38,0.0
20230717:2311,0.0,0.0,11.93,3.17,0.0
20230718:0011,0.0,0.0,11.81,3.17,0.0
20230718:0111,0.0,0.0,11.76,3.52,0.0
20230718:0211,0.0,0.0,11.64,3.31,0.0
20230718:0311,0.0,0.0,11.57,2.83,0.0
20230718:0411,9.0,7.07,11.63,2.76,0.0
20230718:0511,28.0,14.1,11.65,2.97,0.0
20230718:0611,124.0,21.62,11.68,3.1,0.0
20230718:0711,242.0,29.29,11.98,2.9,0.0
20230718:0811,484.0,36.7,12.02,3.24,0.0
20230718:0911,492.0,43.35,12.51,3.38,0.0
20230718:1011,405.0,48.54,13.3,3.59,0.0
20230718:1111,350.0,51.47,13.41,3.66,0.0
20230718:1211,168.0,51.53,12.85,4.0,0.0
20230718:1311,410.0,48.7,13.66,4.34,0.0
20230718:1411,360.0,43.58,13.39,4.9,0.0
20230718:1511,298.0,36.98,13.31,4.34,0.0
20230718:1611,261.0,29.58,12.95,4.41,0.0
20230718:1711,240.0,21.92,12.91,4.55,0.0
20230718:1811,87.0,14.38,12.41,4.28,0.0
20230718:1911,26.0,7.33,12.41,3.79,0.0
20230718:2011,0.0,0.0,11.91,3.38,0.0
20230718:2111,0.0,0.0,11.57,2.76,0.0
20230718:2211,0.0,0.0,11.39,2.41,0.0
20230718:2311,0.0,0.0,11.41,1.86,0.0
20230719:0011,0.0,0.0,11.26,2.21,0.0
20230719:0111,0.0,0.0,10.75,2.97,0.0
20230719:0211,0.0,0.0,11.01,3.59,0.0
20230719:0311,0.0,0.0,10.71,3.1,0.0
20230719:0411,25.0,6.91,10.83,2.55,0.0
20230719:0511,121.0,13.94,10.71,2.14,0.0
20230719:0611,45.0,21.46,11.02,2.62,0.0
20230719:0711,271.0,29.13,11.7,3.79,0.0
20230719:0811,253.0,36.54,12.4,4.21,0.0
20230719:0911,107.0,43.18,12.78,3.93,0.0
20230719:1011,127.0,48.36,11.91,4.21,0.0
20230719:1111,159.0,51.29,11.95,3.93,0.0
20230719:1211,134.0,51.35,11.59,3.79,0.0
20230719:1311,148.0,48.53,11.95,3.31,0.0
20230719:1411,191.0,43.43,12.01,2.83,0.0
20230719:1511,212.0,36.83,12.25,2.55,0.0
20230719:1611,141.0,29.44,12.38,3.1,0.0
20230719:1711,232.0,21.78,11.96,3.31,0.0
20230719:1811,138.0,14.24,11.64,2.76,0.0
20230719:1911,26.0,7.19,11.63,2.62,0.0
20230719:2011,0.0,0.0,11.6,2.0,0.0
20230719:2111,0.0,0.0,11.44,1.86,0.0
20230719:2211,0.0,0.0,11.33,2.0,0.0
20230719:2311,0.0,0.0,11.4,1.86,0.0
20230720:0011,0.0,0.0,11.52,1.93,0.0
20230720:0111,0.0,0.0,11.47,2.55,0.0
20230720:0211,0.0,0.0,11.4,2.76,0.0
20230720:0311,0.0,0.0,11.52,2.69,0.0
20230720:0411,22.0,6.74,11.58,2.28,0.0
20230720:0511,16.0,13.77,11.77,2.41,0.0
20230720:0611,58.0,21.3,11.97,2.34,0.0
20230720:0711,102.0,28.97,12.22,2.28,0.0
20230720:0811,191.0,36.37,12.68,2.34,0.0
20230720:0911,225.0,43.01,13.12,2.69,0.0
20230720:1011,274.0,48.18,13.04,2.97,0.0
20230720:1111,254.0,51.11,13.65,2.97,0.0
20230720:1211,234.0,51.17,13.66,3.38,0.0
20230720:1311,147.0,48.36,13.58,3.72,0.0
20230720:1411,274.0,43.27,13.45,3.86,0.0
20230720:1511,96.0,36.68,13.31,3.72,0.0
20230720:1611,115.0,29.3,13.23,3.86,0.0
20230720:1711,60.0,21.63,13.02,3.79,0.0
20230720:1811,119.0,14.09,12.88,3.66,0.0
20230720:1911,44.0,7.03,12.36,3.38,0.0
20230720:2011,0.0,0.0,12.1,2.69,0.0
20230720:2111,0.0,0.0,11.85,2.21,0.0
20230720:2211,0.0,0.0,11.98,1.79,0.0
20230720:2311,0.0,0.0,11.85,1.45,0.0
20230721:0011,0.0,0.0,11.57,1.59,0.0
20230721:0111,0.0,0.0,11.47,1.59,0.0
20230721:0211,0.0,0.0,11.21,1.59,0.0
20230721:0311,0.0,0.0,11.24,1.45,0.0
20230721:0411,43.0,6.57,11.2,1.31,0.0
20230721:0511,84.0,13.61,11.37,1.31,0.0
20230721:0611,191.0,21.13,11.65,1.45,0.0
20230721:0711,227.0,28.8,12.11,1.31,0.0
20230721:0811,246.0,36.2,12.38,1.38,0.0
20230721:0911,428.0,42.83,13.02,1.86,0.0
20230721:1011,493.0,48.0,13.64,2.07,0.0
20230721:1111,347.0,50.92,14.42,3.03,0.0
20230721:1211,327.0,50.99,14.59,3.31,0.0
20230721:1311,275.0,48.18,14.95,3.38,0.0
20230721:1411,238.0,43.1,14.44,3.31,0.0
20230721:1511,312.0,36.53,13.78,3.03,0.0
20230721:1611,280.0,29.15,13.58,2.9,0.0
20230721:1711,214.0,21.48,13.67,2.9,0.0
20230721:1811,68.0,13.94,13.49,2.83,0.0
20230721:1911,16.0,6.87,13.08,2.55,0.0
20230721:2011,0.0,0.0,12.75,2.21,0.0
20230721:2111,0.0,0.0,11.96,2.07,0.0
20230721:2211,0.0,0.0,12.14,1.79,0.0
20230721:2311,0.0,0.0,11.85,2.21,0.0
20230722:0011,0.0,0.0,11.89,1.93,0.0
20230722:0111,0.0,0.0,12.02,1.66,0.0
20230722:0211,0.0,0.0,12.06,1.45,0.0
20230722:0311,0.0,0.0,11.98,1.38,0.0
20230722:0411,27.0,6.39,11.89,1.1,0.0
20230722:0511,71.0,13.43,12.0,1.24,0.0
20230722:0611,48.0,20.96,12.37,1.52,0.0
20230722:0711,122.0,28.63,12.86,1.72,0.0
20230722:0811,181.0,36.03,13.32,1.79,0.0
20230722:0911,449.0,42.65,14.19,1.93,0.0
20230722:1011,277.0,47.81,14.19,2.48,0.0
20230722:1111,354.0,50.73,14.77,2.76,0.0
20230722:1211,456.0,50.8,14.34,3.17,0.0
20230722:1311,405.0,48.0,14.52,3.52,0.0
20230722:1411,273.0,42.93,14.51,3.24,0.0
20230722:1511,296.0,36.37,14.31,2.69,0.0
20230722:1611,151.0,28.99,14.09,2.41,0.0
20230722:1711,76.0,21.33,14.17,2.34,0.0
20230722:1811,70.0,13.78,13.97,2.48,0.0
20230722:1911,13.0,6.71,13.45,2.21,0.0
20230722:2011,0.0,0.0,13.21,1.52,0.0
20230722:2111,0.0,0.0,12.75,1.17,0.0
20230722:2211,0.0,0.0,12.7,0.97,0.0
20230722:2311,0.0,0.0,12.5,0.9,0.0
20230723:0011,0.0,0.0,12.48,0.34,0.0
20230723:0111,0.0,0.0,12.02,0.34,0.0
20230723:0211,0.0,0.0,11.85,0.62,0.0
20230723:0311,0.0,0.0,11.29,0.9,0.0
20230723:0411,15.0,6.21,11.28,0.97,0.0
20230723:0511,152.0,13.26,11.82,1.31,0.0
20230723:0611,274.0,20.79,12.69,1.52,0.0
20230723:0711,418.0,28.46,13.57,2.0,0.0
20230723:0811,550.0,35.85,14.63,2.07,0.0
20230723:0911,658.01,42.46,16.02,1.59,0.0
20230723:1011,731.01,47.61,17.17,1.79,0.0
20230723:1111,740.01,50.52,17.71,2.21,0.0
20230723:1211,771.01,50.6,18.0,2.55,0.0
20230723:1311,520.0,47.81,18.22,3.03,0.0
20230723:1411,609.01,42.75,18.48,3.17,0.0
20230723:1511,182.0,36.2,18.4,3.66,0.0
20230723:1611,55.0,28.83,17.21,3.1,0.0
20230723:1711,160.0,21.16,16.89,2.9,0.0
20230723:1811,47.0,13.61,16.62,2.34,0.0
20230723:1911,41.0,6.54,15.92,1.52,0.0
20230723:2011,0.0,0.0,15.26,1.86,0.0
20230723:2111,0.0,0.0,14.41,2.14,0.0
20230723:2211,0.0,0.0,14.32,2.48,0.0
20230723:2311,0.0,0.0,13.91,2.28,0.0
20230724:0011,0.0,0.0,13.44,2.14,0.0
20230724:0111,0.0,0.0,12.83,1.66,0.0
20230724:0211,0.0,0.0,12.24,1.45,0.0
20230724:0311,0.0,0.0,11.95,1.31,0.0
20230724:0411,10.0,6.03,12.05,1.24,0.0
20230724:0511,58.0,13.08,12.58,1.1,0.0
20230724:0611,61.0,20.61,14.03,1.1,0.0
20230724:0711,134.0,28.28,14.93,1.24,0.0
20230724:0811,220.0,35.67,16.15,1.52,0.0
20230724:0911,359.0,42.27,17.11,1.24,0.0
20230724:1011,329.0,47.41,17.28,1.59,0.0
20230724:1111,454.0,50.32,18.21,2.55,0.0
20230724:1211,326.0,50.39,18.2,3.03,0.0
20230724:1311,688.01,47.62,17.53,2.55,0.0
20230724:1411,542.0,42.57,17.38,3.31,0.0
20230724:1511,549.0,36.02,16.65,3.17,0.0
20230724:1611,433.0,28.66,16.78,2.55,0.0
20230724:1711,298.0,20.99,16.46,2.48,0.0
20230724:1811,126.0,13.44,15.97,2.76,0.0
20230724:1911,20.0,6.36,15.43,3.03,0.0
20230724:2011,0.0,0.0,14.93,3.17,0.0
20230724:2111,0.0,0.0,14.32,2.97,0.0
20230724:2211,0.0,0.0,13.78,3.31,0.0
20230724:2311,0.0,0.0,13.66,3.59,0.0
20230725:0011,0.0,0.0,13.36,2.62,0.0
20230725:0111,0.0,0.0,12.63,2.48,0.0
20230725:0211,0.0,0.0,12.73,2.9,0.0
20230725:0311,0.0,0.0,12.87,2.83,0.0
20230725:0411,42.0,5.84,13.0,3.38,0.0
20230725:0511,125.0,12.9,13.21,3.59,0.0
20230725:0611,217.0,20.43,13.36,3.45,0.0
20230725:0711,284.0,28.1,13.51,3.52,0.0
20230725:0811,240.0,35.49,13.64,4.07,0.0
20230725:0911,147.0,42.08,14.04,4.55,0.0
20230725:1011,277.0,47.21,13.66,5.59,0.0
20230725:1111,193.0,50.11,13.99,5.17,0.0
20230725:1211,247.0,50.18,13.58,5.93,0.0
20230725:1311,227.0,47.42,13.24,6.9,0.0
20230725:1411,190.0,42.38,12.79,7.31,0.0
20230725:1511,125.0,35.84,12.53,7.31,0.0
20230725:1611,103.0,28.48,12.36,7.38,0.0
20230725:1711,110.0,20.82,12.17,6.76,0.0
20230725:1811,81.0,13.27,12.12,5.93,0.0
20230725:1911,33.0,6.18,12.02,5.66,0.0
20230725:2011,0.0,0.0,12.02,4.28,0.0
20230725:2111,0.0,0.0,11.91,3.31,0.0
20230725:2211,0.0,0.0,12.65,3.03,0.0
20230725:2311,0.0,0.0,12.69,2.9,0.0
20230726:0011,0.0,0.0,12.55,2.55,0.0
20230726:0111,0.0,0.0,12.37,1.86,0.0
20230726:0211,0.0,0.0,12.45,1.59,0.0
20230726:0311,0.0,0.0,11.9,2.0,0.0
20230726:0411,11.0,5.65,11.5,1.93,0.0
20230726:0511,151.0,12.71,12.19,2.21,0.0
20230726:0611,288.0,20.25,13.06,2.07,0.0
20230726:0711,411.0,27.92,13.81,2.14,0.0
20230726:0811,543.0,35.3,14.9,2.21,0.0
20230726:0911,644.01,41.88,16.13,2.48,0.0
20230726:1011,724.01,47.0,16.85,2.34,0.0
20230726:1111,768.01,49.89,17.23,2.28,0.0
20230726:1211,760.01,49.97,17.55,2.55,0.0
20230726:1311,700.01,47.21,17.49,3.79,0.0
20230726:1411,634.01,42.18,17.42,4.28,0.0
20230726:1511,534.0,35.66,17.16,4.0,0.0
20230726:1611,404.0,28.3,15.93,3.03,0.0
20230726:1711,232.0,20.64,15.89,2.97,0.0
20230726:1811,16.0,13.08,15.61,2.62,0.0
20230726:1911,6.0,5.99,15.06,2.55,0.0
20230726:2011,0.0,0.0,14.26,2.28,0.0
20230726:2111,0.0,0.0,13.86,2.0,0.0
20230726:2211,0.0,0.0,13.57,1.72,0.0
20230726:2311,0.0,0.0,13.17,1.52,0.0
20230727:0011,0.0,0.0,12.99,1.17,0.0
20230727:0111,0.0,0.0,13.12,0.69,0.0
20230727:0211,0.0,0.0,13.01,0.28,0.0
20230727:0311,0.0,0.0,13.13,0.76,0.0
20230727:0411,8.0,5.45,13.11,0.9,0.0
20230727:0511,41.0,12.52,13.07,0.9,0.0
20230727:0611,88.0,20.06,13.5,0.97,0.0
20230727:0711,173.0,27.73,14.27,0.62,0.0
20230727:0811,237.0,35.11,14.97,0.76,0.0
20230727:0911,351.0,41.68,15.96,1.38,0.0
20230727:1011,512.0,46.79,16.37,1.52,0.0
20230727:1111,707.01,49.67,16.7,2.07,0.0
20230727:1211,719.01,49.75,17.08,2.9,0.0
20230727:1311,697.01,47.0,17.3,3.45,0.0
20230727:1411,628.01,41.98,17.33,3.79,0.0
20230727:1511,537.0,35.46,17.26,3.86,0.0
20230727:1611,368.0,28.11,16.81,3.45,0.0
20230727:1711,225.0,20.45,16.35,3.38,0.0
20230727:1811,150.0,12.89,15.82,2.97,0.0
20230727:1911,35.0,5.79,15.5,2.34,0.0
20230727:2011,0.0,0.0,14.89,1.86,0.0
20230727:2111,0.0,0.0,14.08,2.0,0.0
20230727:2211,0.0,0.0,13.25,2.14,0.0
20230727:2311,0.0,0.0,12.81,2.0,0.0
20230728:0011,0.0,0.0,12.23,2.0,0.0
20230728:0111,0.0,0.0,12.23,2.0,0.0
20230728:0211,0.0,0.0,12.08,1.72,0.0
20230728:0311,0.0,0.0,12.22,1.52,0.0
20230728:0411,5.0,5.25,12.38,1.24,0.0
20230728:0511,37.0,12.33,12.71,1.38,0.0
20230728:0611,112.0,19.87,13.35,1.59,0.0
20230728:0711,229.0,27.54,14.46,1.72,0.0
20230728:0811,409.0,34.91,15.49,1.52,0.0
20230728:0911,525.0,41.48,16.29,1.59,0.0
20230728:1011,643.01,46.57,17.14,2.41,0.0
20230728:1111,701.01,49.45,17.55,3.24,0.0
20230728:1211,679.01,49.52,17.66,3.59,0.0
20230728:1311,730.01,46.78,17.56,3.38,0.0
20230728:1411,636.01,41.77,17.71,3.38,0.0
20230728:1511,562.01,35.26,17.63,3.24,0.0
20230728:1611,426.0,27.92,17.45,2.55,0.0
20230728:1711,291.0,20.26,17.25,2.14,0.0
20230728:1811,154.0,12.7,16.66,2.21,0.0
20230728:1911,34.0,5.59,15.99,1.93,0.0
20230728:2011,0.0,0.0,14.54,1.86,0.0
20230728:2111,0.0,0.0,14.27,1.31,0.0
20230728:2211,0.0,0.0,13.27,0.55,0.0
20230728:2311,0.0,0.0,12.54,0.69,0.0
20230729:0011,0.0,0.0,12.43,1.1,0.0
20230729:0111,0.0,0.0,11.89,1.31,0.0
20230729:0211,0.0,0.0,11.39,1.45,0.0
20230729:0311,0.0,0.0,10.8,1.59,0.0
20230729:0411,4.0,5.05,10.67,1.66,0.0
20230729:0511,137.0,12.13,11.41,1.59,0.0
20230729:0611,214.0,19.68,12.74,1.45,0.0
20230729:0711,405.0,27.34,14.5,1.17,0.0
20230729:0811,503.0,34.71,15.77,0.97,0.0
20230729:0911,569.01,41.27,17.12,1.31,0.0
20230729:1011,504.0,46.35,18.18,1.24,0.0
20230729:1111,580.0,49.22,18.83,1.66,0.0
20230729:1211,614.01,49.29,19.33,1.79,0.0
20230729:1311,499.0,46.55,19.14,1.66,0.0
20230729:1411,407.0,41.56,19.16,1.79,0.0
20230729:1511,237.0,35.06,18.89,2.14,0.0
20230729:1611,189.0,27.72,18.66,2.28,0.0
20230729:1711,46.0,20.06,17.9,2.48,0.0
20230729:1811,50.0,12.5,17.12,2.21,0.0
20230729:1911,11.0,5.38,16.36,1.79,0.0
20230729:2011,0.0,0.0,15.84,1.52,0.0
20230729:2111,0.0,0.0,15.33,1.86,0.0
20230729:2211,0.0,0.0,15.48,3.31,0.0
20230729:2311,0.0,0.0,15.38,3.59,0.0
20230730:0011,0.0,0.0,15.1,3.72,0.0
20230730:0111,0.0,0.0,14.87,3.38,0.0
20230730:0211,0.0,0.0,14.69,3.03,0.0
20230730:0311,0.0,0.0,14.33,3.31,0.0
20230730:0411,8.0,4.84,14.09,3.17,0.0
20230730:0511,142.0,11.93,13.92,3.03,0.0
20230730:0611,271.0,19.48,14.25,3.31,0.0
20230730:0711,355.0,27.15,14.89,3.52,0.0
20230730:0811,343.0,34.51,15.48,3.72,0.0
20230730:0911,506.0,41.05,16.28,3.86,0.0
20230730:1011,198.0,46.13,16.59,3.1,0.0
20230730:1111,101.0,48.98,16.56,3.72,0.0
20230730:1211,110.0,49.05,16.66,3.52,0.0
20230730:1311,161.0,46.32,16.96,2.9,0.0
20230730:1411,175.0,41.34,16.17,3.03,0.0
20230730:1511,194.0,34.85,15.21,3.03,0.0
20230730:1611,228.0,27.52,15.53,2.41,0.0
20230730:1711,181.0,19.86,15.63,1.31,0.0
20230730:1811,35.0,12.29,15.19,0.21,0.0
20230730:1911,15.0,5.17,14.91,0.21,0.0
20230730:2011,0.0,0.0,14.5,0.55,0.0
20230730:2111,0.0,0.0,14.05,0.55,0.0
20230730:2211,0.0,0.0,13.2,0.48,0.0
20230730:2311,0.0,0.0,12.47,0.07,0.0
20230731:0011,0.0,0.0,12.32,0.34,0.0
20230731:0111,0.0,0.0,11.85,0.83,0.0
20230731:0211,0.0,0.0,11.53,0.9,0.0
20230731:0311,0.0,0.0,11.35,1.1,0.0
20230731:0411,29.03,4.63,11.41,1.17,0.0
20230731:0511,101.0,11.73,12.07,1.31,0.0
20230731:0611,179.0,19.29,12.82,1.24,0.0
20230731:0711,300.0,26.95,13.93,1.79,0.0
20230731:0811,426.0,34.3,15.06,2.0,0.0
20230731:0911,618.01,40.84,16.23,1.79,0.0
20230731:1011,690.01,45.9,17.73,1.72,0.0
20230731:1111,737.01,48.74,18.15,2.48,0.0
20230731:1211,689.01,48.81,18.45,2.9,0.0
20230731:1311,690.01,46.09,18.33,3.38,0.0
20230731:1411,630.01,41.12,18.38,3.24,0.0
20230731:1511,429.0,34.63,18.12,3.03,0.0
20230731:1611,222.0,27.3,18.05,2.48,0.0
20230731:1711,264.0,19.65,17.94,2.07,0.0
20230731:1811,125.0,12.08,17.04,1.86,0.0
20230731:1911,29.0,4.95,16.35,1.59,0.0
20230731:2011,0.0,0.0,15.16,1.79,0.0
20230731:2111,0.0,0.0,14.36,1.66,0.0
20230731:2211,0.0,0.0,14.9,0.62,0.0
20230731:2311,0.0,0.0,14.1,1.1,0.0
20230801:0011,0.0,0.0,13.42,1.1,0.0
20230801:0111,0.0,0.0,12.94,0.97,0.0
20230801:0211,0.0,0.0,12.78,1.1,0.0
20230801:0311,0.0,0.0,12.56,1.1,0.0
20230801:0411,4.0,4.42,12.55,1.17,0.0
20230801:0511,126.0,11.52,13.2,1.31,0.0
20230801:0611,269.0,19.08,14.75,0.97,0.0
20230801:0711,408.0,26.74,16.08,1.03,0.0
20230801:0811,523.0,34.09,17.25,1.45,0.0
20230801:0911,617.01,40.62,18.17,2.14,0.0
20230801:1011,678.01,45.66,18.78,2.76,0.0
20230801:1111,736.01,48.49,19.13,3.1,0.0
20230801:1211,570.0,48.56,19.36,3.72,0.0
20230801:1311,708.01,45.85,19.28,4.34,0.0
20230801:1411,646.01,40.88,19.17,4.62,0.0
20230801:1511,526.0,34.41,19.04,4.48,0.0
20230801:1611,402.0,27.09,17.49,4.0,0.0
20230801:1711,281.0,19.43,17.08,3.79,0.0
20230801:1811,133.0,11.86,16.76,4.0,0.0
20230801:1911,28.0,4.73,16.32,3.31,0.0
20230801:2011,0.0,0.0,15.68,2.48,0.0
20230801:2111,0.0,0.0,14.45,2.21,0.0
20230801:2211,0.0,0.0,14.31,1.86,0.0
20230801:2311,0.0,0.0,13.82,1.79,0.0
20230802:0011,0.0,0.0,13.89,1.86,0.0
20230802:0111,0.0,0.0,13.85,1.79,0.0
20230802:0211,0.0,0.0,13.9,1.79,0.0
20230802:0311,0.0,0.0,13.72,1.79,0.0
20230802:0411,3.0,4.21,13.82,1.72,0.0
20230802:0511,59.0,11.31,13.91,1.79,0.0
20230802:0611,151.0,18.88,14.22,1.86,0.0
20230802:0711,283.0,26.54,15.1,1.66,0.0
20230802:0811,460.0,33.88,16.03,1.93,0.0
20230802:0911,605.01,40.39,17.18,1.66,0.0
20230802:1011,684.01,45.43,18.38,1.59,0.0
20230802:1111,731.01,48.25,18.92,2.14,0.0
20230802:1211,732.01,48.31,19.34,2.83,0.0
20230802:1311,718.01,45.6,20.16,3.1,0.0
20230802:1411,648.01,40.65,19.93,2.9,0.0
20230802:1511,544.01,34.18,19.62,3.24,0.0
20230802:1611,320.0,26.87,19.24,3.31,0.0
20230802:1711,172.0,19.21,18.76,3.31,0.0
20230802:1811,30.0,11.64,17.49,3.1,0.0
20230802:1911,4.0,4.5,16.93,2.14,0.0
20230802:2011,0.0,0.0,15.76,2.21,0.0
20230802:2111,0.0,0.0,14.71,2.55,0.0
20230802:2211,0.0,0.0,14.45,2.48,0.0
20230802:2311,0.0,0.0,14.23,2.41,0.0
20230803:0011,0.0,0.0,13.99,2.34,0.0
20230803:0111,0.0,0.0,13.59,2.41,0.0
20230803:0211,0.0,0.0,13.48,2.34,0.0
20230803:0311,0.0,0.0,13.37,2.14,0.0
20230803:0411,10.0,3.99,13.29,1.72,0.0
20230803:0511,47.0,11.1,14.15,1.86,0.0
20230803:0611,111.0,18.67,14.88,2.21,0.0
20230803:0711,251.0,26.33,15.71,2.48,0.0
20230803:0811,364.0,33.66,16.78,2.34,0.0
20230803:0911,470.0,40.16,17.91,2.83,0.0
20230803:1011,654.01,45.18,18.69,3.03,0.0
20230803:1111,683.01,47.99,19.09,3.24,0.0
20230803:1211,684.01,48.05,19.42,4.14,0.0
20230803:1311,643.01,45.35,19.69,4.69,0.0
20230803:1411,600.01,40.41,19.33,4.48,0.0
20230803:1511,494.0,33.95,18.63,4.48,0.0
20230803:1611,324.0,26.64,18.33,4.55,0.0
20230803:1711,188.0,18.99,17.92,4.69,0.0
20230803:1811,63.0,11.41,17.38,4.83,0.0
20230803:1911,8.0,4.27,16.58,4.69,0.0
20230803:2011,0.0,0.0,15.96,4.55,0.0
20230803:2111,0.0,0.0,15.46,4.48,0.0
20230803:2211,0.0,0.0,14.93,5.03,0.0
20230803:2311,0.0,0.0,14.93,5.31,0.0
20230804:0011,0.0,0.0,14.7,5.24,0.0
20230804:0111,0.0,0.0,14.48,5.45,0.0
20230804:0211,0.0,0.0,14.32,5.52,0.0
20230804:0311,0.0,0.0,14.35,5.72,0.0
20230804:0411,3.0,3.77,14.33,5.66,0.0
20230804:0511,12.0,10.89,14.37,5.52,0.0
20230804:0611,161.0,18.46,14.63,5.79,0.0
20230804:0711,87.0,26.12,15.06,6.21,0.0
20230804:0811,165.0,33.44,15.57,6.76,0.0
20230804:0911,255.0,39.93,16.27,6.76,0.0
20230804:1011,449.0,44.94,16.19,6.83,0.0
20230804:1111,603.01,47.73,16.35,6.62,0.0
20230804:1211,673.01,47.79,16.02,6.76,0.0
20230804:1311,669.01,45.09,16.41,6.76,0.0
20230804:1411,576.01,40.16,16.48,6.9,0.0
20230804:1511,485.0,33.71,16.26,7.17,0.0
20230804:1611,373.0,26.41,15.84,6.83,0.0
20230804:1711,220.0,18.75,15.28,6.21,0.0
20230804:1811,73.0,11.17,14.66,5.72,0.0
20230804:1911,12.0,4.03,14.21,5.24,0.0
20230804:2011,0.0,0.0,13.83,4.97,0.0
20230804:2111,0.0,0.0,13.4,4.62,0.0
20230804:2211,0.0,0.0,13.37,4.28,0.0
20230804:2311,0.0,0.0,13.22,3.86,0.0
20230805:0011,0.0,0.0,13.0,3.59,0.0
20230805:0111,0.0,0.0,12.66,3.72,0.0
20230805:0211,0.0,0.0,12.53,4.14,0.0
20230805:0311,0.0,0.0,12.22,3.93,0.0
20230805:0411,21.3,3.54,12.11,3.72,0.0
20230805:0511,21.0,10.67,12.29,3.59,0.0
20230805:0611,146.0,18.25,12.77,3.79,0.0
20230805:0711,223.0,25.9,13.05,4.0,0.0
20230805:0811,235.0,33.22,13.43,3.86,0.0
20230805:0911,395.0,39.7,14.13,3.93,0.0
20230805:1011,386.0,44.69,14.7,3.86,0.0
20230805:1111,496.0,47.47,15.18,3.86,0.0
20230805:1211,500.0,47.52,15.19,3.86,0.0
20230805:1311,510.0,44.83,15.23,4.0,0.0
20230805:1411,435.0,39.9,15.55,3.93,0.0
20230805:1511,403.0,33.47,15.64,3.86,0.0
20230805:1611,372.0,26.17,15.43,4.0,0.0
20230805:1711,213.0,18.52,15.11,4.07,0.0
20230805:1811,69.0,10.93,14.61,3.93,0.0
20230805:1911,20.0,3.78,14.23,3.45,0.0
20230805:2011,0.0,0.0,13.71,3.03,0.0
20230805:2111,0.0,0.0,12.78,2.34,0.0
20230805:2211,0.0,0.0,12.57,1.72,0.0
20230805:2311,0.0,0.0,12.23,2.34,0.0
20230806:0011,0.0,0.0,11.84,2.41,0.0
20230806:0111,0.0,0.0,11.78,2.34,0.0
20230806:0211,0.0,0.0,11.95,2.07,0.0
20230806:0311,0.0,0.0,11.65,2.55,0.0
20230806:0411,5.0,3.31,11.26,2.14,0.0
20230806:0511,94.0,10.45,11.47,1.72,0.0
20230806:0611,51.0,18.03,12.11,1.66,0.0
20230806:0711,312.0,25.68,12.97,1.38,0.0
20230806:0811,313.0,33.0,13.96,1.59,0.0
20230806:0911,434.0,39.46,15.35,1.1,0.0
20230806:1011,583.01,44.43,16.37,1.45,0.0
20230806:1111,660.01,47.2,17.0,2.07,0.0
20230806:1211,576.01,47.25,17.62,2.21,0.0
20230806:1311,467.0,44.56,18.21,2.76,0.0
20230806:1411,415.0,39.65,18.38,3.03,0.0
20230806:1511,349.0,33.22,18.19,3.1,0.0
20230806:1611,216.0,25.92,17.82,3.52,0.0
20230806:1711,138.0,18.27,17.42,3.52,0.0
20230806:1811,49.0,10.69,16.77,3.24,0.0
20230806:1911,5.0,3.53,15.97,3.24,0.0
20230806:2011,0.0,0.0,15.15,3.24,0.0
20230806:2111,0.0,0.0,14.44,3.31,0.0
20230806:2211,0.0,0.0,14.1,3.38,0.0
20230806:2311,0.0,0.0,13.75,3.38,0.0
20230807:0011,0.0,0.0,13.48,3.38,0.0
20230807:0111,0.0,0.0,13.56,3.45,0.0
20230807:0211,0.0,0.0,13.67,3.72,0.0
20230807:0311,0.0,0.0,13.76,4.28,0.0
20230807:0411,2.0,3.08,13.84,4.48,0.0
20230807:0511,11.0,10.23,13.98,4.62,0.0
20230807:0611,30.0,17.81,14.38,5.38,0.0
20230807:0711,84.0,25.46,14.76,5.79,0.0
20230807:0811,82.0,32.77,15.22,5.93,0.0
20230807:0911,134.0,39.22,15.58,5.72,0.0
20230807:1011,205.0,44.18,15.94,6.28,0.0
20230807:1111,181.0,46.93,16.43,5.24,0.0
20230807:1211,201.0,46.97,16.44,4.97,0.0
20230807:1311,147.0,44.29,16.27,5.66,0.0
20230807:1411,144.0,39.38,15.55,5.79,0.0
20230807:1511,85.0,32.96,14.64,6.41,0.0
20230807:1611,43.0,25.67,14.06,7.24,0.0
20230807:1711,47.0,18.03,13.55,7.86,0.0
20230807:1811,12.0,10.44,13.21,8.48,0.0
20230807:1911,18.0,3.27,12.97,8.76,0.0
20230807:2011,0.0,0.0,12.75,8.69,0.0
20230807:2111,0.0,0.0,12.43,8.97,0.0
20230807:2211,0.0,0.0,11.98,9.03,0.0
20230807:2311,0.0,0.0,11.92,8.97,0.0
20230808:0011,0.0,0.0,12.02,9.38,0.0
20230808:0111,0.0,0.0,11.84,9.72,0.0
20230808:0211,0.0,0.0,11.63,9.38,0.0
20230808:0311,0.0,0.0,11.46,9.31,0.0
20230808:0411,6.0,2.85,11.37,9.17,0.0
20230808:0511,11.0,10.0,11.46,9.24,0.0
20230808:0611,80.0,17.59,11.44,9.24,0.0
20230808:0711,67.0,25.24,11.43,9.38,0.0
20230808:0811,85.0,32.54,11.52,9.45,0.0
20230808:0911,99.0,38.98,11.75,9.72,0.0
20230808:1011,109.0,43.91,11.9,10.21,0.0
20230808:1111,141.0,46.65,11.94,10.34,0.0
20230808:1211,147.0,46.69,11.95,10.62,0.0
20230808:1311,129.0,44.01,11.83,10.28,0.0
20230808:1411,79.0,39.11,11.69,9.93,0.0
20230808:1511,114.0,32.7,11.62,9.52,0.0
20230808:1611,111.0,25.42,11.57,9.17,0.0
20230808:1711,23.0,17.77,11.55,8.69,0.0
20230808:1811,11.0,10.18,11.5,8.41,0.0
20230808:1911,5.0,3.01,11.57,8.21,0.0
20230808:2011,0.0,0.0,11.53,8.07,0.0
20230808:2111,0.0,0.0,11.53,7.86,0.0
20230808:2211,0.0,0.0,11.68,8.28,0.0
20230808:2311,0.0,0.0,11.66,7.79,0.0
20230809:0011,0.0,0.0,11.6,7.45,0.0
20230809:0111,0.0,0.0,11.65,7.45,0.0
20230809:0211,0.0,0.0,11.61,7.31,0.0
20230809:0311,0.0,0.0,11.48,7.03,0.0
20230809:0411,13.6,2.61,11.47,6.69,0.0
20230809:0511,17.0,9.78,11.37,6.48,0.0
20230809:0611,38.0,17.37,11.36,6.55,0.0
20230809:0711,50.0,25.01,11.42,6.69,0.0
20230809:0811,107.0,32.3,11.41,6.28,0.0
20230809:0911,142.0,38.73,11.56,6.0,0.0
20230809:1011,120.0,43.65,11.54,6.62,0.0
20230809:1111,141.0,46.37,11.72,6.48,0.0
20230809:1211,200.0,46.4,11.54,6.07,0.0
20230809:1311,233.0,43.72,11.6,5.59,0.0
20230809:1411,234.0,38.84,11.52,5.38,0.0
20230809:1511,184.0,32.44,11.55,5.31,0.0
20230809:1611,309.0,25.16,11.48,5.1,0.0
20230809:1711,186.0,17.52,11.48,4.9,0.0
20230809:1811,67.0,9.92,11.2,4.69,0.0
20230809:1911,8.0,2.75,11.08,4.48,0.0
20230809:2011,0.0,0.0,11.0,4.07,0.0
20230809:2111,0.0,0.0,10.91,4.14,0.0
20230809:2211,0.0,0.0,11.12,4.83,0.0
20230809:2311,0.0,0.0,11.11,4.41,0.0
20230810:0011,0.0,0.0,11.05,4.55,0.0
20230810:0111,0.0,0.0,11.0,4.69,0.0
20230810:0211,0.0,0.0,11.09,4.55,0.0
20230810:0311,0.0,0.0,11.16,4.41,0.0
20230810:0411,8.0,2.38,10.96,4.21,0.0
20230810:0511,63.0,9.55,11.01,4.34,0.0
20230810:0611,144.0,17.14,11.23,3.93,0.0
20230810:0711,159.0,24.79,11.61,3.93,0.0
20230810:0811,331.0,32.07,11.78,3.86,0.0
20230810:0911,459.0,38.48,12.1,4.48,0.0
20230810:1011,386.0,43.38,11.98,3.86,0.0
20230810:1111,322.0,46.09,12.28,4.07,0.0
20230810:1211,238.0,46.11,12.46,4.62,0.0
20230810:1311,437.0,43.44,12.48,4.55,0.0
20230810:1411,113.0,38.56,12.71,4.28,0.0
20230810:1511,346.0,32.17,12.71,4.0,0.0
20230810:1611,207.0,24.9,12.69,3.79,0.0
20230810:1711,156.0,17.25,12.62,3.66,0.0
20230810:1811,65.0,9.66,12.46,3.31,0.0
20230810:1911,5.0,2.48,12.11,2.83,0.0
20230810:2011,0.0,0.0,11.81,2.55,0.0
20230810:2111,0.0,0.0,11.45,2.21,0.0
20230810:2211,0.0,0.0,11.16,2.07,0.0
20230810:2311,0.0,0.0,10.58,1.86,0.0
20230811:0011,0.0,0.0,10.46,1.72,0.0
20230811:0111,0.0,0.0,10.39,1.86,0.0
20230811:0211,0.0,0.0,10.21,2.0,0.0
20230811:0311,0.0,0.0,9.97,2.14,0.0
20230811:0411,5.0,2.14,9.82,1.86,0.0
20230811:0511,117.0,9.32,9.97,1.52,0.0
20230811:0611,239.0,16.91,10.93,1.86,0.0
20230811:0711,370.0,24.55,11.92,1.93,0.0
20230811:0811,483.01,31.83,12.94,1.17,0.0
20230811:0911,587.01,38.22,14.3,0.48,0.0
20230811:1011,624.01,43.11,15.32,2.28,0.0
20230811:1111,593.01,45.8,15.68,1.79,0.0
20230811:1211,509.0,45.81,16.58,1.59,0.0
20230811:1311,562.01,43.14,17.53,2.14,0.0
20230811:1411,188.0,38.28,17.83,2.9,0.0
20230811:1511,137.0,31.89,17.76,2.76,0.0
20230811:1611,160.0,24.63,17.21,2.21,0.0
20230811:1711,61.0,16.98,17.04,2.48,0.0
20230811:1811,62.0,9.39,17.03,3.38,0.0
20230811:1911,2.0,2.2,17.04,4.07,0.0
20230811:2011,0.0,0.0,16.56,4.76,0.0
20230811:2111,0.0,0.0,16.26,5.17,0.0
20230811:2211,0.0,0.0,15.93,4.41,0.0
20230811:2311,0.0,0.0,15.39,4.41,0.0
20230812:0011,0.0,0.0,15.3,4.28,0.0
20230812:0111,0.0,0.0,15.16,4.0,0.0
20230812:0211,0.0,0.0,14.87,3.38,0.0
20230812:0311,0.0,0.0,14.22,3.17,0.0
20230812:0411,1.0,1.89,13.61,3.1,0.0
20230812:0511,94.0,9.08,13.81,3.31,0.0
20230812:0611,208.0,16.68,14.65,3.52,0.0
20230812:0711,355.0,24.32,15.82,3.45,0.0
20230812:0811,160.0,31.59,16.75,3.45,0.0
20230812:0911,149.0,37.97,17.62,3.79,0.0
20230812:1011,229.0,42.83,18.22,3.79,0.0
20230812:1111,144.0,45.51,18.67,3.93,0.0
20230812:1211,366.0,45.51,18.93,4.0,0.0
20230812:1311,131.0,42.85,18.89,4.21,0.0
20230812:1411,470.0,37.99,18.97,4.28,0.0
20230812:1511,272.0,31.61,17.96,4.14,0.0
20230812:1611,202.0,24.35,17.86,4.69,0.0
20230812:1711,161.0,16.71,17.37,3.86,0.0
20230812:1811,54.0,9.11,16.58,2.62,0.0
20230812:1911,3.0,1.92,16.17,2.34,0.0
20230812:2011,0.0,0.0,15.86,2.69,0.0
20230812:2111,0.0,0.0,15.65,2.21,0.0
20230812:2211,0.0,0.0,15.69,2.76,0.0
20230812:2311,0.0,0.0,15.29,2.69,0.0
20230813:0011,0.0,0.0,14.47,2.69,0.0
20230813:0111,0.0,0.0,14.43,3.1,0.0
20230813:0211,0.0,0.0,14.04,3.17,0.0
20230813:0311,0.0,0.0,13.65,3.45,0.0
20230813:0411,1.0,1.65,13.4,3.24,0.0
20230813:0511,29.0,8.84,13.98,3.24,0.0
20230813:0611,48.0,16.45,14.85,3.45,0.0
20230813:0711,201.0,24.09,15.92,3.45,0.0
20230813:0811,106.0,31.34,15.94,4.0,0.0
20230813:0911,96.0,37.71,16.0,4.07,0.0
20230813:1011,84.0,42.55,15.56,5.31,0.0
20230813:1111,93.0,45.21,15.87,5.03,0.0
20230813:1211,124.0,45.21,15.79,4.76,0.0
20230813:1311,241.0,42.55,16.23,5.17,0.0
20230813:1411,324.0,37.7,16.32,5.17,0.0
20230813:1511,255.0,31.33,16.22,5.17,0.0
20230813:1611,154.0,24.07,15.97,5.52,0.0
20230813:1711,82.0,16.43,15.83,5.03,0.0
20230813:1811,29.0,8.83,15.43,5.1,0.0
20230813:1911,1.0,1.64,15.05,4.28,0.0
20230813:2011,0.0,0.0,14.97,3.66,0.0
20230813:2111,0.0,0.0,14.83,3.31,0.0
20230813:2211,0.0,0.0,14.73,3.59,0.0
20230813:2311,0.0,0.0,14.66,3.66,0.0
20230814:0011,0.0,0.0,14.56,3.52,0.0
20230814:0111,0.0,0.0,14.49,3.17,0.0
20230814:0211,0.0,0.0,14.4,3.24,0.0
20230814:0311,0.0,0.0,14.53,3.52,0.0
20230814:0411,1.0,1.4,14.42,3.24,0.0
20230814:0511,9.0,8.61,14.34,3.17,0.0
20230814:0611,119.0,16.21,14.65,3.38,0.0
20230814:0711,137.0,23.85,15.17,3.38,0.0
20230814:0811,156.0,31.09,15.44,4.21,0.0
20230814:0911,218.0,37.44,15.91,4.21,0.0
20230814:1011,295.0,42.27,16.39,3.93,0.0
20230814:1111,163.0,44.91,16.84,4.07,0.0
20230814:1211,294.0,44.9,16.39,4.34,0.0
20230814:1311,175.0,42.24,16.0,4.28,0.0
20230814:1411,165.0,37.4,16.37,4.76,0.0
20230814:1511,115.0,31.04,15.98,3.86,0.0
20230814:1611,97.0,23.79,15.96,2.9,0.0
20230814:1711,53.0,16.15,15.95,2.0,0.0
20230814:1811,44.0,8.55,15.87,1.66,0.0
20230814:1911,1.0,1.35,15.45,2.0,0.0
20230814:2011,0.0,0.0,15.05,2.28,0.0
20230814:2111,0.0,0.0,14.77,2.28,0.0
20230814:2211,0.0,0.0,14.78,2.41,0.0
20230814:2311,0.0,0.0,14.83,2.34,0.0
20230815:0011,0.0,0.0,14.97,2.34,0.0
20230815:0111,0.0,0.0,15.04,2.83,0.0
20230815:0211,0.0,0.0,15.16,2.83,0.0
20230815:0311,0.0,0.0,15.19,2.69,0.0
20230815:0411,0.0,0.0,15.04,2.55,0.0
20230815:0511,9.0,8.37,14.96,2.41,0.0
20230815:0611,24.0,15.98,14.99,2.55,0.0
20230815:0711,65.0,23.61,15.25,3.1,0.0
20230815:0811,119.0,30.85,15.67,3.52,0.0
20230815:0911,99.0,37.18,16.2,3.72,0.0
20230815:1011,69.0,41.99,16.01,2.69,0.0
20230815:1111,155.0,44.61,16.56,2.9,0.0
20230815:1211,416.0,44.59,16.89,2.48,0.0
20230815:1311,479.0,41.93,17.3,1.93,0.0
20230815:1411,342.0,37.09,17.3,2.07,0.0
20230815:1511,365.0,30.74,17.15,2.14,0.0
20230815:1611,65.0,23.5,16.74,1.79,0.0
20230815:1711,132.0,15.86,16.33,1.66,0.0
20230815:1811,48.0,8.26,15.86,1.17,0.0
20230815:1911,0.0,0.0,15.5,0.34,0.0
20230815:2011,0.0,0.0,14.54,0.83,0.0
20230815:2111,0.0,0.0,14.42,1.17,0.0
20230815:2211,0.0,0.0,14.65,1.93,0.0
20230815:2311,0.0,0.0,14.66,1.72,0.0
20230816:0011,0.0,0.0,14.35,1.66,0.0
20230816:0111,0.0,0.0,14.39,1.86,0.0
20230816:0211,0.0,0.0,14.26,1.72,0.0
20230816:0311,0.0,0.0,13.91,1.72,0.0
20230816:0411,0.0,0.0,13.85,2.14,0.0
20230816:0511,30.0,8.12,14.13,2.34,0.0
20230816:0611,134.0,15.74,14.24,2.76,0.0
20230816:0711,148.0,23.37,14.48,3.17,0.0
20230816:0811,142.0,30.59,14.69,3.66,0.0
20230816:0911,198.0,36.91,15.0,4.0,0.0
20230816:1011,216.0,41.7,15.29,4.41,0.0
20230816:1111,207.0,44.3,15.4,4.55,0.0
20230816:1211,236.0,44.27,15.55,4.9,0.0
20230816:1311,202.0,41.61,15.62,5.1,0.0
20230816:1411,182.0,36.79,15.72,5.1,0.0
20230816:1511,208.0,30.45,15.41,4.69,0.0
20230816:1611,189.0,23.2,15.58,4.55,0.0
20230816:1711,140.0,15.57,15.39,4.28,0.0
20230816:1811,49.0,7.96,15.0,3.93,0.0
20230816:1911,0.0,0.0,14.62,3.52,0.0
20230816:2011,0.0,0.0,14.22,3.03,0.0
20230816:2111,0.0,0.0,13.73,2.97,0.0
20230816:2211,0.0,0.0,13.28,2.69,0.0
20230816:2311,0.0,0.0,12.87,3.03,0.0
20230817:0011,0.0,0.0,12.69,3.1,0.0
20230817:0111,0.0,0.0,12.42,2.76,0.0
20230817:0211,0.0,0.0,12.53,2.69,0.0
20230817:0311,0.0,0.0,12.56,2.62,0.0
20230817:0411,0.0,0.0,12.47,2.62,0.0
20230817:0511,77.0,7.88,12.46,2.97,0.0
20230817:0611,157.0,15.49,12.82,2.9,0.0
20230817:0711,246.0,23.12,13.59,2.48,0.0
20230817:0811,380.0,30.34,14.69,2.0,0.0
20230817:0911,386.0,36.64,16.11,1.59,0.0
20230817:1011,561.01,41.41,17.81,1.52,0.0
20230817:1111,605.01,43.99,18.3,1.72,0.0
20230817:1211,673.01,43.95,18.96,2.21,0.0
20230817:1311,561.01,41.3,19.52,2.41,0.0
20230817:1411,479.01,36.48,19.41,2.48,0.0
20230817:1511,457.01,30.14,18.81,2.69,0.0
20230817:1611,275.0,22.91,18.65,2.55,0.0
20230817:1711,177.0,15.27,18.03,2.28,0.0
20230817:1811,44.0,7.66,17.28,1.66,0.0
20230817:1911,0.0,0.0,16.26,1.17,0.0
20230817:2011,0.0,0.0,15.5,1.31,0.0
20230817:2111,0.0,0.0,14.98,1.52,0.0
20230817:2211,0.0,0.0,14.26,1.38,0.0
20230817:2311,0.0,0.0,14.12,1.52,0.0
20230818:0011,0.0,0.0,13.63,1.52,0.0
20230818:0111,0.0,0.0,13.48,1.72,0.0
20230818:0211,0.0,0.0,12.67,1.66,0.0
20230818:0311,0.0,0.0,12.55,1.79,0.0
20230818:0411,0.0,0.0,12.43,1.66,0.0
20230818:0511,89.0,7.63,12.83,1.52,0.0
20230818:0611,146.0,15.25,13.96,1.52,0.0
20230818:0711,266.0,22.88,15.82,1.17,0.0
20230818:0811,394.0,30.08,17.08,0.62,0.0
20230818:0911,389.0,36.36,18.65,0.34,0.0
20230818:1011,510.01,41.11,19.93,0.69,0.0
20230818:1111,561.01,43.68,20.44,0.97,0.0
20230818:1211,646.01,43.63,20.75,1.38,0.0
20230818:1311,616.01,40.97,20.91,1.24,0.0
20230818:1411,559.01,36.16,20.96,0.83,0.0
20230818:1511,409.0,29.83,20.91,0.41,0.0
20230818:1611,256.0,22.6,20.86,0.28,0.0
20230818:1711,156.0,14.97,20.5,0.83,0.0
20230818:1811,45.0,7.36,19.97,1.03,0.0
20230818:1911,0.0,0.0,19.04,1.52,0.0
20230818:2011,0.0,0.0,18.36,1.93,0.0
20230818:2111,0.0,0.0,17.75,1.86,0.0
20230818:2211,0.0,0.0,16.76,2.83,0.0
20230818:2311,0.0,0.0,16.4,2.55,0.0
20230819:0011,0.0,0.0,16.31,3.1,0.0
20230819:0111,0.0,0.0,16.01,3.45,0.0
20230819:0211,0.0,0.0,16.12,3.59,0.0
20230819:0311,0.0,0.0,16.27,3.79,0.0
20230819:0411,0.0,0.0,16.89,3.52,0.0
20230819:0511,17.0,7.38,17.31,3.59,0.0
20230819:0611,51.0,15.01,18.02,4.41,0.0
20230819:0711,121.0,22.63,19.06,5.1,0.0
20230819:0811,161.0,29.82,19.7,4.83,0.0
20230819:0911,131.0,36.09,20.18,5.31,0.0
20230819:1011,280.0,40.81,20.75,6.14,0.0
20230819:1111,121.0,43.36,20.72,6.83,0.0
20230819:1211,157.0,43.3,20.53,6.34,0.0
20230819:1311,112.0,40.65,20.1,7.03,0.0
20230819:1411,116.0,35.84,19.35,7.17,0.0
20230819:1511,77.0,29.52,18.3,7.03,0.0
20230819:1611,40.0,22.3,18.24,6.83,0.0
20230819:1711,36.0,14.67,18.25,6.69,0.0
20230819:1811,10.0,7.05,18.24,6.48,0.0
20230819:1911,0.0,0.0,18.26,5.79,0.0
20230819:2011,0.0,0.0,18.23,5.03,0.0
20230819:2111,0.0,0.0,18.29,4.14,0.0
20230819:2211,0.0,0.0,18.31,3.03,0.0
20230819:2311,0.0,0.0,17.84,2.69,0.0
20230820:0011,0.0,0.0,17.62,3.31,0.0
20230820:0111,0.0,0.0,17.41,3.1,0.0
20230820:0211,0.0,0.0,16.8,2.41,0.0
20230820:0311,0.0,0.0,16.54,2.21,0.0
20230820:0411,0.0,0.0,16.15,2.34,0.0
20230820:0511,58.0,7.13,16.1,2.34,0.0
20230820:0611,122.0,14.76,16.33,2.69,0.0
20230820:0711,210.0,22.38,16.65,2.76,0.0
20230820:0811,173.0,29.56,17.22,2.9,0.0
20230820:0911,360.0,35.81,17.75,3.24,0.0
20230820:1011,486.0,40.51,18.45,3.17,0.0
20230820:1111,640.01,43.04,18.96,3.45,0.0
20230820:1211,208.0,42.97,19.09,3.93,0.0
20230820:1311,598.01,40.32,18.86,3.93,0.0
20230820:1411,471.01,35.52,19.05,3.52,0.0
20230820:1511,372.0,29.21,18.69,3.45,0.0
20230820:1611,249.0,21.99,18.31,3.72,0.0
20230820:1711,105.0,14.36,17.6,3.38,0.0
20230820:1811,19.0,6.74,17.13,2.9,0.0
20230820:1911,0.0,0.0,16.56,2.41,0.0
20230820:2011,0.0,0.0,16.25,2.28,0.0
20230820:2111,0.0,0.0,15.94,2.41,0.0
20230820:2211,0.0,0.0,15.76,3.17,0.0
20230820:2311,0.0,0.0,15.56,3.31,0.0
20230821:0011,0.0,0.0,15.52,3.17,0.0
20230821:0111,0.0,0.0,15.1,3.31,0.0
20230821:0211,0.0,0.0,14.91,2.69,0.0
20230821:0311,0.0,0.0,14.88,2.83,0.0
20230821:0411,0.0,0.0,14.74,2.41,0.0
20230821:0511,25.0,6.88,14.77,2.48,0.0
20230821:0611,112.0,14.51,15.11,2.62,0.0
20230821:0711,270.0,22.12,15.65,2.9,0.0
20230821:0811,373.0,29.3,16.35,2.76,0.0
20230821:0911,477.01,35.53,16.98,2.69,0.0
20230821:1011,516.01,40.21,17.21,3.24,0.0
20230821:1111,620.01,42.72,17.84,3.03,0.0
20230821:1211,612.01,42.64,18.03,3.38,0.0
20230821:1311,606.01,39.98,18.16,3.79,0.0
20230821:1411,536.01,35.19,18.2,3.59,0.0
20230821:1511,430.01,28.88,17.55,3.45,0.0
20230821:1611,311.0,21.67,17.74,3.38,0.0
20230821:1711,177.0,14.05,17.46,3.59,0.0
20230821:1811,36.0,6.43,16.97,3.24,0.0
20230821:1911,0.0,0.0,16.13,2.83,0.0
20230821:2011,0.0,0.0,15.43,2.9,0.0
20230821:2111,0.0,0.0,14.99,2.97,0.0
20230821:2211,0.0,0.0,14.94,3.31,0.0
20230821:2311,0.0,0.0,14.67,3.1,0.0
20230822:0011,0.0,0.0,14.16,3.38,0.0
20230822:0111,0.0,0.0,13.54,3.38,0.0
20230822:0211,0.0,0.0,13.79,3.24,0.0
20230822:0311,0.0,0.0,13.83,3.45,0.0
20230822:0411,0.0,0.0,13.88,3.45,0.0
20230822:0511,10.0,6.63,14.01,3.79,0.0
20230822:0611,68.0,14.26,14.48,3.79,0.0
20230822:0711,172.0,21.87,14.79,4.21,0.0
20230822:0811,368.0,29.03,15.48,4.48,0.0
20230822:0911,417.0,35.24,16.4,4.41,0.0
20230822:1011,334.0,39.9,17.34,4.62,0.0
20230822:1111,358.0,42.39,17.69,4.48,0.0
20230822:1211,511.01,42.3,17.89,4.41,0.0
20230822:1311,575.01,39.64,18.15,4.34,0.0
20230822:1411,470.01,34.85,17.9,4.14,0.0
20230822:1511,295.0,28.56,17.55,3.93,0.0
20230822:1611,230.0,21.35,17.6,3.38,0.0
20230822:1711,126.0,13.73,17.0,3.31,0.0
20230822:1811,39.0,6.11,16.5,3.17,0.0
20230822:1911,0.0,0.0,15.9,2.48,0.0
20230822:2011,0.0,0.0,15.89,2.9,0.0
20230822:2111,0.0,0.0,15.68,2.9,0.0
20230822:2211,0.0,0.0,15.51,3.03,0.0
20230822:2311,0.0,0.0,15.37,3.31,0.0
20230823:0011,0.0,0.0,15.36,3.45,0.0
20230823:0111,0.0,0.0,15.14,3.24,0.0
20230823:0211,0.0,0.0,15.19,3.31,0.0
20230823:0311,0.0,0.0,15.04,3.38,0.0
20230823:0411,0.0,0.0,15.06,3.24,0.0
20230823:0511,25.0,6.37,15.13,3.03,0.0
20230823:0611,19.0,14.01,15.11,2.34,0.0
20230823:0711,106.0,21.61,14.96,3.17,0.0
20230823:0811,287.0,28.76,14.91,4.0,0.0
20230823:0911,368.0,34.95,14.97,4.28,0.0
20230823:1011,152.0,39.59,15.35,4.0,0.0
20230823:1111,117.0,42.06,15.53,3.66,0.0
20230823:1211,172.0,41.96,15.16,3.45,0.0
20230823:1311,123.0,39.3,15.65,3.59,0.0
20230823:1411,168.0,34.52,15.34,3.93,0.0
20230823:1511,244.0,28.23,15.19,3.93,0.0
20230823:1611,164.0,21.03,15.34,3.79,0.0
20230823:1711,103.0,13.41,15.06,3.72,0.0
20230823:1811,36.0,5.79,14.75,3.59,0.0
20230823:1911,0.0,0.0,14.32,2.83,0.0
20230823:2011,0.0,0.0,13.61,2.48,0.0
20230823:2111,0.0,0.0,13.41,2.28,0.0
20230823:2211,0.0,0.0,12.7,1.66,0.0
20230823:2311,0.0,0.0,12.62,1.79,0.0
20230824:0011,0.0,0.0,12.27,1.86,0.0
20230824:0111,0.0,0.0,11.89,1.52,0.0
20230824:0211,0.0,0.0,11.57,1.24,0.0
20230824:0311,0.0,0.0,11.44,0.97,0.0
20230824:0411,0.0,0.0,11.27,0.83,0.0
20230824:0511,28.0,6.11,11.11,1.31,0.0
20230824:0611,126.0,13.75,11.46,1.31,0.0
20230824:0711,102.0,21.35,12.34,1.1,0.0
20230824:0811,252.0,28.49,13.19,0.55,0.0
20230824:0911,281.0,34.66,14.25,0.76,0.0
20230824:1011,593.01,39.28,15.16,0.34,0.0
20230824:1111,537.01,41.73,15.85,0.9,0.0
20230824:1211,351.0,41.61,15.98,1.72,0.0
20230824:1311,472.0,38.95,16.17,1.86,0.0
20230824:1411,286.0,34.18,15.85,1.93,0.0
20230824:1511,151.0,27.9,14.75,2.34,0.0
20230824:1611,134.0,20.7,14.65,1.38,0.0
20230824:1711,37.0,13.08,14.55,1.24,0.0
20230824:1811,5.0,5.46,14.47,1.03,0.0
20230824:1911,0.0,0.0,14.17,1.72,0.0
20230824:2011,0.0,0.0,13.73,1.66,0.0
20230824:2111,0.0,0.0,13.82,1.72,0.0
20230824:2211,0.0,0.0,14.14,2.41,0.0
20230824:2311,0.0,0.0,13.83,2.07,0.0
20230825:0011,0.0,0.0,13.73,1.45,0.0
20230825:0111,0.0,0.0,13.53,1.38,0.0
20230825:0211,0.0,0.0,13.41,1.31,0.0
20230825:0311,0.0,0.0,13.36,1.1,0.0
20230825:0411,0.0,0.0,13.27,1.17,0.0
20230825:0511,11.0,5.86,13.12,1.45,0.0
20230825:0611,116.0,13.5,13.39,1.72,0.0
20230825:0711,80.0,21.09,14.15,1.72,0.0
20230825:0811,179.0,28.22,14.76,1.59,0.0
20230825:0911,198.0,34.37,15.06,1.45,0.0
20230825:1011,274.0,38.96,15.07,0.97,0.0
20230825:1111,291.0,41.39,15.42,0.83,0.0
20230825:1211,259.0,41.27,15.63,0.76,0.0
20230825:1311,204.0,38.61,15.94,0.55,0.0
20230825:1411,190.0,33.84,15.88,0.41,0.0
20230825:1511,113.0,27.56,16.3,1.03,0.0
20230825:1611,157.0,20.37,15.84,1.03,0.0
20230825:1711,67.0,12.76,15.57,0.76,0.0
20230825:1811,15.0,5.13,15.3,0.55,0.0
20230825:1911,0.0,0.0,14.81,0.28,0.0
20230825:2011,0.0,0.0,14.76,0.48,0.0
20230825:2111,0.0,0.0,14.57,0.41,0.0
20230825:2211,0.0,0.0,13.92,0.34,0.0
20230825:2311,0.0,0.0,13.49,0.55,0.0
20230826:0011,0.0,0.0,13.61,0.76,0.0
20230826:0111,0.0,0.0,13.63,0.9,0.0
20230826:0211,0.0,0.0,13.72,0.69,0.0
20230826:0311,0.0,0.0,13.5,0.28,0.0
20230826:0411,0.0,0.0,13.51,0.48,0.0
20230826:0511,22.0,5.6,13.41,0.69,0.0
20230826:0611,63.0,13.24,13.54,0.34,0.0
20230826:0711,27.0,20.83,14.14,0.21,0.0
20230826:0811,251.0,27.94,14.73,0.41,0.0
20230826:0911,340.0,34.08,15.49,0.41,0.0
20230826:1011,420.0,38.65,15.89,0.69,0.0
20230826:1111,112.0,41.06,16.17,1.03,0.0
20230826:1211,112.0,40.92,16.1,1.52,0.0
20230826:1311,390.0,38.25,16.27,1.31,0.0
20230826:1411,403.0,33.49,16.63,1.52,0.0
20230826:1511,260.0,27.22,16.76,1.66,0.0
20230826:1611,124.0,20.04,15.92,1.72,0.0
20230826:1711,88.0,12.42,15.08,1.86,0.0
20230826:1811,29.0,4.8,14.85,1.52,0.0
20230826:1911,0.0,0.0,14.35,1.52,0.0
20230826:2011,0.0,0.0,14.09,1.45,0.0
20230826:2111,0.0,0.0,13.91,1.45,0.0
20230826:2211,0.0,0.0,13.49,1.45,0.0
20230826:2311,0.0,0.0,13.88,1.59,0.0
20230827:0011,0.0,0.0,13.75,1.66,0.0
20230827:0111,0.0,0.0,13.54,1.66,0.0
20230827:0211,0.0,0.0,13.36,1.38,0.0
20230827:0311,0.0,0.0,13.26,1.1,0.0
20230827:0411,0.0,0.0,13.18,1.38,0.0
20230827:0511,13.0,5.33,13.1,1.72,0.0
20230827:0611,108.0,12.98,13.31,1.66,0.0
20230827:0711,189.0,20.57,13.43,1.72,0.0
20230827:0811,300.0,27.67,13.78,1.79,0.0
20230827:0911,303.0,33.78,14.28,1.93,0.0
20230827:1011,474.01,38.33,14.71,2.9,0.0
20230827:1111,504.01,40.71,15.19,3.24,0.0
20230827:1211,486.01,40.56,15.31,3.45,0.0
20230827:1311,508.01,37.9,15.49,3.1,0.0
20230827:1411,238.0,33.14,15.44,2.76,0.0
20230827:1511,150.0,26.88,15.33,2.41,0.0
20230827:1611,103.0,19.7,14.96,1.86,0.0
20230827:1711,83.0,12.09,14.54,1.17,0.0
20230827:1811,18.0,4.46,14.16,0.55,0.0
20230827:1911,0.0,0.0,13.57,0.62,0.0
20230827:2011,0.0,0.0,13.02,1.03,0.0
20230827:2111,0.0,0.0,12.69,0.97,0.0
20230827:2211,0.0,0.0,12.63,0.14,0.0
20230827:2311,0.0,0.0,12.54,0.48,0.0
20230828:0011,0.0,0.0,12.32,0.34,0.0
20230828:0111,0.0,0.0,12.23,0.69,0.0
20230828:0211,0.0,0.0,12.33,0.41,0.0
20230828:0311,0.0,0.0,12.17,0.41,0.0
20230828:0411,0.0,0.0,11.95,0.55,0.0
20230828:0511,6.0,5.07,12.12,0.83,0.0
20230828:0611,103.0,12.72,12.33,1.03,0.0
20230828:0711,132.0,20.3,12.77,1.38,0.0
20230828:0811,143.0,27.39,13.24,1.86,0.0
20230828:0911,175.0,33.48,13.94,2.21,0.0
20230828:1011,189.0,38.0,14.62,2.41,0.0
20230828:1111,338.0,40.37,15.4,2.62,0.0
20230828:1211,545.01,40.21,15.55,2.76,0.0
20230828:1311,412.0,37.54,15.6,3.03,0.0
20230828:1411,302.0,32.79,15.43,3.45,0.0
20230828:1511,134.0,26.54,15.16,3.66,0.0
20230828:1611,67.0,19.36,14.84,3.52,0.0
20230828:1711,83.0,11.75,14.12,3.17,0.0
20230828:1811,20.0,4.12,13.54,2.97,0.0
20230828:1911,0.0,0.0,13.22,2.62,0.0
20230828:2011,0.0,0.0,12.81,1.86,0.0
20230828:2111,0.0,0.0,12.72,1.38,0.0
20230828:2211,0.0,0.0,12.48,1.59,0.0
20230828:2311,0.0,0.0,12.22,1.31,0.0
20230829:0011,0.0,0.0,12.08,1.1,0.0
20230829:0111,0.0,0.0,11.69,0.97,0.0
20230829:0211,0.0,0.0,11.65,0.83,0.0
20230829:0311,0.0,0.0,11.42,0.69,0.0
20230829:0411,0.0,0.0,11.27,0.83,0.0
20230829:0511,7.0,4.81,11.58,1.31,0.0
20230829:0611,40.0,12.46,11.91,1.66,0.0
20230829:0711,127.0,20.03,12.47,2.41,0.0
20230829:0811,317.0,27.11,13.04,2.83,0.0
20230829:0911,233.0,33.18,14.07,3.1,0.0
20230829:1011,507.01,37.68,14.56,2.97,0.0
20230829:1111,365.0,40.02,15.15,3.17,0.0
20230829:1211,135.0,39.85,15.57,3.72,0.0
20230829:1311,135.0,37.18,15.47,4.28,0.0
20230829:1411,217.0,32.43,15.34,4.48,0.0
20230829:1511,276.0,26.19,14.99,4.28,0.0
20230829:1611,268.0,19.02,14.98,3.86,0.0
20230829:1711,71.0,11.41,14.88,3.38,0.0
20230829:1811,22.0,3.77,14.41,3.03,0.0
20230829:1911,0.0,0.0,13.85,2.76,0.0
20230829:2011,0.0,0.0,13.31,2.83,0.0
20230829:2111,0.0,0.0,12.87,2.9,0.0
20230829:2211,0.0,0.0,12.64,2.55,0.0
20230829:2311,0.0,0.0,12.33,2.21,0.0
20230830:0011,0.0,0.0,12.19,2.55,0.0
20230830:0111,0.0,0.0,12.05,2.34,0.0
20230830:0211,0.0,0.0,12.11,2.48,0.0
20230830:0311,0.0,0.0,12.38,2.55,0.0
20230830:0411,0.0,0.0,12.61,2.48,0.0
20230830:0511,11.0,4.54,12.53,2.21,0.0
20230830:0611,97.0,12.2,12.71,2.28,0.0
20230830:0711,255.0,19.77,13.56,2.14,0.0
20230830:0811,398.01,26.83,14.57,2.0,0.0
20230830:0911,452.01,32.88,15.41,1.93,0.0
20230830:1011,486.01,37.35,15.73,0.07,0.0
20230830:1111,430.0,39.67,16.2,0.34,0.0
20230830:1211,174.0,39.48,16.66,0.41,0.0
20230830:1311,396.0,36.81,16.75,1.1,0.0
20230830:1411,91.0,32.07,16.3,1.17,0.0
20230830:1511,232.0,25.83,15.86,0.55,0.0
20230830:1611,69.0,18.67,15.7,0.28,0.0
20230830:1711,71.0,11.06,15.38,0.14,0.0
20230830:1811,7.0,3.43,15.08,0.41,0.0
20230830:1911,0.0,0.0,13.92,1.17,0.0
20230830:2011,0.0,0.0,13.81,1.59,0.0
20230830:2111,0.0,0.0,13.77,1.72,0.0
20230830:2211,0.0,0.0,13.8,1.59,0.0
20230830:2311,0.0,0.0,13.66,1.79,0.0
20230831:0011,0.0,0.0,13.29,1.93,0.0
20230831:0111,0.0,0.0,13.02,1.93,0.0
20230831:0211,0.0,0.0,13.0,2.14,0.0
20230831:0311,0.0,0.0,12.6,1.79,0.0
20230831:0411,0.0,0.0,12.07,1.93,0.0
20230831:0511,14.0,4.27,11.7,2.14,0.0
20230831:0611,91.0,11.93,12.25,2.28,0.0
20230831:0711,197.0,19.49,13.31,1.79,0.0
20230831:0811,342.0,26.54,14.71,1.17,0.0
20230831:0911,459.01,32.57,16.21,0.41,0.0
20230831:1011,583.01,37.02,17.73,1.1,0.0
20230831:1111,623.01,39.32,18.33,1.52,0.0
20230831:1211,610.01,39.12,18.49,1.72,0.0
20230831:1311,556.01,36.45,18.71,2.21,0.0
20230831:1411,484.01,31.71,18.47,2.34,0.0
20230831:1511,358.0,25.48,18.2,2.62,0.0
20230831:1611,186.0,18.32,17.57,2.55,0.0
20230831:1711,69.0,10.71,16.86,2.28,0.0
20230831:1811,6.0,3.08,16.1,2.07,0.0
20230831:1911,0.0,0.0,14.79,1.93,0.0
20230831:2011,0.0,0.0,14.26,1.79,0.0
20230831:2111,0.0,0.0,13.94,1.79,0.0
20230831:2211,0.0,0.0,13.18,1.1,0.0
20230831:2311,0.0,0.0,12.74,1.1,0.0
20230901:0011,0.0,0.0,12.53,1.17,0.0
20230901:0111,0.0,0.0,12.03,1.17,0.0
20230901:0211,0.0,0.0,11.03,1.03,0.0
20230901:0311,0.0,0.0,10.76,1.24,0.0
20230901:0411,0.0,0.0,10.46,1.38,0.0
20230901:0511,26.59,4.01,10.24,1.31,0.0
20230901:0611,130.0,11.66,10.34,1.24,0.0
20230901:0711,273.0,19.22,11.64,1.38,0.0
20230901:0811,397.01,26.26,13.2,1.93,0.0
20230901:0911,500.01,32.27,14.97,2.69,0.0
20230901:1011,594.01,36.69,16.43,2.62,0.0
20230901:1111,631.01,38.97,17.34,3.38,0.0
20230901:1211,631.01,38.75,18.03,4.28,0.0
20230901:1311,596.01,36.08,18.31,4.76,0.0
20230901:1411,500.01,31.34,18.29,4.97,0.0
20230901:1511,393.01,25.12,17.83,4.76,0.0
20230901:1611,258.0,17.97,17.24,4.48,0.0
20230901:1711,58.0,10.36,16.44,4.41,0.0
20230901:1811,14.0,2.73,15.19,4.14,0.0
20230901:1911,0.0,0.0,14.13,3.86,0.0
20230901:2011,0.0,0.0,12.98,3.86,0.0
20230901:2111,0.0,0.0,12.55,3.59,0.0
20230901:2211,0.0,0.0,11.91,3.38,0.0
20230901:2311,0.0,0.0,11.98,3.38,0.0
20230902:0011,0.0,0.0,11.54,3.38,0.0
20230902:0111,0.0,0.0,11.18,3.17,0.0
20230902:0211,0.0,0.0,11.09,3.17,0.0
20230902:0311,0.0,0.0,11.14,3.17,0.0
20230902:0411,0.0,0.0,11.08,3.45,0.0
20230902:0511,18.79,3.74,11.17,3.38,0.0
20230902:0611,125.0,11.4,11.35,3.79,0.0
20230902:0711,272.0,18.95,12.33,4.21,0.0
20230902:0811,373.01,25.97,13.02,4.14,0.0
20230902:0911,404.0,31.96,13.78,4.28,0.0
20230902:1011,363.0,36.36,14.5,3.72,0.0
20230902:1111,419.0,38.61,14.74,4.0,0.0
20230902:1211,285.0,38.38,14.74,4.48,0.0
20230902:1311,206.0,35.71,14.77,4.48,0.0
20230902:1411,103.0,30.98,14.55,4.28,0.0
20230902:1511,81.0,24.76,14.02,5.17,0.0
20230902:1611,47.0,17.61,13.57,5.03,0.0
20230902:1711,12.0,10.01,13.37,4.0,0.0
20230902:1811,2.0,2.37,13.27,3.52,0.0
20230902:1911,0.0,0.0,13.08,3.31,0.0
20230902:2011,0.0,0.0,12.78,2.62,0.0
20230902:2111,0.0,0.0,12.6,2.14,0.0
20230902:2211,0.0,0.0,12.57,1.1,0.0
20230902:2311,0.0,0.0,12.58,0.21,0.0
20230903:0011,0.0,0.0,12.48,0.62,0.0
20230903:0111,0.0,0.0,12.27,0.69,0.0
20230903:0211,0.0,0.0,12.19,2.0,0.0
20230903:0311,0.0,0.0,11.95,2.34,0.0
20230903:0411,0.0,0.0,11.78,2.21,0.0
20230903:0511,3.0,3.47,11.7,2.83,0.0
20230903:0611,19.0,11.13,11.8,3.31,0.0
20230903:0711,76.0,18.67,12.24,3.24,0.0
20230903:0811,51.0,25.68,12.64,3.24,0.0
20230903:0911,88.0,31.65,13.44,3.59,0.0
20230903:1011,94.0,36.02,14.0,4.07,0.0
20230903:1111,136.0,38.25,14.56,4.21,0.0
20230903:1211,108.0,38.01,15.03,4.21,0.0
20230903:1311,117.0,35.33,15.18,4.41,0.0
20230903:1411,54.0,30.61,15.51,3.59,0.0
20230903:1511,157.0,24.4,15.71,2.97,0.0
20230903:1611,34.0,17.25,15.64,2.83,0.0
20230903:1711,16.0,9.65,15.64,2.76,0.0
20230903:1811,7.0,2.01,15.63,2.69,0.0
20230903:1911,0.0,0.0,15.64,2.55,0.0
20230903:2011,0.0,0.0,15.65,2.21,0.0
20230903:2111,0.0,0.0,15.53,2.0,0.0
20230903:2211,0.0,0.0,15.56,1.59,0.0
20230903:2311,0.0,0.0,15.48,1.59,0.0
20230904:0011,0.0,0.0,15.38,1.66,0.0
20230904:0111,0.0,0.0,15.3,1.86,0.0
20230904:0211,0.0,0.0,15.19,2.0,0.0
20230904:0311,0.0,0.0,15.19,1.93,0.0
20230904:0411,0.0,0.0,15.08,2.14,0.0
20230904:0511,15.8,3.19,14.9,2.14,0.0
20230904:0611,83.0,10.86,15.02,2.21,0.0
20230904:0711,155.0,18.4,15.44,2.41,0.0
20230904:0811,368.01,25.39,15.9,2.97,0.0
20230904:0911,473.01,31.33,16.72,3.45,0.0
20230904:1011,561.01,35.68,17.8,3.45,0.0
20230904:1111,581.01,37.89,18.4,4.28,0.0
20230904:1211,436.0,37.64,18.69,4.76,0.0
20230904:1311,553.01,34.95,18.51,4.9,0.0
20230904:1411,467.01,30.23,18.26,5.24,0.0
20230904:1511,334.0,24.03,17.69,5.03,0.0
20230904:1611,65.0,16.89,17.31,4.62,0.0
20230904:1711,36.0,9.29,16.86,3.93,0.0
20230904:1811,1.0,1.65,16.4,3.24,0.0
20230904:1911,0.0,0.0,15.76,2.83,0.0
20230904:2011,0.0,0.0,15.52,2.34,0.0
20230904:2111,0.0,0.0,15.38,2.0,0.0
20230904:2211,0.0,0.0,15.13,2.41,0.0
20230904:2311,0.0,0.0,15.1,2.41,0.0
20230905:0011,0.0,0.0,15.11,2.14,0.0
20230905:0111,0.0,0.0,15.0,2.14,0.0
20230905:0211,0.0,0.0,14.93,2.21,0.0
20230905:0311,0.0,0.0,14.93,2.07,0.0
20230905:0411,0.0,0.0,14.91,1.72,0.0
20230905:0511,12.82,2.92,14.83,1.86,0.0
20230905:0611,82.0,10.59,14.88,2.07,0.0
20230905:0711,164.0,18.12,15.21,2.41,0.0
20230905:0811,213.0,25.09,15.66,2.41,0.0
20230905:0911,150.0,31.02,16.35,2.69,0.0
20230905:1011,86.0,35.34,16.31,2.76,0.0
20230905:1111,142.0,37.53,16.32,2.76,0.0
20230905:1211,120.0,37.26,16.41,2.76,0.0
20230905:1311,128.0,34.57,16.34,2.83,0.0
20230905:1411,125.0,29.86,16.58,2.55,0.0
20230905:1511,135.0,23.66,16.48,2.69,0.0
20230905:1611,142.0,16.53,16.32,2.62,0.0
20230905:1711,61.0,8.93,15.96,2.69,0.0
20230905:1811,1.0,1.29,15.08,2.69,0.0
20230905:1911,0.0,0.0,13.71,2.76,0.0
20230905:2011,0.0,0.0,12.77,2.9,0.0
20230905:2111,0.0,0.0,11.48,3.03,0.0
20230905:2211,0.0,0.0,11.22,2.48,0.0
20230905:2311,0.0,0.0,11.17,2.69,0.0
20230906:0011,0.0,0.0,11.06,2.34,0.0
20230906:0111,0.0,0.0,10.3,1.86,0.0
20230906:0211,0.0,0.0,10.21,1.72,0.0
20230906:0311,0.0,0.0,9.93,1.79,0.0
20230906:0411,0.0,0.0,9.65,2.21,0.0
20230906:0511,2.0,2.65,9.41,1.93,0.0
20230906:0611,69.0,10.31,10.1,1.38,0.0
20230906:0711,213.0,17.84,11.35,0.97,0.0
20230906:0811,383.01,24.8,12.89,0.69,0.0
20230906:0911,480.01,30.7,14.69,0.55,0.0
20230906:1011,564.01,35.0,17.2,0.41,0.0
20230906:1111,593.01,37.17,18.42,0.62,0.0
20230906:1211,563.01,36.88,19.15,1.17,0.0
20230906:1311,522.01,34.19,19.51,2.0,0.0
20230906:1411,438.01,29.48,19.29,2.41,0.0
20230906:1511,348.01,23.29,18.81,2.0,0.0
20230906:1611,227.0,16.16,18.28,1.03,0.0
20230906:1711,57.0,8.57,17.6,0.48,0.0
20230906:1811,0.0,0.0,16.38,0.41,0.0
20230906:1911,0.0,0.0,15.9,0.48,0.0
20230906:2011,0.0,0.0,15.48,0.55,0.0
20230906:2111,0.0,0.0,14.44,1.1,0.0
20230906:2211,0.0,0.0,14.29,1.72,0.0
20230906:2311,0.0,0.0,13.8,2.0,0.0
20230907:0011,0.0,0.0,13.48,2.21,0.0
20230907:0111,0.0,0.0,13.33,2.34,0.0
20230907:0211,0.0,0.0,13.41,2.55,0.0
20230907:0311,0.0,0.0,13.58,2.69,0.0
20230907:0411,0.0,0.0,13.74,2.69,0.0
20230907:0511,1.0,2.37,13.9,2.76,0.0
20230907:0611,68.0,10.04,14.57,2.69,0.0
20230907:0711,236.0,17.56,15.41,2.41,0.0
20230907:0811,328.0,24.5,16.78,2.07,0.0
20230907:0911,418.01,30.38,18.09,1.93,0.0
20230907:1011,489.01,34.66,19.7,1.72,0.0
20230907:1111,518.01,36.8,20.44,2.62,0.0
20230907:1211,514.01,36.5,20.82,3.31,0.0
20230907:1311,465.01,33.81,20.81,3.52,0.0
20230907:1411,374.01,29.1,20.68,3.1,0.0
20230907:1511,291.0,22.92,20.33,2.83,0.0
20230907:1611,178.0,15.79,19.99,2.48,0.0
20230907:1711,55.0,8.2,19.53,1.86,0.0
20230907:1811,0.0,0.0,18.29,1.38,0.0
20230907:1911,0.0,0.0,17.56,1.45,0.0
20230907:2011,0.0,0.0,17.55,1.72,0.0
20230907:2111,0.0,0.0,17.05,1.86,0.0
20230907:2211,0.0,0.0,16.65,2.07,0.0
20230907:2311,0.0,0.0,16.49,2.41,0.0
20230908:0011,0.0,0.0,16.45,2.55,0.0
20230908:0111,0.0,0.0,16.24,2.62,0.0
20230908:0211,0.0,0.0,15.97,2.55,0.0
20230908:0311,0.0,0.0,15.75,2.55,0.0
20230908:0411,0.0,0.0,15.47,2.34,0.0
20230908:0511,1.0,2.09,15.28,2.28,0.0
20230908:0611,42.0,9.76,15.47,2.34,0.0
20230908:0711,136.0,17.27,16.2,2.62,0.0
20230908:0811,289.0,24.2,17.16,2.62,0.0
20230908:0911,310.0,30.06,18.82,2.14,0.0
20230908:1011,517.01,34.31,20.98,1.86,0.0
20230908:1111,566.01,36.43,21.76,2.97,0.0
20230908:1211,564.01,36.12,22.2,3.17,0.0
20230908:1311,461.01,33.42,22.27,3.03,0.0
20230908:1411,436.01,28.72,22.15,2.76,0.0
20230908:1511,325.01,22.54,21.61,2.34,0.0
20230908:1611,202.0,15.42,20.85,1.79,0.0
20230908:1711,52.0,7.84,19.94,1.31,0.0
20230908:1811,0.0,0.0,18.21,1.17,0.0
20230908:1911,0.0,0.0,18.04,0.28,0.0
20230908:2011,0.0,0.0,17.83,0.62,0.0
20230908:2111,0.0,0.0,17.19,0.9,0.0
20230908:2211,0.0,0.0,16.75,1.03,0.0
20230908:2311,0.0,0.0,16.35,1.52,0.0
20230909:0011,0.0,0.0,16.24,1.86,0.0
20230909:0111,0.0,0.0,15.96,2.07,0.0
20230909:0211,0.0,0.0,15.73,2.21,0.0
20230909:0311,0.0,0.0,15.46,2.55,0.0
20230909:0411,0.0,0.0,15.1,2.69,0.0
20230909:0511,1.0,1.82,15.06,2.62,0.0
20230909:0611,90.0,9.49,15.4,2.55,0.0
20230909:0711,214.0,16.99,16.49,2.28,0.0
20230909:0811,259.0,23.9,17.94,2.34,0.0
20230909:0911,386.01,29.74,19.4,3.03,0.0
20230909:1011,382.0,33.96,20.79,3.17,0.0
20230909:1111,179.0,36.06,21.22,4.28,0.0
20230909:1211,514.01,35.74,21.22,4.9,0.0
20230909:1311,507.01,33.04,21.17,5.1,0.0
20230909:1411,416.01,28.34,20.79,4.69,0.0
20230909:1511,317.01,22.17,20.36,4.55,0.0
20230909:1611,196.0,15.05,19.66,4.34,0.0
20230909:1711,49.0,7.47,18.71,3.93,0.0
20230909:1811,0.0,0.0,17.85,3.31,0.0
20230909:1911,0.0,0.0,17.24,2.83,0.0
20230909:2011,0.0,0.0,17.01,2.21,0.0
20230909:2111,0.0,0.0,16.76,2.21,0.0
20230909:2211,0.0,0.0,16.58,2.07,0.0
20230909:2311,0.0,0.0,16.47,1.86,0.0
20230910:0011,0.0,0.0,16.41,2.28,0.0
20230910:0111,0.0,0.0,16.48,2.55,0.0
20230910:0211,0.0,0.0,16.4,2.48,0.0
20230910:0311,0.0,0.0,16.33,2.21,0.0
20230910:0411,0.0,0.0,16.26,1.86,0.0
20230910:0511,1.0,1.54,16.14,1.66,0.0
20230910:0611,58.0,9.21,16.32,1.66,0.0
20230910:0711,159.0,16.71,16.54,1.79,0.0
20230910:0811,94.0,23.6,16.85,1.93,0.0
20230910:0911,92.0,29.42,17.42,2.07,0.0
20230910:1011,46.0,33.61,17.97,2.14,0.0
20230910:1111,95.0,35.69,18.17,1.93,0.0
20230910:1211,191.0,35.35,18.31,1.72,0.0
20230910:1311,193.0,32.65,18.65,2.0,0.0
20230910:1411,257.0,27.95,18.48,2.07,0.0
20230910:1511,224.0,21.79,18.45,2.14,0.0
20230910:1611,122.0,14.68,18.31,2.9,0.0
20230910:1711,41.0,7.1,17.87,2.62,0.0
20230910:1811,0.0,0.0,17.32,2.83,0.0
20230910:1911,0.0,0.0,17.28,2.97,0.0
20230910:2011,0.0,0.0,17.04,3.1,0.0
20230910:2111,0.0,0.0,16.81,3.38,0.0
20230910:2211,0.0,0.0,16.96,3.03,0.0
20230910:2311,0.0,0.0,16.95,3.38,0.0
20230911:0011,0.0,0.0,17.07,3.79,0.0
20230911:0111,0.0,0.0,17.25,3.52,0.0
20230911:0211,0.0,0.0,17.42,3.59,0.0
20230911:0311,0.0,0.0,17.38,4.76,0.0
20230911:0411,0.0,0.0,17.48,6.0,0.0
20230911:0511,0.0,0.0,17.71,7.1,0.0
20230911:0611,69.0,8.93,17.79,7.24,0.0
20230911:0711,99.0,16.42,17.77,6.9,0.0
20230911:0811,77.0,23.3,17.79,6.55,0.0
20230911:0911,95.0,29.09,17.79,6.14,0.0
20230911:1011,107.0,33.26,18.2,6.07,0.0
20230911:1111,175.0,35.32,18.14,5.86,0.0
20230911:1211,70.0,34.97,18.26,6.83,0.0
20230911:1311,175.0,32.26,18.07,6.83,0.0
20230911:1411,51.0,27.57,17.79,6.41,0.0
20230911:1511,119.0,21.41,17.52,5.24,0.0
20230911:1611,52.0,14.3,17.01,4.28,0.0
20230911:1711,40.0,6.72,16.35,3.31,0.0
20230911:1811,0.0,0.0,15.88,3.24,0.0
20230911:1911,0.0,0.0,15.38,3.93,0.0
20230911:2011,0.0,0.0,14.91,4.0,0.0
20230911:2111,0.0,0.0,14.54,3.45,0.0
20230911:2211,0.0,0.0,14.29,3.45,0.0
20230911:2311,0.0,0.0,13.94,2.83,0.0
20230912:0011,0.0,0.0,13.5,2.21,0.0
20230912:0111,0.0,0.0,13.24,2.34,0.0
20230912:0211,0.0,0.0,12.86,1.93,0.0
20230912:0311,0.0,0.0,12.57,2.0,0.0
20230912:0411,0.0,0.0,12.53,1.79,0.0
20230912:0511,0.0,0.0,12.2,1.72,0.0
20230912:0611,20.0,8.65,12.37,1.79,0.0
20230912:0711,183.0,16.13,12.62,1.93,0.0
20230912:0811,306.0,23.0,13.32,2.48,0.0
20230912:0911,346.0,28.76,13.45,3.24,0.0
20230912:1011,449.01,32.91,14.32,3.45,0.0
20230912:1111,468.01,34.94,14.63,3.66,0.0
20230912:1211,493.01,34.58,14.97,4.0,0.0
20230912:1311,504.01,31.87,15.21,4.48,0.0
20230912:1411,411.01,27.18,14.99,4.55,0.0
20230912:1511,311.01,21.02,14.5,4.34,0.0
20230912:1611,194.0,13.93,14.06,4.07,0.0
20230912:1711,37.0,6.35,13.51,3.66,0.0
20230912:1811,0.0,0.0,12.67,3.45,0.0
20230912:1911,0.0,0.0,12.04,3.66,0.0
20230912:2011,0.0,0.0,11.44,3.72,0.0
20230912:2111,0.0,0.0,11.11,3.72,0.0
20230912:2211,0.0,0.0,11.09,3.66,0.0
20230912:2311,0.0,0.0,10.57,3.72,0.0
20230913:0011,0.0,0.0,10.17,3.52,0.0
20230913:0111,0.0,0.0,9.82,3.66,0.0
20230913:0211,0.0,0.0,9.3,3.59,0.0
20230913:0311,0.0,0.0,9.04,3.38,0.0
20230913:0411,0.0,0.0,8.89,3.1,0.0
20230913:0511,0.0,0.0,8.26,3.1,0.0
20230913:0611,110.0,8.37,8.64,3.31,0.0
20230913:0711,238.0,15.84,9.6,3.38,0.0
20230913:0811,355.01,22.69,10.56,3.86,0.0
20230913:0911,451.01,28.44,11.68,4.14,0.0
20230913:1011,528.01,32.56,12.62,4.34,0.0
20230913:1111,559.01,34.57,13.09,4.9,0.0
20230913:1211,559.01,34.19,13.45,5.24,0.0
20230913:1311,521.01,31.47,13.7,4.97,0.0
20230913:1411,425.01,26.79,13.82,4.9,0.0
20230913:1511,327.01,20.64,13.63,4.69,0.0
20230913:1611,195.0,13.55,13.12,4.55,0.0
20230913:1711,37.0,5.97,12.3,4.07,0.0
20230913:1811,0.0,0.0,10.68,3.31,0.0
20230913:1911,0.0,0.0,9.31,2.9,0.0
20230913:2011,0.0,0.0,9.27,2.34,0.0
20230913:2111,0.0,0.0,9.41,2.14,0.0
20230913:2211,0.0,0.0,9.26,0.9,0.0
20230913:2311,0.0,0.0,9.2,0.41,0.0
20230914:0011,0.0,0.0,9.06,0.62,0.0
20230914:0111,0.0,0.0,8.89,0.62,0.0
20230914:0211,0.0,0.0,8.7,0.69,0.0
20230914:0311,0.0,0.0,8.95,1.1,0.0
20230914:0411,0.0,0.0,9.05,1.52,0.0
20230914:0511,0.0,0.0,9.19,2.14,0.0
20230914:0611,50.0,8.09,9.79,2.48,0.0
20230914:0711,164.0,15.55,10.58,3.59,0.0
20230914:0811,82.0,22.38,11.18,4.34,0.0
20230914:0911,276.0,28.11,11.99,5.17,0.0
20230914:1011,132.0,32.2,13.15,5.72,0.0
20230914:1111,67.0,34.19,13.39,6.0,0.0
20230914:1211,84.0,33.8,13.27,6.55,0.0
20230914:1311,75.0,31.08,13.55,6.48,0.0
20230914:1411,55.0,26.4,13.19,6.48,0.0
20230914:1511,253.0,20.26,13.33,6.28,0.0
20230914:1611,50.0,13.17,13.47,5.59,0.0
20230914:1711,9.0,5.6,13.44,4.69,0.0
20230914:1811,0.0,0.0,13.27,3.66,0.0
20230914:1911,0.0,0.0,12.94,2.97,0.0
20230914:2011,0.0,0.0,12.92,2.55,0.0
20230914:2111,0.0,0.0,12.69,2.69,0.0
20230914:2211,0.0,0.0,12.47,2.83,0.0
20230914:2311,0.0,0.0,12.64,3.17,0.0
20230915:0011,0.0,0.0,12.95,3.93,0.0
20230915:0111,0.0,0.0,13.05,4.21,0.0
20230915:0211,0.0,0.0,12.86,4.14,0.0
20230915:0311,0.0,0.0,12.81,4.21,0.0
20230915:0411,0.0,0.0,12.95,3.52,0.0
20230915:0511,0.0,0.0,13.24,3.1,0.0
20230915:0611,59.0,7.81,13.31,2.9,0.0
20230915:0711,158.0,15.26,13.73,2.83,0.0
20230915:0811,228.0,22.08,14.26,2.97,0.0
20230915:0911,274.0,27.78,14.82,3.31,0.0
20230915:1011,169.0,31.85,14.97,2.48,0.0
20230915:1111,186.0,33.81,15.02,3.03,0.0
20230915:1211,138.0,33.41,14.76,2.9,0.0
20230915:1311,92.0,30.68,14.34,2.07,0.0
20230915:1411,76.0,26.01,13.91,1.31,0.0
20230915:1511,70.0,19.87,13.41,0.62,0.0
20230915:1611,35.0,12.79,13.1,0.97,0.0
20230915:1711,5.0,5.22,12.77,1.1,0.0
20230915:1811,0.0,0.0,12.51,0.83,0.0
20230915:1911,0.0,0.0,12.28,1.45,0.0
20230915:2011,0.0,0.0,12.14,2.41,0.0
20230915:2111,0.0,0.0,12.06,2.97,0.0
20230915:2211,0.0,0.0,12.27,2.55,0.0
20230915:2311,0.0,0.0,12.21,2.14,0.0
20230916:0011,0.0,0.0,12.2,2.14,0.0
20230916:0111,0.0,0.0,12.12,2.14,0.0
20230916:0211,0.0,0.0,12.08,2.21,0.0
20230916:0311,0.0,0.0,11.95,2.83,0.0
20230916:0411,0.0,0.0,11.87,3.59,0.0
20230916:0511,0.0,0.0,11.81,3.66,0.0
20230916:0611,8.0,7.52,11.67,3.31,0.0
20230916:0711,38.0,14.97,11.56,2.83,0.0
20230916:0811,65.0,21.77,11.58,2.34,0.0
20230916:0911,59.0,27.44,12.13,2.48,0.0
20230916:1011,109.0,31.49,12.47,2.55,0.0
20230916:1111,108.0,33.43,12.73,3.03,0.0
20230916:1211,109.0,33.01,13.09,3.59,0.0
20230916:1311,136.0,30.29,13.17,4.0,0.0
20230916:1411,206.0,25.61,13.16,3.72,0.0
20230916:1511,100.0,19.49,13.23,3.86,0.0
20230916:1611,57.0,12.41,13.14,3.72,0.0
20230916:1711,11.0,4.84,12.82,3.45,0.0
20230916:1811,0.0,0.0,11.96,3.45,0.0
20230916:1911,0.0,0.0,10.98,3.59,0.0
20230916:2011,0.0,0.0,10.45,3.45,0.0
20230916:2111,0.0,0.0,10.12,3.24,0.0
20230916:2211,0.0,0.0,8.79,2.21,0.0
20230916:2311,0.0,0.0,8.6,2.14,0.0
20230917:0011,0.0,0.0,8.42,2.34,0.0
20230917:0111,0.0,0.0,8.03,2.14,0.0
20230917:0211,0.0,0.0,7.65,1.86,0.0
20230917:0311,0.0,0.0,7.36,1.86,0.0
20230917:0411,0.0,0.0,6.91,1.72,0.0
20230917:0511,0.0,0.0,6.7,1.93,0.0
20230917:0611,88.0,7.24,6.66,1.86,0.0
20230917:0711,210.0,14.67,7.98,1.79,0.0
20230917:0811,326.01,21.46,10.34,1.59,0.0
20230917:0911,411.01,27.11,12.52,1.31,0.0
20230917:1011,487.01,31.13,14.44,1.03,0.0
20230917:1111,506.01,33.05,15.42,1.17,0.0
20230917:1211,521.01,32.62,16.16,1.24,0.0
20230917:1311,478.01,29.89,16.52,0.83,0.0
20230917:1411,395.01,25.22,16.9,0.41,0.0
20230917:1511,276.01,19.1,16.9,0.21,0.0
20230917:1611,82.0,12.03,16.15,0.97,0.0
20230917:1711,28.0,4.46,15.08,1.45,0.0
20230917:1811,0.0,0.0,13.43,1.79,0.0
20230917:1911,0.0,0.0,13.57,2.34,0.0
20230917:2011,0.0,0.0,13.83,3.17,0.0
20230917:2111,0.0,0.0,13.68,3.59,0.0
20230917:2211,0.0,0.0,13.98,3.66,0.0
20230917:2311,0.0,0.0,14.24,4.34,0.0
20230918:0011,0.0,0.0,14.43,5.59,0.0
20230918:0111,0.0,0.0,14.35,6.07,0.0
20230918:0211,0.0,0.0,14.51,6.07,0.0
20230918:0311,0.0,0.0,14.67,6.21,0.0
20230918:0411,0.0,0.0,14.7,6.0,0.0
20230918:0511,0.0,0.0,14.93,5.59,0.0
20230918:0611,22.0,6.95,15.66,6.69,0.0
20230918:0711,48.0,14.38,16.3,7.86,0.0
20230918:0811,75.0,21.14,16.67,7.72,0.0
20230918:0911,118.0,26.78,17.28,7.31,0.0
20230918:1011,120.0,30.77,17.74,6.14,0.0
20230918:1111,99.0,32.67,18.11,6.83,0.0
20230918:1211,73.0,32.22,18.13,7.45,0.0
20230918:1311,65.0,29.49,17.53,7.45,0.0
20230918:1411,49.0,24.83,16.74,7.45,0.0
20230918:1511,48.0,18.71,16.07,7.17,0.0
20230918:1611,38.0,11.64,15.6,7.03,0.0
20230918:1711,4.0,4.08,15.83,6.69,0.0
20230918:1811,0.0,0.0,15.92,6.21,0.0
20230918:1911,0.0,0.0,16.13,6.83,0.0
20230918:2011,0.0,0.0,16.05,6.21,0.0
20230918:2111,0.0,0.0,15.8,6.07,0.0
20230918:2211,0.0,0.0,15.32,5.31,0.0
20230918:2311,0.0,0.0,15.09,4.28,0.0
20230919:0011,0.0,0.0,14.62,3.45,0.0
20230919:0111,0.0,0.0,13.99,3.79,0.0
20230919:0211,0.0,0.0,13.5,5.45,0.0
20230919:0311,0.0,0.0,12.85,4.69,0.0
20230919:0411,0.0,0.0,12.18,2.14,0.0
20230919:0511,0.0,0.0,11.81,2.0,0.0
20230919:0611,44.0,6.67,11.72,2.83,0.0
20230919:0711,101.0,14.08,11.65,4.07,0.0
20230919:0811,217.0,20.83,11.91,4.28,0.0
20230919:0911,41.0,26.44,12.38,4.07,0.0
20230919:1011,77.0,30.41,12.43,4.76,0.0
20230919:1111,143.0,32.29,12.51,4.76,0.0
20230919:1211,45.0,31.83,12.79,4.34,0.0
20230919:1311,343.0,29.09,12.75,4.62,0.0
20230919:1411,91.0,24.43,12.32,4.55,0.0
20230919:1511,39.0,18.32,12.16,4.69,0.0
20230919:1611,35.0,11.26,11.68,4.14,0.0
20230919:1711,3.0,3.7,10.98,2.76,0.0
20230919:1811,0.0,0.0,10.49,2.34,0.0
20230919:1911,0.0,0.0,10.58,2.07,0.0
20230919:2011,0.0,0.0,10.75,1.86,0.0
20230919:2111,0.0,0.0,10.93,1.72,0.0
20230919:2211,0.0,0.0,10.25,1.79,0.0
20230919:2311,0.0,0.0,10.43,2.62,0.0
20230920:0011,0.0,0.0,10.5,2.83,0.0
20230920:0111,0.0,0.0,10.6,2.97,0.0
20230920:0211,0.0,0.0,10.79,3.38,0.0
20230920:0311,0.0,0.0,10.76,3.38,0.0
20230920:0411,0.0,0.0,10.76,3.72,0.0
20230920:0511,0.0,0.0,10.87,4.07,0.0
20230920:0611,52.0,6.38,11.12,5.03,0.0
20230920:0711,30.0,13.79,12.0,5.59,0.0
20230920:0811,43.0,20.52,13.59,6.34,0.0
20230920:0911,72.0,26.1,14.78,6.62,0.0
20230920:1011,50.0,30.05,15.34,7.1,0.0
20230920:1111,73.0,31.9,15.62,7.45,0.0
20230920:1211,58.0,31.43,15.61,7.38,0.0
20230920:1311,40.0,28.7,15.75,7.93,0.0
20230920:1411,55.0,24.04,15.79,8.76,0.0
20230920:1511,49.0,17.93,15.75,8.28,0.0
20230920:1611,20.0,10.88,15.77,8.28,0.0
20230920:1711,4.0,3.32,15.87,8.07,0.0
20230920:1811,0.0,0.0,15.91,7.59,0.0
20230920:1911,0.0,0.0,16.0,7.59,0.0
20230920:2011,0.0,0.0,15.94,7.72,0.0
20230920:2111,0.0,0.0,15.91,7.86,0.0
20230920:2211,0.0,0.0,16.07,8.14,0.0
20230920:2311,0.0,0.0,16.1,7.45,0.0
20230921:0011,0.0,0.0,16.13,6.41,0.0
20230921:0111,0.0,0.0,15.85,5.93,0.0
20230921:0211,0.0,0.0,15.75,5.45,0.0
20230921:0311,0.0,0.0,15.48,4.62,0.0
20230921:0411,0.0,0.0,15.2,3.31,0.0
20230921:0511,0.0,0.0,15.03,2.48,0.0
20230921:0611,6.0,6.09,14.75,2.14,0.0
20230921:0711,31.0,13.49,14.5,3.1,0.0
20230921:0811,77.0,20.2,13.66,3.93,0.0
20230921:0911,95.0,25.76,13.11,3.52,0.0
20230921:1011,167.0,29.68,14.35,4.07,0.0
20230921:1111,149.0,31.52,15.09,4.76,0.0
20230921:1211,262.0,31.04,15.37,5.24,0.0
20230921:1311,255.0,28.3,15.48,5.17,0.0
20230921:1411,276.0,23.64,15.61,5.1,0.0
20230921:1511,43.0,17.54,15.61,5.59,0.0
20230921:1611,72.0,10.49,15.23,5.1,0.0
20230921:1711,14.0,2.94,14.86,4.41,0.0
20230921:1811,0.0,0.0,14.22,4.14,0.0
20230921:1911,0.0,0.0,13.78,4.21,0.0
20230921:2011,0.0,0.0,13.38,3.79,0.0
20230921:2111,0.0,0.0,13.25,3.24,0.0
20230921:2211,0.0,0.0,13.09,2.83,0.0
20230921:2311,0.0,0.0,12.84,2.41,0.0
20230922:0011,0.0,0.0,12.63,2.83,0.0
20230922:0111,0.0,0.0,12.5,2.69,0.0
20230922:0211,0.0,0.0,12.19,2.62,0.0
20230922:0311,0.0,0.0,11.94,2.69,0.0
20230922:0411,0.0,0.0,11.71,2.55,0.0
20230922:0511,0.0,0.0,11.49,2.69,0.0
20230922:0611,43.0,5.8,11.41,2.83,0.0
20230922:0711,180.0,13.19,11.99,2.97,0.0
20230922:0811,271.01,19.89,13.11,3.17,0.0
20230922:0911,368.01,25.43,14.07,3.72,0.0
20230922:1011,398.01,29.32,14.99,3.52,0.0
20230922:1111,333.0,31.14,15.15,4.0,0.0
20230922:1211,430.01,30.64,15.14,4.28,0.0
20230922:1311,391.01,27.9,15.12,4.34,0.0
20230922:1411,301.01,23.24,15.14,4.34,0.0
20230922:1511,69.0,17.15,14.49,4.28,0.0
20230922:1611,53.0,10.11,13.79,4.07,0.0
20230922:1711,2.0,2.56,13.43,3.72,0.0
20230922:1811,0.0,0.0,13.03,3.45,0.0
20230922:1911,0.0,0.0,12.9,3.1,0.0
20230922:2011,0.0,0.0,12.56,2.9,0.0
20230922:2111,0.0,0.0,12.04,2.9,0.0
20230922:2211,0.0,0.0,11.96,3.1,0.0
20230922:2311,0.0,0.0,11.97,3.24,0.0
20230923:0011,0.0,0.0,11.86,3.24,0.0
20230923:0111,0.0,0.0,11.81,3.66,0.0
20230923:0211,0.0,0.0,11.33,3.31,0.0
20230923:0311,0.0,0.0,11.05,2.76,0.0
20230923:0411,0.0,0.0,10.88,2.41,0.0
20230923:0511,0.0,0.0,10.64,2.14,0.0
20230923:0611,43.61,5.51,10.64,2.14,0.0
20230923:0711,77.0,12.89,10.75,2.07,0.0
20230923:0811,128.0,19.57,11.0,2.14,0.0
20230923:0911,248.0,25.09,11.93,2.14,0.0
20230923:1011,291.0,28.96,12.61,3.24,0.0
20230923:1111,198.0,30.75,12.29,3.45,0.0
20230923:1211,145.0,30.24,12.44,3.45,0.0
20230923:1311,166.0,27.5,11.95,3.59,0.0
20230923:1411,238.0,22.85,12.28,3.72,0.0
20230923:1511,197.0,16.76,11.69,4.14,0.0
20230923:1611,55.0,9.73,11.47,3.52,0.0
20230923:1711,2.0,2.17,11.24,3.45,0.0
20230923:1811,0.0,0.0,11.07,3.24,0.0
20230923:1911,0.0,0.0,10.85,3.45,0.0
20230923:2011,0.0,0.0,10.21,2.21,0.0
20230923:2111,0.0,0.0,10.14,1.72,0.0
20230923:2211,0.0,0.0,9.63,1.72,0.0
20230923:2311,0.0,0.0,9.52,1.38,0.0
20230924:0011,0.0,0.0,9.85,1.38,0.0
20230924:0111,0.0,0.0,9.61,1.45,0.0
20230924:0211,0.0,0.0,10.01,1.31,0.0
20230924:0311,0.0,0.0,10.0,1.24,0.0
20230924:0411,0.0,0.0,9.92,1.38,0.0
20230924:0511,0.0,0.0,9.92,1.66,0.0
20230924:0611,13.0,5.22,9.72,2.28,0.0
20230924:0711,143.0,12.59,10.27,2.9,0.0
20230924:0811,105.0,19.25,11.09,3.59,0.0
20230924:0911,144.0,24.74,11.82,4.14,0.0
20230924:1011,258.0,28.59,12.73,5.24,0.0
20230924:1111,278.0,30.37,13.39,5.72,0.0
20230924:1211,96.0,29.84,13.96,5.79,0.0
20230924:1311,67.0,27.1,14.22,6.34,0.0
20230924:1411,62.0,22.45,14.21,6.55,0.0
20230924:1511,44.0,16.37,14.37,7.1,0.0
20230924:1611,37.0,9.34,14.16,6.9,0.0
20230924:1711,2.0,1.79,14.19,6.69,0.0
20230924:1811,0.0,0.0,14.39,6.34,0.0
20230924:1911,0.0,0.0,14.67,6.14,0.0
20230924:2011,0.0,0.0,14.83,6.48,0.0
20230924:2111,0.0,0.0,14.96,6.62,0.0
20230924:2211,0.0,0.0,15.04,7.45,0.0
20230924:2311,0.0,0.0,15.19,8.07,0.0
20230925:0011,0.0,0.0,15.42,8.69,0.0
20230925:0111,0.0,0.0,15.55,9.1,0.0
20230925:0211,0.0,0.0,15.49,9.24,0.0
20230925:0311,0.0,0.0,15.05,9.31,0.0
20230925:0411,0.0,0.0,14.9,9.52,0.0
20230925:0511,0.0,0.0,14.77,9.72,0.0
20230925:0611,25.59,4.93,14.72,9.86,0.0
20230925:0711,93.0,12.29,14.77,8.97,0.0
20230925:0811,185.0,18.93,15.01,7.66,0.0
20230925:0911,62.0,24.4,15.46,7.24,0.0
20230925:1011,201.0,28.22,15.93,6.9,0.0
20230925:1111,350.01,29.98,16.34,5.93,0.0
20230925:1211,198.0,29.45,16.59,6.62,0.0
20230925:1311,41.0,26.7,16.01,6.69,0.0
20230925:1411,240.0,22.06,16.1,5.66,0.0
20230925:1511,186.0,15.99,16.2,6.14,0.0
20230925:1611,44.0,8.96,15.23,6.21,0.0
20230925:1711,1.0,1.41,14.92,6.14,0.0
20230925:1811,0.0,0.0,14.47,5.79,0.0
20230925:1911,0.0,0.0,14.41,5.93,0.0
20230925:2011,0.0,0.0,14.47,5.59,0.0
20230925:2111,0.0,0.0,14.32,5.03,0.0
20230925:2211,0.0,0.0,14.35,4.97,0.0
20230925:2311,0.0,0.0,14.18,4.55,0.0
20230926:0011,0.0,0.0,14.19,4.21,0.0
20230926:0111,0.0,0.0,13.99,4.0,0.0
20230926:0211,0.0,0.0,13.69,3.72,0.0
20230926:0311,0.0,0.0,13.39,3.72,0.0
20230926:0411,0.0,0.0,13.4,3.86,0.0
20230926:0511,0.0,0.0,13.39,4.21,0.0
20230926:0611,16.0,4.64,13.21,4.28,0.0
20230926:0711,115.0,11.99,13.81,4.34,0.0
20230926:0811,176.0,18.61,14.65,4.55,0.0
20230926:0911,225.0,24.06,15.56,5.1,0.0
20230926:1011,388.01,27.86,16.41,5.72,0.0
20230926:1111,379.01,29.59,17.2,6.07,0.0
20230926:1211,298.0,29.05,17.53,5.93,0.0
20230926:1311,307.0,26.3,17.58,5.52,0.0
20230926:1411,152.0,21.66,17.51,5.03,0.0
20230926:1511,161.0,15.6,17.37,5.66,0.0
20230926:1611,46.0,8.58,16.87,5.59,0.0
20230926:1711,0.0,0.0,16.37,5.86,0.0
20230926:1811,0.0,0.0,16.18,6.0,0.0
20230926:1911,0.0,0.0,16.09,6.48,0.0
20230926:2011,0.0,0.0,16.05,7.1,0.0
20230926:2111,0.0,0.0,15.99,6.9,0.0
20230926:2211,0.0,0.0,15.73,8.0,0.0
20230926:2311,0.0,0.0,15.23,8.28,0.0
20230927:0011,0.0,0.0,14.99,7.45,0.0
20230927:0111,0.0,0.0,15.09,6.0,0.0
20230927:0211,0.0,0.0,14.91,5.1,0.0
20230927:0311,0.0,0.0,14.71,4.69,0.0
20230927:0411,0.0,0.0,14.4,4.55,0.0
20230927:0511,0.0,0.0,14.14,4.48,0.0
20230927:0611,28.03,4.35,13.69,4.83,0.0
20230927:0711,147.0,11.68,13.69,3.72,0.0
20230927:0811,221.0,18.29,14.25,3.93,0.0
20230927:0911,140.0,23.72,14.79,4.34,0.0
20230927:1011,231.0,27.49,15.21,4.0,0.0
20230927:1111,355.01,29.21,15.39,3.38,0.0
20230927:1211,387.01,28.65,15.46,2.76,0.0
20230927:1311,356.01,25.9,15.88,2.69,0.0
20230927:1411,302.01,21.27,15.47,2.62,0.0
20230927:1511,151.0,15.21,15.29,2.97,0.0
20230927:1611,45.0,8.19,14.92,2.76,0.0
20230927:1711,0.0,0.0,14.07,2.14,0.0
20230927:1811,0.0,0.0,13.27,2.55,0.0
20230927:1911,0.0,0.0,13.46,2.76,0.0
20230927:2011,0.0,0.0,13.43,2.97,0.0
20230927:2111,0.0,0.0,13.45,3.1,0.0
20230927:2211,0.0,0.0,13.49,2.83,0.0
20230927:2311,0.0,0.0,13.54,3.59,0.0
20230928:0011,0.0,0.0,14.02,4.69,0.0
20230928:0111,0.0,0.0,14.99,5.86,0.0
20230928:0211,0.0,0.0,15.75,6.76,0.0
20230928:0311,0.0,0.0,16.39,7.45,0.0
20230928:0411,0.0,0.0,17.1,8.21,0.0
20230928:0511,0.0,0.0,17.68,8.21,0.0
20230928:0611,26.05,4.05,17.92,8.69,0.0
20230928:0711,13.0,11.38,17.73,8.97,0.0
20230928:0811,42.0,17.97,16.63,8.97,0.0
20230928:0911,132.0,23.37,16.33,9.03,0.0
20230928:1011,118.0,27.13,15.91,8.97,0.0
20230928:1111,71.0,28.82,16.33,8.55,0.0
20230928:1211,188.0,28.26,16.3,8.41,0.0
20230928:1311,164.0,25.5,15.69,7.72,0.0
20230928:1411,163.0,20.87,15.64,6.41,0.0
20230928:1511,56.0,14.82,15.35,7.03,0.0
20230928:1611,23.0,7.81,15.04,7.1,0.0
20230928:1711,0.0,0.0,14.78,6.21,0.0
20230928:1811,0.0,0.0,14.57,6.07,0.0
20230928:1911,0.0,0.0,14.49,5.66,0.0
20230928:2011,0.0,0.0,14.34,6.0,0.0
20230928:2111,0.0,0.0,14.22,5.52,0.0
20230928:2211,0.0,0.0,14.0,4.07,0.0
20230928:2311,0.0,0.0,13.95,3.93,0.0
20230929:0011,0.0,0.0,13.75,3.66,0.0
20230929:0111,0.0,0.0,13.65,4.62,0.0
20230929:0211,0.0,0.0,13.66,5.24,0.0
20230929:0311,0.0,0.0,12.98,5.1,0.0
20230929:0411,0.0,0.0,12.73,5.1,0.0
20230929:0511,0.0,0.0,12.74,5.03,0.0
20230929:0611,21.55,3.76,12.92,5.52,0.0
20230929:0711,48.0,11.08,13.28,5.59,0.0
20230929:0811,140.0,17.65,13.58,5.72,0.0
20230929:0911,56.0,23.03,13.74,5.66,0.0
20230929:1011,74.0,26.76,13.76,5.66,0.0
20230929:1111,40.0,28.44,14.09,4.9,0.0
20230929:1211,108.0,27.86,14.69,5.24,0.0
20230929:1311,337.01,25.1,14.81,4.9,0.0
20230929:1411,196.0,20.48,14.49,5.38,0.0
20230929:1511,105.0,14.43,14.03,5.24,0.0
20230929:1611,39.0,7.43,13.63,5.59,0.0
20230929:1711,0.0,0.0,13.19,4.48,0.0
20230929:1811,0.0,0.0,13.15,4.48,0.0
20230929:1911,0.0,0.0,13.14,4.97,0.0
20230929:2011,0.0,0.0,13.14,5.17,0.0
20230929:2111,0.0,0.0,13.03,5.72,0.0
20230929:2211,0.0,0.0,12.87,6.55,0.0
20230929:2311,0.0,0.0,12.67,6.83,0.0
20230930:0011,0.0,0.0,12.35,7.59,0.0
20230930:0111,0.0,0.0,12.23,7.66,0.0
20230930:0211,0.0,0.0,12.28,6.62,0.0
20230930:0311,0.0,0.0,12.2,5.66,0.0
20230930:0411,0.0,0.0,12.11,5.31,0.0
20230930:0511,0.0,0.0,12.26,5.38,0.0
20230930:0611,17.79,3.47,12.11,4.97,0.0
20230930:0711,92.0,10.77,12.18,4.97,0.0
20230930:0811,162.0,17.33,12.28,4.83,0.0
20230930:0911,119.0,22.69,12.43,5.45,0.0
20230930:1011,159.0,26.39,12.49,6.0,0.0
20230930:1111,300.0,28.05,12.46,5.24,0.0
20230930:1211,157.0,27.46,12.42,5.52,0.0
20230930:1311,259.0,24.7,12.55,5.66,0.0
20230930:1411,157.0,20.08,12.4,4.97,0.0
20230930:1511,139.0,14.05,12.42,4.14,0.0
20230930:1611,46.0,7.05,12.16,3.72,0.0
20230930:1711,0.0,0.0,12.05,4.07,0.0
20230930:1811,0.0,0.0,11.84,3.86,0.0
20230930:1911,0.0,0.0,11.56,4.14,0.0
20230930:2011,0.0,0.0,11.47,4.0,0.0
20230930:2111,0.0,0.0,11.22,3.66,0.0
20230930:2211,0.0,0.0,10.85,1.59,0.0
20230930:2311,0.0,0.0,10.6,1.24,0.0
20231001:0011,0.0,0.0,10.28,1.38,0.0
20231001:0111,0.0,0.0,9.83,1.1,0.0
20231001:0211,0.0,0.0,9.81,0.76,0.0
20231001:0311,0.0,0.0,9.68,0.9,0.0
20231001:0411,0.0,0.0,9.37,0.9,0.0
20231001:0511,0.0,0.0,9.19,1.24,0.0
20231001:0611,20.1,3.17,9.12,1.66,0.0
20231001:0711,129.0,10.47,9.15,1.59,0.0
20231001:0811,131.0,17.0,9.91,1.86,0.0
20231001:0911,96.0,22.34,10.71,2.62,0.0
20231001:1011,96.0,26.02,11.61,3.59,0.0
20231001:1111,163.0,27.67,12.25,3.72,0.0
20231001:1211,136.0,27.07,12.9,3.93,0.0
20231001:1311,112.0,24.31,13.42,4.41,0.0
20231001:1411,58.0,19.69,13.76,4.21,0.0
20231001:1511,54.0,13.66,13.62,4.0,0.0
20231001:1611,16.0,6.67,13.47,4.62,0.0
20231001:1711,0.0,0.0,13.36,4.83,0.0
20231001:1811,0.0,0.0,13.43,4.69,0.0
20231001:1911,0.0,0.0,13.23,3.66,0.0
20231001:2011,0.0,0.0,13.24,2.62,0.0
20231001:2111,0.0,0.0,13.21,2.28,0.0
20231001:2211,0.0,0.0,12.91,1.66,0.0
20231001:2311,0.0,0.0,12.83,1.17,0.0
20231002:0011,0.0,0.0,12.77,1.45,0.0
20231002:0111,0.0,0.0,12.47,1.72,0.0
20231002:0211,0.0,0.0,12.13,1.59,0.0
20231002:0311,0.0,0.0,11.82,0.97,0.0
20231002:0411,0.0,0.0,11.37,0.83,0.0
20231002:0511,0.0,0.0,11.23,1.1,0.0
20231002:0611,12.0,2.88,11.29,1.59,0.0
20231002:0711,97.0,10.16,11.6,2.0,0.0
20231002:0811,188.0,16.68,11.97,2.69,0.0
20231002:0911,112.0,22.0,12.5,2.76,0.0
20231002:1011,162.0,25.66,13.55,3.38,0.0
20231002:1111,254.0,27.28,14.11,3.59,0.0
20231002:1211,270.0,26.67,14.51,4.41,0.0
20231002:1311,293.01,23.91,14.56,4.76,0.0
20231002:1411,203.0,19.3,14.21,4.07,0.0
20231002:1511,108.0,13.28,13.82,4.0,0.0
20231002:1611,30.0,6.29,13.51,3.66,0.0
20231002:1711,0.0,0.0,12.84,3.17,0.0
20231002:1811,0.0,0.0,12.44,2.76,0.0
20231002:1911,0.0,0.0,12.2,2.83,0.0
20231002:2011,0.0,0.0,12.06,2.48,0.0
20231002:2111,0.0,0.0,11.67,2.28,0.0
20231002:2211,0.0,0.0,11.46,2.9,0.0
20231002:2311,0.0,0.0,11.37,2.62,0.0
20231003:0011,0.0,0.0,11.26,2.48,0.0
20231003:0111,0.0,0.0,11.13,2.48,0.0
20231003:0211,0.0,0.0,11.19,2.62,0.0
20231003:0311,0.0,0.0,10.91,2.62,0.0
20231003:0411,0.0,0.0,10.71,2.55,0.0
20231003:0511,0.0,0.0,10.66,2.62,0.0
20231003:0611,16.16,2.58,10.35,2.55,0.0
20231003:0711,115.0,9.86,10.65,2.69,0.0
20231003:0811,219.01,16.36,11.15,2.62,0.0
20231003:0911,266.01,21.65,11.81,2.83,0.0
20231003:1011,177.0,25.29,12.23,4.21,0.0
20231003:1111,321.01,26.9,12.48,4.07,0.0
20231003:1211,68.0,26.28,12.37,3.72,0.0
20231003:1311,276.0,23.52,12.61,4.07,0.0
20231003:1411,167.0,18.91,12.31,4.0,0.0
20231003:1511,58.0,12.89,12.1,3.03,0.0
20231003:1611,6.0,5.92,11.63,3.38,0.0
20231003:1711,0.0,0.0,11.44,3.03,0.0
20231003:1811,0.0,0.0,11.38,2.97,0.0
20231003:1911,0.0,0.0,11.25,3.31,0.0
20231003:2011,0.0,0.0,11.04,3.45,0.0
20231003:2111,0.0,0.0,10.83,4.21,0.0
20231003:2211,0.0,0.0,10.71,5.45,0.0
20231003:2311,0.0,0.0,10.75,5.52,0.0
20231004:0011,0.0,0.0,10.87,6.0,0.0
20231004:0111,0.0,0.0,10.72,6.48,0.0
20231004:0211,0.0,0.0,10.63,6.28,0.0
20231004:0311,0.0,0.0,10.6,6.34,0.0
20231004:0411,0.0,0.0,10.68,6.28,0.0
20231004:0511,0.0,0.0,10.59,6.21,0.0
20231004:0611,10.0,2.29,10.73,5.72,0.0
20231004:0711,111.0,9.55,10.83,5.1,0.0
20231004:0811,132.0,16.03,11.12,3.86,0.0
20231004:0911,145.0,21.31,11.73,3.38,0.0
20231004:1011,340.01,24.92,11.73,3.72,0.0
20231004:1111,334.01,26.51,12.06,2.97,0.0
20231004:1211,326.01,25.89,12.4,2.28,0.0
20231004:1311,219.0,23.12,12.37,2.55,0.0
20231004:1411,80.0,18.52,12.08,2.62,0.0
20231004:1511,34.0,12.51,11.59,3.03,0.0
20231004:1611,7.0,5.54,11.26,3.31,0.0
20231004:1711,0.0,0.0,11.12,2.48,0.0
20231004:1811,0.0,0.0,10.76,1.31,0.0
20231004:1911,0.0,0.0,10.54,1.17,0.0
20231004:2011,0.0,0.0,10.42,1.79,0.0
20231004:2111,0.0,0.0,10.18,2.41,0.0
20231004:2211,0.0,0.0,10.22,3.1,0.0
20231004:2311,0.0,0.0,10.25,3.66,0.0
20231005:0011,0.0,0.0,10.02,4.14,0.0
20231005:0111,0.0,0.0,9.65,4.0,0.0
20231005:0211,0.0,0.0,9.46,3.38,0.0
20231005:0311,0.0,0.0,8.77,3.17,0.0
20231005:0411,0.0,0.0,9.07,3.17,0.0
20231005:0511,0.0,0.0,9.14,2.62,0.0
20231005:0611,10.0,1.99,8.18,2.21,0.0
20231005:0711,115.0,9.24,8.64,1.86,0.0
20231005:0811,224.01,15.71,9.39,1.86,0.0
20231005:0911,321.01,20.96,10.78,2.0,0.0
20231005:1011,379.01,24.56,11.47,0.55,0.0
20231005:1111,406.01,26.13,12.1,0.76,0.0
20231005:1211,383.01,25.49,12.73,1.45,0.0
20231005:1311,332.01,22.73,12.83,1.86,0.0
20231005:1411,249.01,18.14,12.93,1.66,0.0
20231005:1511,116.0,12.13,12.5,0.97,0.0
20231005:1611,23.0,5.17,11.94,1.03,0.0
20231005:1711,0.0,0.0,11.04,1.86,0.0
20231005:1811,0.0,0.0,10.78,1.86,0.0
20231005:1911,0.0,0.0,10.72,2.41,0.0
20231005:2011,0.0,0.0,10.66,2.69,0.0
20231005:2111,0.0,0.0,10.78,3.03,0.0
20231005:2211,0.0,0.0,10.86,4.0,0.0
20231005:2311,0.0,0.0,10.78,4.21,0.0
20231006:0011,0.0,0.0,10.81,4.48,0.0
20231006:0111,0.0,0.0,10.68,5.45,0.0
20231006:0211,0.0,0.0,10.67,6.48,0.0
20231006:0311,0.0,0.0,11.2,6.9,0.0
20231006:0411,0.0,0.0,11.8,6.41,0.0
20231006:0511,0.0,0.0,12.12,5.38,0.0
20231006:0611,1.0,1.69,12.25,4.62,0.0
20231006:0711,17.0,8.93,12.6,5.38,0.0
20231006:0811,57.0,15.39,13.22,6.41,0.0
20231006:0911,54.0,20.62,13.57,6.34,0.0
20231006:1011,78.0,24.19,13.83,6.97,0.0
20231006:1111,84.0,25.75,13.74,7.79,0.0
20231006:1211,90.0,25.1,13.87,9.17,0.0
20231006:1311,60.0,22.34,13.68,10.48,0.0
20231006:1411,61.0,17.75,13.36,9.45,0.0
20231006:1511,25.0,11.76,13.12,9.24,0.0
20231006:1611,9.0,4.79,12.78,7.38,0.0
20231006:1711,0.0,0.0,12.46,5.86,0.0
20231006:1811,0.0,0.0,11.52,7.24,0.0
20231006:1911,0.0,0.0,11.12,8.0,0.0
20231006:2011,0.0,0.0,11.11,8.28,0.0
20231006:2111,0.0,0.0,10.8,8.0,0.0
20231006:2211,0.0,0.0,10.31,7.31,0.0
20231006:2311,0.0,0.0,10.1,7.45,0.0
20231007:0011,0.0,0.0,9.62,7.31,0.0
20231007:0111,0.0,0.0,9.06,7.52,0.0
20231007:0211,0.0,0.0,8.71,7.17,0.0
20231007:0311,0.0,0.0,8.36,6.21,0.0
20231007:0411,0.0,0.0,8.05,5.72,0.0
20231007:0511,0.0,0.0,7.82,4.9,0.0
20231007:0611,1.0,1.4,7.72,4.55,0.0
20231007:0711,36.0,8.63,7.91,3.72,0.0
20231007:0811,128.0,15.06,8.35,3.1,0.0
20231007:0911,235.0,20.27,8.96,3.59,0.0
20231007:1011,243.0,23.83,9.5,3.72,0.0
20231007:1111,227.0,25.36,9.81,4.62,0.0
20231007:1211,307.01,24.71,10.11,4.83,0.0
20231007:1311,159.0,21.95,10.11,5.72,0.0
20231007:1411,258.01,17.37,9.95,5.93,0.0
20231007:1511,66.0,11.38,9.48,5.66,0.0
20231007:1611,28.0,4.42,9.0,5.45,0.0
20231007:1711,0.0,0.0,8.36,5.24,0.0
20231007:1811,0.0,0.0,7.6,5.1,0.0
20231007:1911,0.0,0.0,7.15,4.69,0.0
20231007:2011,0.0,0.0,6.84,4.76,0.0
20231007:2111,0.0,0.0,6.43,4.55,0.0
20231007:2211,0.0,0.0,5.76,3.86,0.0
20231007:2311,0.0,0.0,5.54,3.52,0.0
20231008:0011,0.0,0.0,5.05,3.59,0.0
20231008:0111,0.0,0.0,4.83,3.52,0.0
20231008:0211,0.0,0.0,5.01,3.17,0.0
20231008:0311,0.0,0.0,4.56,3.24,0.0
20231008:0411,0.0,0.0,4.87,2.97,0.0
20231008:0511,0.0,0.0,3.95,2.0,0.0
20231008:0611,0.0,0.0,3.73,1.86,0.0
20231008:0711,102.0,8.32,3.95,2.14,0.0
20231008:0811,214.01,14.74,4.78,2.0,0.0
20231008:0911,287.01,19.93,6.56,1.86,0.0
20231008:1011,332.01,23.46,7.81,1.79,0.0
20231008:1111,356.01,24.98,8.67,2.14,0.0
20231008:1211,242.0,24.33,9.29,2.28,0.0
20231008:1311,283.01,21.56,9.29,2.14,0.0
20231008:1411,188.0,16.98,9.33,2.0,0.0
20231008:1511,63.0,11.0,8.99,2.0,0.0
20231008:1611,10.0,4.06,8.63,1.79,0.0
20231008:1711,0.0,0.0,7.79,2.21,0.0
20231008:1811,0.0,0.0,7.46,2.14,0.0
20231008:1911,0.0,0.0,7.09,2.07,0.0
20231008:2011,0.0,0.0,7.01,2.0,0.0
20231008:2111,0.0,0.0,6.47,1.38,0.0
20231008:2211,0.0,0.0,6.18,2.41,0.0
20231008:2311,0.0,0.0,5.21,2.28,0.0
20231009:0011,0.0,0.0,5.12,1.52,0.0
20231009:0111,0.0,0.0,4.48,2.28,0.0
20231009:0211,0.0,0.0,4.01,1.72,0.0
20231009:0311,0.0,0.0,3.58,2.0,0.0
20231009:0411,0.0,0.0,3.84,1.79,0.0
20231009:0511,0.0,0.0,3.52,2.0,0.0
20231009:0611,0.0,0.0,3.45,1.93,0.0
20231009:0711,85.0,8.01,4.1,2.0,0.0
20231009:0811,207.01,14.41,4.92,2.07,0.0
20231009:0911,229.0,19.58,6.26,1.59,0.0
20231009:1011,359.01,23.1,6.96,1.72,0.0
20231009:1111,331.01,24.6,7.91,2.41,0.0
20231009:1211,267.0,23.94,8.62,3.31,0.0
20231009:1311,240.0,21.17,8.97,3.59,0.0
20231009:1411,231.01,16.6,9.34,3.31,0.0
20231009:1511,68.0,10.63,9.25,2.69,0.0
20231009:1611,22.0,3.69,8.77,2.14,0.0
20231009:1711,0.0,0.0,8.1,1.79,0.0
20231009:1811,0.0,0.0,7.61,0.97,0.0
20231009:1911,0.0,0.0,6.51,1.17,0.0
20231009:2011,0.0,0.0,6.19,1.93,0.0
20231009:2111,0.0,0.0,5.76,2.0,0.0
20231009:2211,0.0,0.0,5.79,2.41,0.0
20231009:2311,0.0,0.0,5.86,2.14,0.0
20231010:0011,0.0,0.0,6.51,2.14,0.0
20231010:0111,0.0,0.0,7.1,2.48,0.0
20231010:0211,0.0,0.0,7.64,2.9,0.0
20231010:0311,0.0,0.0,8.14,3.31,0.0
20231010:0411,0.0,0.0,7.99,3.59,0.0
20231010:0511,0.0,0.0,8.36,4.0,0.0
20231010:0611,0.0,0.0,8.86,4.28,0.0
20231010:0711,61.0,7.7,9.18,4.62,0.0
20231010:0811,78.0,14.09,9.93,5.1,0.0
20231010:0911,40.0,19.24,10.5,5.66,0.0
20231010:1011,46.0,22.73,10.36,6.34,0.0
20231010:1111,62.0,24.23,10.71,7.03,0.0
20231010:1211,50.0,23.55,11.54,6.9,0.0
20231010:1311,56.0,20.79,11.93,6.28,0.0
20231010:1411,22.0,16.23,12.29,6.41,0.0
20231010:1511,15.0,10.26,12.92,7.03,0.0
20231010:1611,3.0,3.33,13.62,7.79,0.0
20231010:1711,0.0,0.0,13.84,7.24,0.0
20231010:1811,0.0,0.0,14.31,6.83,0.0
20231010:1911,0.0,0.0,14.23,6.55,0.0
20231010:2011,0.0,0.0,14.15,6.07,0.0
20231010:2111,0.0,0.0,14.1,5.17,0.0
20231010:2211,0.0,0.0,13.9,5.24,0.0
20231010:2311,0.0,0.0,13.49,5.24,0.0
20231011:0011,0.0,0.0,12.71,5.03,0.0
20231011:0111,0.0,0.0,11.6,4.41,0.0
20231011:0211,0.0,0.0,10.84,4.21,0.0
20231011:0311,0.0,0.0,10.49,3.52,0.0
20231011:0411,0.0,0.0,10.31,3.24,0.0
20231011:0511,0.0,0.0,10.02,4.14,0.0
20231011:0611,0.0,0.0,9.42,5.79,0.0
20231011:0711,10.0,7.4,9.04,7.66,0.0
20231011:0811,164.0,13.76,9.11,8.28,0.0
20231011:0911,174.0,18.89,9.25,8.07,0.0
20231011:1011,109.0,22.37,9.43,8.97,0.0
20231011:1111,163.0,23.85,9.74,8.9,0.0
20231011:1211,46.0,23.17,9.99,9.24,0.0
20231011:1311,125.0,20.41,9.6,9.93,0.0
20231011:1411,36.0,15.85,9.75,10.07,0.0
20231011:1511,12.0,9.89,9.99,10.76,0.0
20231011:1611,3.0,2.97,10.06,12.55,0.0
20231011:1711,0.0,0.0,9.9,11.45,0.0
20231011:1811,0.0,0.0,9.08,10.76,0.0
20231011:1911,0.0,0.0,8.96,9.59,0.0
20231011:2011,0.0,0.0,9.2,9.38,0.0
20231011:2111,0.0,0.0,9.17,9.24,0.0
20231011:2211,0.0,0.0,9.14,8.0,0.0
20231011:2311,0.0,0.0,9.05,7.31,0.0
20231012:0011,0.0,0.0,8.82,8.21,0.0
20231012:0111,0.0,0.0,8.62,7.93,0.0
20231012:0211,0.0,0.0,8.68,7.17,0.0
20231012:0311,0.0,0.0,8.54,6.55,0.0
20231012:0411,0.0,0.0,8.62,6.62,0.0
20231012:0511,0.0,0.0,8.44,7.1,0.0
20231012:0611,0.0,0.0,8.34,7.24,0.0
20231012:0711,33.0,7.09,8.47,7.03,0.0
20231012:0811,110.0,13.44,8.83,7.03,0.0
20231012:0911,183.0,18.55,9.15,6.69,0.0
20231012:1011,164.0,22.01,9.26,6.55,0.0
20231012:1111,213.0,23.47,9.73,6.62,0.0
20231012:1211,280.01,22.79,9.92,5.93,0.0
20231012:1311,257.01,20.03,10.07,5.03,0.0
20231012:1411,92.0,15.48,10.19,4.07,0.0
20231012:1511,56.0,9.53,9.88,2.83,0.0
20231012:1611,7.0,2.61,9.47,1.66,0.0
20231012:1711,0.0,0.0,8.99,1.52,0.0
20231012:1811,0.0,0.0,9.06,1.66,0.0
20231012:1911,0.0,0.0,8.91,2.14,0.0
20231012:2011,0.0,0.0,8.7,2.69,0.0
20231012:2111,0.0,0.0,8.79,3.17,0.0
20231012:2211,0.0,0.0,9.04,4.55,0.0
20231012:2311,0.0,0.0,9.12,5.31,0.0
20231013:0011,0.0,0.0,8.99,6.07,0.0
20231013:0111,0.0,0.0,9.12,6.14,0.0
20231013:0211,0.0,0.0,9.41,5.93,0.0
20231013:0311,0.0,0.0,9.57,6.83,0.0
20231013:0411,0.0,0.0,9.77,7.24,0.0
20231013:0511,0.0,0.0,9.77,6.9,0.0
20231013:0611,0.0,0.0,10.02,6.55,0.0
20231013:0711,23.0,6.78,10.06,6.0,0.0
20231013:0811,21.0,13.12,10.29,5.59,0.0
20231013:0911,86.0,18.21,10.62,4.9,0.0
20231013:1011,66.0,21.65,10.89,5.79,0.0
20231013:1111,39.0,23.1,11.05,5.17,0.0
20231013:1211,47.0,22.41,10.97,5.1,0.0
20231013:1311,51.0,19.65,10.89,5.24,0.0
20231013:1411,47.0,15.1,10.72,5.45,0.0
20231013:1511,13.0,9.17,10.27,5.31,0.0
20231013:1611,8.0,2.25,9.71,5.59,0.0
20231013:1711,0.0,0.0,9.35,5.86,0.0
20231013:1811,0.0,0.0,9.72,5.86,0.0
20231013:1911,0.0,0.0,9.36,6.28,0.0
20231013:2011,0.0,0.0,9.4,7.31,0.0
20231013:2111,0.0,0.0,9.31,7.59,0.0
20231013:2211,0.0,0.0,9.28,7.86,0.0
20231013:2311,0.0,0.0,9.04,6.9,0.0
20231014:0011,0.0,0.0,8.74,6.34,0.0
20231014:0111,0.0,0.0,8.32,5.66,0.0
20231014:0211,0.0,0.0,8.14,6.48,0.0
20231014:0311,0.0,0.0,7.97,7.24,0.0
20231014:0411,0.0,0.0,7.72,7.45,0.0
20231014:0511,0.0,0.0,7.5,7.59,0.0
20231014:0611,0.0,0.0,7.63,7.17,0.0
20231014:0711,43.0,6.47,7.58,5.24,0.0
20231014:0811,64.0,12.79,7.85,4.97,0.0
20231014:0911,29.0,17.87,8.08,6.48,0.0
20231014:1011,79.0,21.29,8.38,7.59,0.0
20231014:1111,67.0,22.73,8.68,7.66,0.0
20231014:1211,101.0,22.03,8.79,8.0,0.0
20231014:1311,41.0,19.27,8.54,7.66,0.0
20231014:1411,54.0,14.74,8.37,9.17,0.0
20231014:1511,11.0,8.81,8.27,9.45,0.0
20231014:1611,1.0,1.9,8.09,11.03,0.0
20231014:1711,0.0,0.0,7.85,11.52,0.0
20231014:1811,0.0,0.0,7.73,11.17,0.0
20231014:1911,0.0,0.0,7.57,10.55,0.0
20231014:2011,0.0,0.0,7.53,10.21,0.0
20231014:2111,0.0,0.0,7.52,9.59,0.0
20231014:2211,0.0,0.0,7.44,9.31,0.0
20231014:2311,0.0,0.0,7.39,8.41,0.0
20231015:0011,0.0,0.0,7.36,8.41,0.0
20231015:0111,0.0,0.0,7.26,8.21,0.0
20231015:0211,0.0,0.0,7.37,8.14,0.0
20231015:0311,0.0,0.0,7.29,7.72,0.0
20231015:0411,0.0,0.0,7.34,7.66,0.0
20231015:0511,0.0,0.0,7.28,7.03,0.0
20231015:0611,0.0,0.0,7.27,6.76,0.0
20231015:0711,33.0,6.17,7.15,6.41,0.0
20231015:0811,107.0,12.47,7.38,6.48,0.0
20231015:0911,142.0,17.53,7.52,6.55,0.0
20231015:1011,176.0,20.93,7.2,6.34,0.0
20231015:1111,32.0,22.36,6.89,6.62,0.0
20231015:1211,64.0,21.66,7.1,6.55,0.0
20231015:1311,124.0,18.9,6.77,6.69,0.0
20231015:1411,19.0,14.37,6.79,6.48,0.0
20231015:1511,50.0,8.45,6.25,6.55,0.0
20231015:1611,2.0,1.55,5.94,5.79,0.0
20231015:1711,0.0,0.0,5.6,5.1,0.0
20231015:1811,0.0,0.0,5.49,4.97,0.0
20231015:1911,0.0,0.0,5.51,4.55,0.0
20231015:2011,0.0,0.0,5.29,4.34,0.0
20231015:2111,0.0,0.0,5.22,4.14,0.0
20231015:2211,0.0,0.0,4.25,3.45,0.0
20231015:2311,0.0,0.0,4.17,3.31,0.0
20231016:0011,0.0,0.0,4.33,3.17,0.0
20231016:0111,0.0,0.0,3.92,3.24,0.0
20231016:0211,0.0,0.0,4.0,2.97,0.0
20231016:0311,0.0,0.0,4.18,3.03,0.0
20231016:0411,0.0,0.0,4.12,3.1,0.0
20231016:0511,0.0,0.0,3.68,2.28,0.0
20231016:0611,0.0,0.0,3.52,1.52,0.0
20231016:0711,66.0,5.86,3.55,1.38,0.0
20231016:0811,154.01,12.15,4.16,1.38,0.0
20231016:0911,244.01,17.19,5.16,1.38,0.0
20231016:1011,314.01,20.57,6.15,1.59,0.0
20231016:1111,314.01,21.99,6.98,1.66,0.0
20231016:1211,144.0,21.28,7.44,1.93,0.0
20231016:1311,33.0,18.53,7.94,2.41,0.0
20231016:1411,38.0,14.01,8.16,2.48,0.0
20231016:1511,57.0,8.09,8.38,2.34,0.0
20231016:1611,1.0,1.2,8.27,2.0,0.0
20231016:1711,0.0,0.0,8.43,2.0,0.0
20231016:1811,0.0,0.0,8.65,2.28,0.0
20231016:1911,0.0,0.0,8.6,2.21,0.0
20231016:2011,0.0,0.0,8.9,2.28,0.0
20231016:2111,0.0,0.0,8.83,2.34,0.0
20231016:2211,0.0,0.0,8.74,2.9,0.0
20231016:2311,0.0,0.0,8.67,2.83,0.0
20231017:0011,0.0,0.0,8.69,2.69,0.0
20231017:0111,0.0,0.0,8.91,2.76,0.0
20231017:0211,0.0,0.0,8.94,2.76,0.0
20231017:0311,0.0,0.0,9.02,3.1,0.0
20231017:0411,0.0,0.0,9.12,3.59,0.0
20231017:0511,0.0,0.0,9.45,3.86,0.0
20231017:0611,0.0,0.0,9.58,3.93,0.0
20231017:0711,46.95,5.56,9.98,4.83,0.0
20231017:0811,97.0,11.83,10.1,4.83,0.0
20231017:0911,31.0,16.85,10.43,5.59,0.0
20231017:1011,94.0,20.22,10.47,5.72,0.0
20231017:1111,54.0,21.62,10.61,6.0,0.0
20231017:1211,103.0,20.91,10.6,6.28,0.0
20231017:1311,100.0,18.16,10.66,6.14,0.0
20231017:1411,111.0,13.65,10.52,5.17,0.0
20231017:1511,53.0,7.74,10.4,4.07,0.0
20231017:1611,0.0,0.0,10.01,3.52,0.0
20231017:1711,0.0,0.0,9.44,3.03,0.0
20231017:1811,0.0,0.0,9.05,2.55,0.0
20231017:1911,0.0,0.0,8.72,1.86,0.0
20231017:2011,0.0,0.0,7.82,1.52,0.0
20231017:2111,0.0,0.0,7.68,1.59,0.0
20231017:2211,0.0,0.0,7.91,0.83,0.0
20231017:2311,0.0,0.0,7.75,1.1,0.0
20231018:0011,0.0,0.0,7.31,2.28,0.0
20231018:0111,0.0,0.0,7.26,2.41,0.0
20231018:0211,0.0,0.0,6.71,2.48,0.0
20231018:0311,0.0,0.0,5.83,2.0,0.0
20231018:0411,0.0,0.0,5.96,2.21,0.0
20231018:0511,0.0,0.0,5.73,2.28,0.0
20231018:0611,0.0,0.0,4.81,1.93,0.0
20231018:0711,52.1,5.25,4.54,2.0,0.0
20231018:0811,165.01,11.51,5.0,2.14,0.0
20231018:0911,184.0,16.51,6.66,2.21,0.0
20231018:1011,209.0,19.87,7.94,1.86,0.0
20231018:1111,331.01,21.26,9.43,1.38,0.0
20231018:1211,298.01,20.54,10.64,1.38,0.0
20231018:1311,257.01,17.8,11.21,1.45,0.0
20231018:1411,175.01,13.29,11.41,1.52,0.0
20231018:1511,47.0,7.39,10.92,1.59,0.0
20231018:1611,0.0,0.0,10.07,2.34,0.0
20231018:1711,0.0,0.0,9.24,2.55,0.0
20231018:1811,0.0,0.0,8.5,2.9,0.0
20231018:1911,0.0,0.0,7.9,3.31,0.0
20231018:2011,0.0,0.0,7.49,3.79,0.0
20231018:2111,0.0,0.0,7.28,4.21,0.0
20231018:2211,0.0,0.0,7.57,4.0,0.0
20231018:2311,0.0,0.0,7.41,4.62,0.0
20231019:0011,0.0,0.0,7.42,5.1,0.0
20231019:0111,0.0,0.0,7.17,5.38,0.0
20231019:0211,0.0,0.0,7.03,5.45,0.0
20231019:0311,0.0,0.0,6.7,5.66,0.0
20231019:0411,0.0,0.0,6.68,5.66,0.0
20231019:0511,0.0,0.0,6.77,5.79,0.0
20231019:0611,0.0,0.0,6.86,6.28,0.0
20231019:0711,41.67,4.95,6.65,6.48,0.0
20231019:0811,162.01,11.19,6.6,6.76,0.0
20231019:0911,251.01,16.17,6.65,5.93,0.0
20231019:1011,324.01,19.51,6.81,5.93,0.0
20231019:1111,339.01,20.9,6.85,6.83,0.0
20231019:1211,334.01,20.18,6.66,7.24,0.0
20231019:1311,287.01,17.44,6.39,7.66,0.0
20231019:1411,196.01,12.94,6.06,7.45,0.0
20231019:1511,41.0,7.05,5.62,7.38,0.0
20231019:1611,0.0,0.0,4.98,7.17,0.0
20231019:1711,0.0,0.0,4.6,6.83,0.0
20231019:1811,0.0,0.0,4.6,6.76,0.0
20231019:1911,0.0,0.0,4.65,6.9,0.0
20231019:2011,0.0,0.0,4.74,6.9,0.0
20231019:2111,0.0,0.0,4.7,6.97,0.0
20231019:2211,0.0,0.0,4.45,6.62,0.0
20231019:2311,0.0,0.0,4.1,6.76,0.0
20231020:0011,0.0,0.0,3.96,7.03,0.0
20231020:0111,0.0,0.0,3.91,6.48,0.0
20231020:0211,0.0,0.0,3.87,6.0,0.0
20231020:0311,0.0,0.0,3.83,5.66,0.0
20231020:0411,0.0,0.0,3.82,5.66,0.0
20231020:0511,0.0,0.0,3.85,5.66,0.0
20231020:0611,0.0,0.0,4.17,5.45,0.0
20231020:0711,40.97,4.64,4.31,5.24,0.0
20231020:0811,124.0,10.87,4.6,5.45,0.0
20231020:0911,226.01,15.84,5.21,4.9,0.0
20231020:1011,306.01,19.16,5.52,5.38,0.0
20231020:1111,325.01,20.54,5.94,6.62,0.0
20231020:1211,232.0,19.82,6.26,7.1,0.0
20231020:1311,254.01,17.08,6.25,7.45,0.0
20231020:1411,162.01,12.58,6.09,7.45,0.0
20231020:1511,47.0,6.71,5.87,7.86,0.0
20231020:1611,0.0,0.0,5.5,7.31,0.0
20231020:1711,0.0,0.0,5.35,6.69,0.0
20231020:1811,0.0,0.0,5.36,6.07,0.0
20231020:1911,0.0,0.0,5.41,5.93,0.0
20231020:2011,0.0,0.0,5.36,6.0,0.0
20231020:2111,0.0,0.0,5.51,6.83,0.0
20231020:2211,0.0,0.0,5.4,6.41,0.0
20231020:2311,0.0,0.0,5.27,7.79,0.0
20231021:0011,0.0,0.0,5.04,7.52,0.0
20231021:0111,0.0,0.0,5.16,7.03,0.0
20231021:0211,0.0,0.0,5.24,7.59,0.0
20231021:0311,0.0,0.0,5.15,8.41,0.0
20231021:0411,0.0,0.0,5.21,9.31,0.0
20231021:0511,0.0,0.0,5.27,9.52,0.0
20231021:0611,0.0,0.0,5.43,9.66,0.0
20231021:0711,6.0,4.34,5.5,9.93,0.0
20231021:0811,25.0,10.55,5.63,10.07,0.0
20231021:0911,33.0,15.5,5.96,10.0,0.0
20231021:1011,26.0,18.82,6.13,8.34,0.0
20231021:1111,29.0,20.18,6.13,8.83,0.0
20231021:1211,32.0,19.46,6.3,7.72,0.0
20231021:1311,23.0,16.72,6.62,8.21,0.0
20231021:1411,36.0,12.24,6.84,9.93,0.0
20231021:1511,17.0,6.37,7.1,9.86,0.0
20231021:1611,0.0,0.0,7.05,10.07,0.0
20231021:1711,0.0,0.0,7.18,9.72,0.0
20231021:1811,0.0,0.0,7.05,9.38,0.0
20231021:1911,0.0,0.0,7.25,9.17,0.0
20231021:2011,0.0,0.0,7.28,8.76,0.0
20231021:2111,0.0,0.0,7.3,8.07,0.0
20231021:2211,0.0,0.0,7.69,8.0,0.0
20231021:2311,0.0,0.0,7.81,7.66,0.0
20231022:0011,0.0,0.0,7.79,7.59,0.0
20231022:0111,0.0,0.0,7.78,7.59,0.0
20231022:0211,0.0,0.0,7.68,7.45,0.0
20231022:0311,0.0,0.0,7.45,7.45,0.0
20231022:0411,0.0,0.0,7.52,7.24,0.0
20231022:0511,0.0,0.0,7.6,6.83,0.0
20231022:0611,0.0,0.0,7.72,6.76,0.0
20231022:0711,23.55,4.04,7.82,7.1,0.0
20231022:0811,55.0,10.23,8.4,7.17,0.0
20231022:0911,41.0,15.17,9.28,6.55,0.0
20231022:1011,57.0,18.47,10.22,5.59,0.0
20231022:1111,56.0,19.82,10.68,5.52,0.0
20231022:1211,48.0,19.1,10.82,5.31,0.0
20231022:1311,31.0,16.37,10.64,5.17,0.0
20231022:1411,15.0,11.89,10.56,5.03,0.0
20231022:1511,6.0,6.04,10.16,4.69,0.0
20231022:1611,0.0,0.0,9.97,4.14,0.0
20231022:1711,0.0,0.0,9.8,3.52,0.0
20231022:1811,0.0,0.0,9.78,3.17,0.0
20231022:1911,0.0,0.0,9.67,3.03,0.0
20231022:2011,0.0,0.0,9.53,2.62,0.0
20231022:2111,0.0,0.0,9.4,2.14,0.0
20231022:2211,0.0,0.0,9.15,1.66,0.0
20231022:2311,0.0,0.0,8.89,1.17,0.0
20231023:0011,0.0,0.0,8.65,1.24,0.0
20231023:0111,0.0,0.0,8.51,1.17,0.0
20231023:0211,0.0,0.0,8.43,0.83,0.0
20231023:0311,0.0,0.0,8.31,0.55,0.0
20231023:0411,0.0,0.0,8.34,1.03,0.0
20231023:0511,0.0,0.0,8.51,1.79,0.0
20231023:0611,0.0,0.0,8.69,2.14,0.0
20231023:0711,11.0,3.73,8.81,2.28,0.0
20231023:0811,55.0,9.92,9.12,2.21,0.0
20231023:0911,71.0,14.84,9.41,2.21,0.0
20231023:1011,87.0,18.13,9.56,2.0,0.0
20231023:1111,95.0,19.47,9.95,1.59,0.0
20231023:1211,90.0,18.74,10.19,1.17,0.0
20231023:1311,80.0,16.02,10.15,0.55,0.0
20231023:1411,40.0,11.55,10.33,0.21,0.0
20231023:1511,21.0,5.71,10.04,0.76,0.0
20231023:1611,0.0,0.0,9.53,1.52,0.0
20231023:1711,0.0,0.0,9.05,1.72,0.0
20231023:1811,0.0,0.0,8.71,1.79,0.0
20231023:1911,0.0,0.0,8.45,1.45,0.0
20231023:2011,0.0,0.0,7.57,1.31,0.0
20231023:2111,0.0,0.0,6.94,1.38,0.0
20231023:2211,0.0,0.0,5.62,1.66,0.0
20231023:2311,0.0,0.0,5.47,1.72,0.0
20231024:0011,0.0,0.0,5.55,2.14,0.0
20231024:0111,0.0,0.0,5.64,2.07,0.0
20231024:0211,0.0,0.0,5.93,1.86,0.0
20231024:0311,0.0,0.0,5.85,1.72,0.0
20231024:0411,0.0,0.0,6.0,1.72,0.0
20231024:0511,0.0,0.0,5.91,1.93,0.0
20231024:0611,0.0,0.0,5.96,2.34,0.0
20231024:0711,25.31,3.43,6.19,2.34,0.0
20231024:0811,112.0,9.61,7.03,2.34,0.0
20231024:0911,179.01,14.51,8.52,2.28,0.0
20231024:1011,270.01,17.78,10.25,1.72,0.0
20231024:1111,280.01,19.12,10.93,2.0,0.0
20231024:1211,170.0,18.39,11.39,2.55,0.0
20231024:1311,136.0,15.67,11.62,3.24,0.0
20231024:1411,124.0,11.22,11.44,3.66,0.0
20231024:1511,35.0,5.38,10.83,3.72,0.0
20231024:1611,0.0,0.0,10.16,3.38,0.0
20231024:1711,0.0,0.0,9.64,3.38,0.0
20231024:1811,0.0,0.0,9.33,3.24,0.0
20231024:1911,0.0,0.0,9.16,3.24,0.0
20231024:2011,0.0,0.0,9.03,3.38,0.0
20231024:2111,0.0,0.0,8.97,3.66,0.0
20231024:2211,0.0,0.0,8.56,3.17,0.0
20231024:2311,0.0,0.0,8.25,3.38,0.0
20231025:0011,0.0,0.0,7.89,4.28,0.0
20231025:0111,0.0,0.0,7.68,4.48,0.0
20231025:0211,0.0,0.0,7.66,4.34,0.0
20231025:0311,0.0,0.0,7.34,3.93,0.0
20231025:0411,0.0,0.0,7.07,3.93,0.0
20231025:0511,0.0,0.0,6.79,4.28,0.0
20231025:0611,0.0,0.0,6.65,4.28,0.0
20231025:0711,21.05,3.13,6.56,3.86,0.0
20231025:0811,39.0,9.29,6.96,4.14,0.0
20231025:0911,22.0,14.19,7.85,4.83,0.0
20231025:1011,24.0,17.44,8.53,4.21,0.0
20231025:1111,53.0,18.77,9.0,5.1,0.0
20231025:1211,28.0,18.05,9.06,5.72,0.0
20231025:1311,31.0,15.33,8.96,5.86,0.0
20231025:1411,31.0,10.88,8.64,6.55,0.0
20231025:1511,12.0,5.06,8.27,6.9,0.0
20231025:1611,0.0,0.0,8.08,6.62,0.0
20231025:1711,0.0,0.0,7.93,6.14,0.0
20231025:1811,0.0,0.0,7.87,5.79,0.0
20231025:1911,0.0,0.0,7.59,5.79,0.0
20231025:2011,0.0,0.0,7.3,5.86,0.0
20231025:2111,0.0,0.0,7.19,6.0,0.0
20231025:2211,0.0,0.0,6.95,5.79,0.0
20231025:2311,0.0,0.0,6.72,5.24,0.0
20231026:0011,0.0,0.0,6.67,5.31,0.0
20231026:0111,0.0,0.0,6.65,5.31,0.0
20231026:0211,0.0,0.0,6.54,5.17,0.0
20231026:0311,0.0,0.0,6.44,5.17,0.0
20231026:0411,0.0,0.0,6.31,5.1,0.0
20231026:0511,0.0,0.0,6.31,4.97,0.0
20231026:0611,0.0,0.0,6.11,4.69,0.0
20231026:0711,13.81,2.84,6.12,4.55,0.0
20231026:0811,77.0,8.98,6.06,4.28,0.0
20231026:0911,90.0,13.86,6.74,3.93,0.0
20231026:1011,102.0,17.11,6.75,3.52,0.0
20231026:1111,123.0,18.43,7.21,3.03,0.0
20231026:1211,230.01,17.7,7.64,2.62,0.0
20231026:1311,203.01,14.99,7.79,2.21,0.0
20231026:1411,135.01,10.55,7.6,1.79,0.0
20231026:1511,31.0,4.74,7.15,1.45,0.0
20231026:1611,0.0,0.0,6.09,2.07,0.0
20231026:1711,0.0,0.0,5.82,2.34,0.0
20231026:1811,0.0,0.0,5.34,2.41,0.0
20231026:1911,0.0,0.0,4.99,2.41,0.0
20231026:2011,0.0,0.0,4.63,2.28,0.0
20231026:2111,0.0,0.0,3.89,2.21,0.0
20231026:2211,0.0,0.0,3.4,2.41,0.0
20231026:2311,0.0,0.0,3.22,1.93,0.0
20231027:0011,0.0,0.0,2.98,2.0,0.0
20231027:0111,0.0,0.0,2.98,2.21,0.0
20231027:0211,0.0,0.0,2.81,2.21,0.0
20231027:0311,0.0,0.0,2.6,2.28,0.0
20231027:0411,0.0,0.0,2.2,1.93,0.0
20231027:0511,0.0,0.0,2.15,1.93,0.0
20231027:0611,0.0,0.0,2.17,2.07,0.0
20231027:0711,6.0,2.54,2.06,2.14,0.0
20231027:0811,46.0,8.67,3.06,2.0,0.0
20231027:0911,30.0,13.54,4.35,1.93,0.0
20231027:1011,52.0,16.77,5.57,1.59,0.0
20231027:1111,65.0,18.09,6.31,1.52,0.0
20231027:1211,57.0,17.36,6.63,1.59,0.0
20231027:1311,48.0,14.66,6.95,1.59,0.0
20231027:1411,22.0,10.23,6.83,1.45,0.0
20231027:1511,10.0,4.43,6.58,1.17,0.0
20231027:1611,0.0,0.0,6.7,1.45,0.0
20231027:1711,0.0,0.0,6.24,2.0,0.0
20231027:1811,0.0,0.0,5.81,2.28,0.0
20231027:1911,0.0,0.0,5.68,2.69,0.0
20231027:2011,0.0,0.0,5.5,2.97,0.0
20231027:2111,0.0,0.0,5.29,3.24,0.0
20231027:2211,0.0,0.0,5.37,2.76,0.0
20231027:2311,0.0,0.0,5.3,2.9,0.0
20231028:0011,0.0,0.0,4.89,2.83,0.0
20231028:0111,0.0,0.0,4.41,2.83,0.0
20231028:0211,0.0,0.0,4.13,2.9,0.0
20231028:0311,0.0,0.0,3.76,2.9,0.0
20231028:0411,0.0,0.0,3.34,2.83,0.0
20231028:0511,0.0,0.0,3.23,3.03,0.0
20231028:0611,0.0,0.0,3.22,3.38,0.0
20231028:0711,4.0,2.24,3.28,3.52,0.0
20231028:0811,51.0,8.37,3.66,3.17,0.0
20231028:0911,40.0,13.22,4.46,3.31,0.0
20231028:1011,79.0,16.44,5.49,3.86,0.0
20231028:1111,89.0,17.75,6.16,4.07,0.0
20231028:1211,85.0,17.02,6.57,4.14,0.0
20231028:1311,80.0,14.33,6.84,3.86,0.0
20231028:1411,30.0,9.91,6.59,3.79,0.0
20231028:1511,14.0,4.12,6.14,3.86,0.0
20231028:1611,0.0,0.0,5.81,3.93,0.0
20231028:1711,0.0,0.0,5.51,4.07,0.0
20231028:1811,0.0,0.0,5.27,4.07,0.0
20231028:1911,0.0,0.0,4.97,4.14,0.0
20231028:2011,0.0,0.0,4.88,4.21,0.0
20231028:2111,0.0,0.0,4.76,4.41,0.0
20231028:2211,0.0,0.0,4.3,4.21,0.0
20231028:2311,0.0,0.0,3.96,4.62,0.0
20231029:0011,0.0,0.0,3.84,4.76,0.0
20231029:0111,0.0,0.0,3.7,4.76,0.0
20231029:0211,0.0,0.0,3.68,4.76,0.0
20231029:0311,0.0,0.0,3.78,4.97,0.0
20231029:0411,0.0,0.0,3.97,4.97,0.0
20231029:0511,0.0,0.0,4.15,4.83,0.0
20231029:0611,0.0,0.0,4.28,4.69,0.0
20231029:0711,6.0,1.95,4.02,4.69,0.0
20231029:0811,40.0,8.06,4.71,4.76,0.0
20231029:0911,27.0,12.9,5.55,4.97,0.0
20231029:1011,28.0,16.11,6.17,4.62,0.0
20231029:1111,28.0,17.42,6.91,4.62,0.0
20231029:1211,77.0,16.69,7.52,4.9,0.0
20231029:1311,119.0,14.0,7.71,4.97,0.0
20231029:1411,16.0,9.59,7.74,5.59,0.0
20231029:1511,10.0,3.81,7.42,5.17,0.0
20231029:1611,0.0,0.0,6.87,4.9,0.0
20231029:1711,0.0,0.0,6.65,4.83,0.0
20231029:1811,0.0,0.0,6.49,4.55,0.0
20231029:1911,0.0,0.0,6.59,4.14,0.0
20231029:2011,0.0,0.0,6.25,4.0,0.0
20231029:2111,0.0,0.0,6.24,4.07,0.0
20231029:2211,0.0,0.0,6.57,3.66,0.0
20231029:2311,0.0,0.0,6.37,3.72,0.0
20231030:0011,0.0,0.0,6.28,3.66,0.0
20231030:0111,0.0,0.0,5.88,3.45,0.0
20231030:0211,0.0,0.0,5.77,3.52,0.0
20231030:0311,0.0,0.0,5.67,3.79,0.0
20231030:0411,0.0,0.0,5.64,3.66,0.0
20231030:0511,0.0,0.0,5.63,3.79,0.0
20231030:0611,0.0,0.0,5.62,3.93,0.0
20231030:0711,1.0,1.66,5.5,3.79,0.0
20231030:0811,63.0,7.76,5.5,3.59,0.0
20231030:0911,123.0,12.58,5.94,3.52,0.0
20231030:1011,232.01,15.79,6.65,2.62,0.0
20231030:1111,248.01,17.09,7.04,2.9,0.0
20231030:1211,224.01,16.36,7.33,2.9,0.0
20231030:1311,200.01,13.68,7.25,2.83,0.0
20231030:1411,57.0,9.28,6.98,2.76,0.0
20231030:1511,21.0,3.51,6.25,2.34,0.0
20231030:1611,0.0,0.0,5.07,2.28,0.0
20231030:1711,0.0,0.0,4.45,2.21,0.0
20231030:1811,0.0,0.0,3.94,2.0,0.0
20231030:1911,0.0,0.0,3.7,1.93,0.0
20231030:2011,0.0,0.0,3.55,2.0,0.0
20231030:2111,0.0,0.0,2.92,2.0,0.0
20231030:2211,0.0,0.0,3.63,1.93,0.0
20231030:2311,0.0,0.0,3.4,1.31,0.0
20231031:0011,0.0,0.0,3.2,1.38,0.0
20231031:0111,0.0,0.0,2.94,1.66,0.0
20231031:0211,0.0,0.0,2.55,1.93,0.0
20231031:0311,0.0,0.0,2.38,2.0,0.0
20231031:0411,0.0,0.0,2.43,1.86,0.0
20231031:0511,0.0,0.0,2.28,1.72,0.0
20231031:0611,0.0,0.0,2.07,1.86,0.0
20231031:0711,3.0,1.37,1.9,1.93,0.0
20231031:0811,92.01,7.45,2.28,1.93,0.0
20231031:0911,180.01,12.27,3.41,1.66,0.0
20231031:1011,240.01,15.46,4.38,1.72,0.0
20231031:1111,259.01,16.76,5.07,1.59,0.0
20231031:1211,246.01,16.04,5.54,1.17,0.0
20231031:1311,208.01,13.36,5.66,0.76,0.0
20231031:1411,58.0,8.97,5.44,0.83,0.0
20231031:1511,18.0,3.21,4.93,0.83,0.0
20231031:1611,0.0,0.0,4.76,0.83,0.0
20231031:1711,0.0,0.0,4.11,1.03,0.0
20231031:1811,0.0,0.0,3.98,1.38,0.0
20231031:1911,0.0,0.0,3.95,1.79,0.0
20231031:2011,0.0,0.0,3.83,2.14,0.0
20231031:2111,0.0,0.0,3.36,2.14,0.0
20231031:2211,0.0,0.0,3.7,3.38,0.0
20231031:2311,0.0,0.0,3.29,4.07,0.0
20231101:0011,0.0,0.0,3.08,4.34,0.0
20231101:0111,0.0,0.0,2.82,4.21,0.0
20231101:0211,0.0,0.0,2.49,4.14,0.0
20231101:0311,0.0,0.0,2.15,4.34,0.0
20231101:0411,0.0,0.0,2.27,4.34,0.0
20231101:0511,0.0,0.0,2.09,4.21,0.0
20231101:0611,0.0,0.0,1.85,4.07,0.0
20231101:0711,0.0,0.0,1.93,4.07,0.0
20231101:0811,37.0,7.15,2.78,4.28,0.0
20231101:0911,40.0,11.96,3.38,4.69,0.0
20231101:1011,30.0,15.15,3.13,5.03,0.0
20231101:1111,68.0,16.44,3.2,4.9,0.0
20231101:1211,32.0,15.72,3.49,5.45,0.0
20231101:1311,17.0,13.05,3.53,6.21,0.0
20231101:1411,13.0,8.67,3.67,6.76,0.0
20231101:1511,3.0,2.92,3.68,6.97,0.0
20231101:1611,0.0,0.0,3.93,7.52,0.0
20231101:1711,0.0,0.0,4.11,8.34,0.0
20231101:1811,0.0,0.0,4.13,9.03,0.0
20231101:1911,0.0,0.0,3.9,10.0,0.0
20231101:2011,0.0,0.0,3.8,10.34,0.0
20231101:2111,0.0,0.0,3.98,10.41,0.0
20231101:2211,0.0,0.0,4.76,9.79,0.0
20231101:2311,0.0,0.0,4.63,10.14,0.0
20231102:0011,0.0,0.0,4.87,10.0,0.0
20231102:0111,0.0,0.0,5.4,9.31,0.0
20231102:0211,0.0,0.0,5.68,9.03,0.0
20231102:0311,0.0,0.0,5.6,8.97,0.0
20231102:0411,0.0,0.0,5.66,8.76,0.0
20231102:0511,0.0,0.0,5.83,8.21,0.0
20231102:0611,0.0,0.0,6.15,7.72,0.0
20231102:0711,0.0,0.0,6.4,7.1,0.0
20231102:0811,33.0,6.86,6.63,6.55,0.0
20231102:0911,39.0,11.65,7.19,6.48,0.0
20231102:1011,48.0,14.83,8.15,6.28,0.0
20231102:1111,46.0,16.12,8.46,6.07,0.0
20231102:1211,29.0,15.4,8.62,5.93,0.0
20231102:1311,39.0,12.74,8.96,6.28,0.0
20231102:1411,11.0,8.37,8.95,6.9,0.0
20231102:1511,2.0,2.64,8.76,6.55,0.0
20231102:1611,0.0,0.0,8.48,6.21,0.0
20231102:1711,0.0,0.0,8.25,6.28,0.0
20231102:1811,0.0,0.0,7.85,6.48,0.0
20231102:1911,0.0,0.0,7.76,6.28,0.0
20231102:2011,0.0,0.0,7.82,6.34,0.0
20231102:2111,0.0,0.0,8.21,6.83,0.0
20231102:2211,0.0,0.0,8.14,7.1,0.0
20231102:2311,0.0,0.0,8.61,7.17,0.0
20231103:0011,0.0,0.0,8.69,7.45,0.0
20231103:0111,0.0,0.0,8.76,7.24,0.0
20231103:0211,0.0,0.0,9.16,6.97,0.0
20231103:0311,0.0,0.0,9.32,6.28,0.0
20231103:0411,0.0,0.0,9.61,5.52,0.0
20231103:0511,0.0,0.0,9.8,5.03,0.0
20231103:0611,0.0,0.0,10.07,4.9,0.0
20231103:0711,0.0,0.0,10.28,4.76,0.0
20231103:0811,13.0,6.56,10.34,4.97,0.0
20231103:0911,29.0,11.35,10.16,5.31,0.0
20231103:1011,19.0,14.52,8.89,4.0,0.0
20231103:1111,25.0,15.8,8.61,4.14,0.0
20231103:1211,104.0,15.09,8.45,4.55,0.0
20231103:1311,43.0,12.44,8.95,4.76,0.0
20231103:1411,20.0,8.08,9.24,4.9,0.0
20231103:1511,2.0,2.35,9.25,4.69,0.0
20231103:1611,0.0,0.0,8.66,4.21,0.0
20231103:1711,0.0,0.0,8.09,4.55,0.0
20231103:1811,0.0,0.0,8.16,5.24,0.0
20231103:1911,0.0,0.0,8.53,5.79,0.0
20231103:2011,0.0,0.0,8.83,6.14,0.0
20231103:2111,0.0,0.0,9.28,6.21,0.0
20231103:2211,0.0,0.0,9.99,7.03,0.0
20231103:2311,0.0,0.0,10.03,6.62,0.0
20231104:0011,0.0,0.0,10.23,7.03,0.0
20231104:0111,0.0,0.0,9.72,7.45,0.0
20231104:0211,0.0,0.0,9.84,7.52,0.0
20231104:0311,0.0,0.0,10.05,7.31,0.0
20231104:0411,0.0,0.0,10.18,7.1,0.0
20231104:0511,0.0,0.0,10.47,6.62,0.0
20231104:0611,0.0,0.0,10.49,6.55,0.0
20231104:0711,0.0,0.0,10.35,6.14,0.0
20231104:0811,45.0,6.27,10.36,6.07,0.0
20231104:0911,57.0,11.05,10.94,6.0,0.0
20231104:1011,67.0,14.21,11.34,6.55,0.0
20231104:1111,166.0,15.49,11.57,6.48,0.0
20231104:1211,74.0,14.78,11.63,6.48,0.0
20231104:1311,64.0,12.14,11.51,5.59,0.0
20231104:1411,21.0,7.79,11.14,4.41,0.0
20231104:1511,2.0,2.08,10.75,4.07,0.0
20231104:1611,0.0,0.0,10.01,3.72,0.0
20231104:1711,0.0,0.0,9.71,3.79,0.0
20231104:1811,0.0,0.0,9.47,4.0,0.0
20231104:1911,0.0,0.0,8.86,4.21,0.0
20231104:2011,0.0,0.0,8.63,4.41,0.0
20231104:2111,0.0,0.0,8.72,4.34,0.0
20231104:2211,0.0,0.0,8.17,3.66,0.0
20231104:2311,0.0,0.0,8.27,3.59,0.0
20231105:0011,0.0,0.0,7.93,3.45,0.0
20231105:0111,0.0,0.0,8.08,3.38,0.0
20231105:0211,0.0,0.0,8.1,3.59,0.0
20231105:0311,0.0,0.0,8.12,3.52,0.0
20231105:0411,0.0,0.0,7.47,3.52,0.0
20231105:0511,0.0,0.0,6.83,3.24,0.0
20231105:0611,0.0,0.0,6.42,3.24,0.0
20231105:0711,0.0,0.0,6.14,2.97,0.0
20231105:0811,42.0,5.98,6.56,2.55,0.0
20231105:0911,22.0,10.75,7.39,2.55,0.0
20231105:1011,117.0,13.9,8.9,3.03,0.0
20231105:1111,91.0,15.18,9.3,3.03,0.0
20231105:1211,32.0,14.47,9.67,3.03,0.0
20231105:1311,30.0,11.84,9.76,3.24,0.0
20231105:1411,10.0,7.51,9.16,2.9,0.0
20231105:1511,2.0,1.81,8.8,2.62,0.0
20231105:1611,0.0,0.0,8.04,2.83,0.0
20231105:1711,0.0,0.0,7.74,2.9,0.0
20231105:1811,0.0,0.0,7.34,2.83,0.0
20231105:1911,0.0,0.0,7.22,2.69,0.0
20231105:2011,0.0,0.0,7.14,2.28,0.0
20231105:2111,0.0,0.0,7.09,1.93,0.0
20231105:2211,0.0,0.0,6.93,2.83,0.0
20231105:2311,0.0,0.0,6.74,2.9,0.0
20231106:0011,0.0,0.0,6.94,2.62,0.0
20231106:0111,0.0,0.0,6.96,2.34,0.0
20231106:0211,0.0,0.0,7.0,2.21,0.0
20231106:0311,0.0,0.0,6.86,1.93,0.0
20231106:0411,0.0,0.0,6.44,1.59,0.0
20231106:0511,0.0,0.0,5.97,1.31,0.0
20231106:0611,0.0,0.0,5.8,1.31,0.0
20231106:0711,0.0,0.0,5.42,1.52,0.0
20231106:0811,26.0,5.69,5.52,1.24,0.0
20231106:0911,25.0,10.45,6.17,0.9,0.0
20231106:1011,80.0,13.6,7.87,0.83,0.0
20231106:1111,98.0,14.88,8.5,0.83,0.0
20231106:1211,59.0,14.18,8.8,0.9,0.0
20231106:1311,121.0,11.55,8.91,0.76,0.0
20231106:1411,35.0,7.23,8.7,1.03,0.0
20231106:1511,1.0,1.54,8.48,1.52,0.0
20231106:1611,0.0,0.0,7.89,1.38,0.0
20231106:1711,0.0,0.0,6.79,1.24,0.0
20231106:1811,0.0,0.0,6.01,1.17,0.0
20231106:1911,0.0,0.0,5.72,1.38,0.0
20231106:2011,0.0,0.0,5.54,1.72,0.0
20231106:2111,0.0,0.0,5.33,1.66,0.0
20231106:2211,0.0,0.0,5.42,1.59,0.0
20231106:2311,0.0,0.0,5.38,1.72,0.0
20231107:0011,0.0,0.0,5.41,1.86,0.0
20231107:0111,0.0,0.0,5.36,2.34,0.0
20231107:0211,0.0,0.0,5.09,2.34,0.0
20231107:0311,0.0,0.0,4.84,2.34,0.0
20231107:0411,0.0,0.0,4.64,2.14,0.0
20231107:0511,0.0,0.0,4.26,2.0,0.0
20231107:0611,0.0,0.0,4.06,1.93,0.0
20231107:0711,0.0,0.0,3.92,1.93,0.0
20231107:0811,40.87,5.41,4.12,2.07,0.0
20231107:0911,104.0,10.16,4.65,2.0,0.0
20231107:1011,154.01,13.3,5.11,1.79,0.0
20231107:1111,189.01,14.58,6.16,1.1,0.0
20231107:1211,184.01,13.88,6.79,0.69,0.0
20231107:1311,158.01,11.27,7.09,0.9,0.0
20231107:1411,47.0,6.96,6.85,1.03,0.0
20231107:1511,1.0,1.28,6.88,1.31,0.0
20231107:1611,0.0,0.0,6.52,1.31,0.0
20231107:1711,0.0,0.0,5.28,1.45,0.0
20231107:1811,0.0,0.0,4.46,1.45,0.0
20231107:1911,0.0,0.0,3.86,1.38,0.0
20231107:2011,0.0,0.0,3.29,1.38,0.0
20231107:2111,0.0,0.0,2.8,1.52,0.0
20231107:2211,0.0,0.0,2.11,2.14,0.0
20231107:2311,0.0,0.0,1.75,2.0,0.0
20231108:0011,0.0,0.0,1.55,1.72,0.0
20231108:0111,0.0,0.0,1.33,1.66,0.0
20231108:0211,0.0,0.0,1.12,1.66,0.0
20231108:0311,0.0,0.0,0.91,1.72,0.0
20231108:0411,0.0,0.0,1.0,1.86,0.0
20231108:0511,0.0,0.0,1.18,1.72,0.0
20231108:0611,0.0,0.0,1.23,1.79,0.0
20231108:0711,0.0,0.0,1.22,2.0,0.0
20231108:0811,43.89,5.13,1.6,2.07,0.0
20231108:0911,55.0,9.87,2.78,2.28,0.0
20231108:1011,118.0,13.01,3.76,2.55,0.0
20231108:1111,162.0,14.29,4.97,2.76,0.0
20231108:1211,194.01,13.59,6.21,3.03,0.0
20231108:1311,150.01,10.99,6.7,3.45,0.0
20231108:1411,45.0,6.69,6.63,3.93,0.0
20231108:1511,0.0,0.0,5.92,4.48,0.0
20231108:1611,0.0,0.0,5.81,4.69,0.0
20231108:1711,0.0,0.0,5.96,5.31,0.0
20231108:1811,0.0,0.0,6.3,5.79,0.0
20231108:1911,0.0,0.0,6.49,6.21,0.0
20231108:2011,0.0,0.0,6.59,6.48,0.0
20231108:2111,0.0,0.0,6.67,6.41,0.0
20231108:2211,0.0,0.0,6.56,5.31,0.0
20231108:2311,0.0,0.0,6.0,5.45,0.0
20231109:0011,0.0,0.0,5.65,4.34,0.0
20231109:0111,0.0,0.0,5.6,2.69,0.0
20231109:0211,0.0,0.0,5.24,2.62,0.0
20231109:0311,0.0,0.0,4.99,2.55,0.0
20231109:0411,0.0,0.0,4.94,2.62,0.0
20231109:0511,0.0,0.0,4.53,2.48,0.0
20231109:0611,0.0,0.0,4.26,2.76,0.0
20231109:0711,0.0,0.0,3.87,3.03,0.0
20231109:0811,39.85,4.85,4.1,3.03,0.0
20231109:0911,98.0,9.58,4.52,3.03,0.0
20231109:1011,81.0,12.72,5.38,3.45,0.0
20231109:1111,148.0,14.0,6.54,3.45,0.0
20231109:1211,107.0,13.31,7.08,3.31,0.0
20231109:1311,134.01,10.71,7.2,3.45,0.0
20231109:1411,41.0,6.43,7.07,3.79,0.0
20231109:1511,0.0,0.0,6.63,4.0,0.0
20231109:1611,0.0,0.0,6.33,4.0,0.0
20231109:1711,0.0,0.0,6.08,3.93,0.0
20231109:1811,0.0,0.0,5.85,4.07,0.0
20231109:1911,0.0,0.0,5.74,4.14,0.0
20231109:2011,0.0,0.0,5.53,4.14,0.0
20231109:2111,0.0,0.0,5.43,4.0,0.0
20231109:2211,0.0,0.0,5.39,3.72,0.0
20231109:2311,0.0,0.0,5.26,4.21,0.0
20231110:0011,0.0,0.0,4.96,4.0,0.0
20231110:0111,0.0,0.0,4.35,3.86,0.0
20231110:0211,0.0,0.0,4.06,3.72,0.0
20231110:0311,0.0,0.0,3.98,3.45,0.0
20231110:0411,0.0,0.0,3.7,3.38,0.0
20231110:0511,0.0,0.0,3.68,3.45,0.0
20231110:0611,0.0,0.0,3.63,3.79,0.0
20231110:0711,0.0,0.0,3.93,4.14,0.0
20231110:0811,11.0,4.58,4.15,4.28,0.0
20231110:0911,25.0,9.3,4.79,4.21,0.0
20231110:1011,55.0,12.43,5.55,3.66,0.0
20231110:1111,73.0,13.71,6.01,3.52,0.0
20231110:1211,68.0,13.03,6.1,3.59,0.0
20231110:1311,28.0,10.44,6.36,3.24,0.0
20231110:1411,21.0,6.17,6.26,2.41,0.0
20231110:1511,0.0,0.0,6.06,1.86,0.0
20231110:1611,0.0,0.0,5.68,2.14,0.0
20231110:1711,0.0,0.0,5.42,2.41,0.0
20231110:1811,0.0,0.0,5.25,2.55,0.0
20231110:1911,0.0,0.0,5.15,2.62,0.0
20231110:2011,0.0,0.0,4.75,2.34,0.0
20231110:2111,0.0,0.0,4.19,1.93,0.0
20231110:2211,0.0,0.0,4.07,1.86,0.0
20231110:2311,0.0,0.0,3.82,1.72,0.0
20231111:0011,0.0,0.0,3.63,1.93,0.0
20231111:0111,0.0,0.0,3.5,1.45,0.0
20231111:0211,0.0,0.0,3.39,1.03,0.0
20231111:0311,0.0,0.0,3.1,1.03,0.0
20231111:0411,0.0,0.0,3.1,1.24,0.0
20231111:0511,0.0,0.0,3.33,1.45,0.0
20231111:0611,0.0,0.0,3.68,1.24,0.0
20231111:0711,0.0,0.0,3.36,1.03,0.0
20231111:0811,23.58,4.31,3.27,1.03,0.0
20231111:0911,84.0,9.02,3.96,0.9,0.0
20231111:1011,119.0,12.15,4.92,1.17,0.0
20231111:1111,144.0,13.43,5.41,0.69,0.0
20231111:1211,158.01,12.75,5.92,0.55,0.0
20231111:1311,142.01,10.18,5.93,0.41,0.0
20231111:1411,32.0,5.92,5.79,0.34,0.0
20231111:1511,0.0,0.0,6.11,0.34,0.0
20231111:1611,0.0,0.0,5.42,0.48,0.0
20231111:1711,0.0,0.0,4.3,0.9,0.0
20231111:1811,0.0,0.0,4.05,1.31,0.0
20231111:1911,0.0,0.0,3.7,1.59,0.0
20231111:2011,0.0,0.0,3.16,1.59,0.0
20231111:2111,0.0,0.0,2.54,1.72,0.0
20231111:2211,0.0,0.0,2.37,2.07,0.0
20231111:2311,0.0,0.0,2.43,2.14,0.0
20231112:0011,0.0,0.0,1.93,2.14,0.0
20231112:0111,0.0,0.0,1.71,2.0,0.0
20231112:0211,0.0,0.0,1.7,2.14,0.0
20231112:0311,0.0,0.0,1.66,2.34,0.0
20231112:0411,0.0,0.0,1.56,2.34,0.0
20231112:0511,0.0,0.0,1.51,2.28,0.0
20231112:0611,0.0,0.0,1.4,2.07,0.0
20231112:0711,0.0,0.0,1.5,1.79,0.0
20231112:0811,32.46,4.04,1.72,1.66,0.0
20231112:0911,87.0,8.75,2.76,1.59,0.0
20231112:1011,110.0,11.87,3.87,1.17,0.0
20231112:1111,154.01,13.16,4.74,0.97,0.0
20231112:1211,131.0,12.49,5.27,0.69,0.0
20231112:1311,106.0,9.92,5.46,0.55,0.0
20231112:1411,22.0,5.68,5.23,0.83,0.0
20231112:1511,0.0,0.0,4.62,1.1,0.0
20231112:1611,0.0,0.0,4.11,1.38,0.0
20231112:1711,0.0,0.0,3.79,1.45,0.0
20231112:1811,0.0,0.0,4.31,1.17,0.0
20231112:1911,0.0,0.0,4.49,1.1,0.0
20231112:2011,0.0,0.0,4.16,1.31,0.0
20231112:2111,0.0,0.0,4.07,1.66,0.0
20231112:2211,0.0,0.0,3.6,1.72,0.0
20231112:2311,0.0,0.0,3.98,1.59,0.0
20231113:0011,0.0,0.0,4.18,1.66,0.0
20231113:0111,0.0,0.0,4.03,1.79,0.0
20231113:0211,0.0,0.0,4.33,1.93,0.0
20231113:0311,0.0,0.0,4.24,1.93,0.0
20231113:0411,0.0,0.0,4.51,1.93,0.0
20231113:0511,0.0,0.0,4.26,2.14,0.0
20231113:0611,0.0,0.0,4.32,2.48,0.0
20231113:0711,0.0,0.0,4.03,2.69,0.0
20231113:0811,6.0,3.77,4.33,3.03,0.0
20231113:0911,85.0,8.48,4.91,3.31,0.0
20231113:1011,154.01,11.6,5.84,4.14,0.0
20231113:1111,164.01,12.88,6.48,4.28,0.0
20231113:1211,174.01,12.22,6.83,4.62,0.0
20231113:1311,117.01,9.67,6.94,4.97,0.0
20231113:1411,35.0,5.44,6.49,4.69,0.0
20231113:1511,0.0,0.0,5.8,5.03,0.0
20231113:1611,0.0,0.0,5.41,5.1,0.0
20231113:1711,0.0,0.0,5.5,5.03,0.0
20231113:1811,0.0,0.0,5.24,4.97,0.0
20231113:1911,0.0,0.0,4.8,5.03,0.0
20231113:2011,0.0,0.0,4.71,5.17,0.0
20231113:2111,0.0,0.0,4.55,5.17,0.0
20231113:2211,0.0,0.0,4.71,4.48,0.0
20231113:2311,0.0,0.0,4.67,4.48,0.0
20231114:0011,0.0,0.0,4.44,4.48,0.0
20231114:0111,0.0,0.0,4.19,4.62,0.0
20231114:0211,0.0,0.0,4.06,4.48,0.0
20231114:0311,0.0,0.0,3.87,4.41,0.0
20231114:0411,0.0,0.0,3.33,4.28,0.0
20231114:0511,0.0,0.0,3.05,4.0,0.0
20231114:0611,0.0,0.0,2.61,3.66,0.0
20231114:0711,0.0,0.0,2.59,3.52,0.0
20231114:0811,26.9,3.51,2.56,3.38,0.0
20231114:0911,110.01,8.21,3.25,2.9,0.0
20231114:1011,149.01,11.33,4.52,2.07,0.0
20231114:1111,163.01,12.62,5.25,1.72,0.0
20231114:1211,60.0,11.96,5.7,1.03,0.0
20231114:1311,129.01,9.42,5.81,0.97,0.0
20231114:1411,34.0,5.21,5.49,1.52,0.0
20231114:1511,0.0,0.0,4.57,2.0,0.0
20231114:1611,0.0,0.0,3.85,2.0,0.0
20231114:1711,0.0,0.0,3.52,1.86,0.0
20231114:1811,0.0,0.0,3.31,1.72,0.0
20231114:1911,0.0,0.0,2.91,1.72,0.0
20231114:2011,0.0,0.0,2.72,1.79,0.0
20231114:2111,0.0,0.0,2.54,1.79,0.0
20231114:2211,0.0,0.0,3.16,1.52,0.0
20231114:2311,0.0,0.0,2.89,1.52,0.0
20231115:0011,0.0,0.0,2.37,2.07,0.0
20231115:0111,0.0,0.0,2.28,2.21,0.0
20231115:0211,0.0,0.0,2.56,2.41,0.0
20231115:0311,0.0,0.0,2.3,2.28,0.0
20231115:0411,0.0,0.0,2.42,2.21,0.0
20231115:0511,0.0,0.0,2.17,2.41,0.0
20231115:0611,0.0,0.0,2.48,2.48,0.0
20231115:0711,0.0,0.0,2.38,2.55,0.0
20231115:0811,20.32,3.25,2.67,2.41,0.0
20231115:0911,89.0,7.95,2.83,2.34,0.0
20231115:1011,111.0,11.07,3.42,2.0,0.0
20231115:1111,67.0,12.36,3.81,1.86,0.0
20231115:1211,33.0,11.71,4.25,2.07,0.0
20231115:1311,70.0,9.18,4.3,2.41,0.0
20231115:1411,19.0,4.98,4.14,2.83,0.0
20231115:1511,0.0,0.0,3.39,2.83,0.0
20231115:1611,0.0,0.0,2.94,2.62,0.0
20231115:1711,0.0,0.0,2.71,2.55,0.0
20231115:1811,0.0,0.0,2.53,2.76,0.0
20231115:1911,0.0,0.0,2.25,2.83,0.0
20231115:2011,0.0,0.0,2.16,3.03,0.0
20231115:2111,0.0,0.0,2.28,3.17,0.0
20231115:2211,0.0,0.0,2.57,3.52,0.0
20231115:2311,0.0,0.0,2.16,3.79,0.0
20231116:0011,0.0,0.0,2.19,3.93,0.0
20231116:0111,0.0,0.0,2.13,4.07,0.0
20231116:0211,0.0,0.0,2.12,4.07,0.0
20231116:0311,0.0,0.0,1.99,4.14,0.0
20231116:0411,0.0,0.0,1.9,4.07,0.0
20231116:0511,0.0,0.0,2.04,4.07,0.0
20231116:0611,0.0,0.0,2.09,4.0,0.0
20231116:0711,0.0,0.0,2.12,4.0,0.0
20231116:0811,16.59,3.0,2.34,3.93,0.0
20231116:0911,30.0,7.7,2.65,3.93,0.0
20231116:1011,24.0,10.81,2.52,3.66,0.0
20231116:1111,16.0,12.1,2.73,3.79,0.0
20231116:1211,25.0,11.46,2.88,4.0,0.0
20231116:1311,19.0,8.95,2.8,4.0,0.0
20231116:1411,5.0,4.76,2.65,3.86,0.0
20231116:1511,0.0,0.0,2.48,3.66,0.0
20231116:1611,0.0,0.0,2.45,3.52,0.0
20231116:1711,0.0,0.0,2.09,3.52,0.0
20231116:1811,0.0,0.0,1.77,3.24,0.0
20231116:1911,0.0,0.0,1.38,2.97,0.0
20231116:2011,0.0,0.0,0.99,2.97,0.0
20231116:2111,0.0,0.0,0.51,3.1,0.0
20231116:2211,0.0,0.0,0.69,3.1,0.0
20231116:2311,0.0,0.0,0.68,3.31,0.0
20231117:0011,0.0,0.0,0.66,3.45,0.0
20231117:0111,0.0,0.0,0.49,3.1,0.0
20231117:0211,0.0,0.0,0.02,2.97,0.0
20231117:0311,0.0,0.0,-0.29,2.97,0.0
20231117:0411,0.0,0.0,-0.46,2.9,0.0
20231117:0511,0.0,0.0,-0.54,2.62,0.0
20231117:0611,0.0,0.0,-0.58,2.48,0.0
20231117:0711,0.0,0.0,-0.77,2.41,0.0
20231117:0811,10.0,2.75,-0.57,2.28,0.0
20231117:0911,29.0,7.44,-0.15,2.41,0.0
20231117:1011,31.0,10.56,0.18,2.41,0.0
20231117:1111,108.0,11.86,1.3,2.62,0.0
20231117:1211,123.0,11.22,1.89,2.34,0.0
20231117:1311,83.0,8.72,2.18,2.0,0.0
20231117:1411,27.0,4.54,1.25,2.21,0.0
20231117:1511,0.0,0.0,-0.06,2.48,0.0
20231117:1611,0.0,0.0,-0.3,2.41,0.0
20231117:1711,0.0,0.0,-0.73,2.34,0.0
20231117:1811,0.0,0.0,-0.92,2.28,0.0
20231117:1911,0.0,0.0,-1.0,2.34,0.0
20231117:2011,0.0,0.0,-1.43,2.41,0.0
20231117:2111,0.0,0.0,-1.65,2.62,0.0
20231117:2211,0.0,0.0,-1.69,3.38,0.0
20231117:2311,0.0,0.0,-1.67,3.72,0.0
20231118:0011,0.0,0.0,-1.76,4.0,0.0
20231118:0111,0.0,0.0,-1.47,4.28,0.0
20231118:0211,0.0,0.0,-0.81,4.41,0.0
20231118:0311,0.0,0.0,-0.23,4.55,0.0
20231118:0411,0.0,0.0,0.34,4.69,0.0
20231118:0511,0.0,0.0,1.03,4.97,0.0
20231118:0611,0.0,0.0,1.57,5.03,0.0
20231118:0711,0.0,0.0,2.07,5.31,0.0
20231118:0811,4.0,2.51,2.32,5.66,0.0
20231118:0911,22.0,7.2,2.76,6.0,0.0
20231118:1011,24.0,10.31,3.02,5.86,0.0
20231118:1111,15.0,11.61,3.59,5.93,0.0
20231118:1211,33.0,10.99,4.07,6.21,0.0
20231118:1311,11.0,8.5,4.33,6.55,0.0
20231118:1411,7.0,4.33,4.21,6.69,0.0
20231118:1511,0.0,0.0,4.12,6.76,0.0
20231118:1611,0.0,0.0,4.23,6.97,0.0
20231118:1711,0.0,0.0,4.44,7.45,0.0
20231118:1811,0.0,0.0,4.66,7.93,0.0
20231118:1911,0.0,0.0,4.61,8.21,0.0
20231118:2011,0.0,0.0,4.76,8.41,0.0
20231118:2111,0.0,0.0,4.82,8.41,0.0
20231118:2211,0.0,0.0,4.98,8.0,0.0
20231118:2311,0.0,0.0,4.97,8.28,0.0
20231119:0011,0.0,0.0,5.09,8.21,0.0
20231119:0111,0.0,0.0,4.97,8.48,0.0
20231119:0211,0.0,0.0,4.95,8.34,0.0
20231119:0311,0.0,0.0,4.81,8.07,0.0
20231119:0411,0.0,0.0,4.37,7.79,0.0
20231119:0511,0.0,0.0,4.16,7.45,0.0
20231119:0611,0.0,0.0,4.12,7.17,0.0
20231119:0711,0.0,0.0,4.02,6.9,0.0
20231119:0811,2.0,2.27,4.0,6.83,0.0
20231119:0911,27.0,6.95,4.02,7.03,0.0
20231119:1011,21.0,10.07,4.77,6.07,0.0
20231119:1111,42.0,11.37,4.99,5.31,0.0
20231119:1211,25.0,10.76,5.06,5.31,0.0
20231119:1311,20.0,8.28,5.21,5.24,0.0
20231119:1411,4.0,4.13,5.35,5.17,0.0
20231119:1511,0.0,0.0,5.24,5.03,0.0
20231119:1611,0.0,0.0,5.21,4.97,0.0
20231119:1711,0.0,0.0,5.18,5.03,0.0
20231119:1811,0.0,0.0,5.16,4.83,0.0
20231119:1911,0.0,0.0,4.98,4.34,0.0
20231119:2011,0.0,0.0,4.64,4.0,0.0
20231119:2111,0.0,0.0,4.33,3.93,0.0
20231119:2211,0.0,0.0,4.9,3.24,0.0
20231119:2311,0.0,0.0,4.91,3.24,0.0
20231120:0011,0.0,0.0,4.83,2.9,0.0
20231120:0111,0.0,0.0,4.8,2.62,0.0
20231120:0211,0.0,0.0,4.78,2.83,0.0
20231120:0311,0.0,0.0,4.51,3.1,0.0
20231120:0411,0.0,0.0,4.39,2.97,0.0
20231120:0511,0.0,0.0,3.96,2.9,0.0
20231120:0611,0.0,0.0,3.81,2.76,0.0
20231120:0711,0.0,0.0,3.82,2.55,0.0
20231120:0811,1.0,2.03,3.86,2.48,0.0
20231120:0911,60.0,6.71,4.09,2.41,0.0
20231120:1011,70.0,9.83,4.36,1.59,0.0
20231120:1111,63.0,11.14,4.96,1.59,0.0
20231120:1211,79.0,10.54,5.29,1.59,0.0
20231120:1311,56.0,8.07,5.53,1.24,0.0
20231120:1411,21.0,3.93,5.15,1.24,0.0
20231120:1511,0.0,0.0,3.99,1.17,0.0
20231120:1611,0.0,0.0,3.63,1.17,0.0
20231120:1711,0.0,0.0,3.96,1.17,0.0
20231120:1811,0.0,0.0,3.84,1.17,0.0
20231120:1911,0.0,0.0,3.94,0.97,0.0
20231120:2011,0.0,0.0,3.93,0.62,0.0
20231120:2111,0.0,0.0,4.02,0.41,0.0
20231120:2211,0.0,0.0,4.56,0.21,0.0
20231120:2311,0.0,0.0,4.48,0.21,0.0
20231121:0011,0.0,0.0,4.39,0.97,0.0
20231121:0111,0.0,0.0,4.24,1.52,0.0
20231121:0211,0.0,0.0,4.18,1.79,0.0
20231121:0311,0.0,0.0,4.07,1.93,0.0
20231121:0411,0.0,0.0,3.94,2.07,0.0
20231121:0511,0.0,0.0,3.71,2.21,0.0
20231121:0611,0.0,0.0,3.63,2.28,0.0
20231121:0711,0.0,0.0,3.53,2.69,0.0
20231121:0811,4.0,1.8,3.47,2.97,0.0
20231121:0911,13.0,6.48,3.81,2.97,0.0
20231121:1011,25.0,9.6,4.76,3.03,0.0
20231121:1111,34.0,10.91,5.27,2.9,0.0
20231121:1211,24.0,10.32,5.48,2.69,0.0
20231121:1311,19.0,7.86,5.32,2.69,0.0
20231121:1411,8.0,3.74,5.02,2.97,0.0
20231121:1511,0.0,0.0,4.41,3.45,0.0
20231121:1611,0.0,0.0,4.11,3.59,0.0
20231121:1711,0.0,0.0,4.01,3.86,0.0
20231121:1811,0.0,0.0,3.81,4.0,0.0
20231121:1911,0.0,0.0,3.68,4.21,0.0
20231121:2011,0.0,0.0,3.66,4.55,0.0
20231121:2111,0.0,0.0,3.42,4.76,0.0
20231121:2211,0.0,0.0,3.14,5.52,0.0
20231121:2311,0.0,0.0,3.57,6.14,0.0
20231122:0011,0.0,0.0,3.92,6.21,0.0
20231122:0111,0.0,0.0,4.26,6.55,0.0
20231122:0211,0.0,0.0,4.7,6.34,0.0
20231122:0311,0.0,0.0,4.6,6.07,0.0
20231122:0411,0.0,0.0,4.44,6.62,0.0
20231122:0511,0.0,0.0,4.56,6.62,0.0
20231122:0611,0.0,0.0,4.8,7.45,0.0
20231122:0711,0.0,0.0,5.21,7.86,0.0
20231122:0811,1.0,1.57,5.82,7.86,0.0
20231122:0911,11.0,6.25,6.97,8.41,0.0
20231122:1011,11.0,9.37,8.11,8.83,0.0
20231122:1111,18.0,10.69,8.66,8.0,0.0
20231122:1211,12.0,10.11,9.22,7.72,0.0
20231122:1311,10.0,7.67,9.59,7.24,0.0
20231122:1411,3.0,3.56,9.26,6.07,0.0
20231122:1511,0.0,0.0,8.59,5.66,0.0
20231122:1611,0.0,0.0,8.13,5.45,0.0
20231122:1711,0.0,0.0,8.01,5.45,0.0
20231122:1811,0.0,0.0,7.89,5.59,0.0
20231122:1911,0.0,0.0,7.9,6.0,0.0
20231122:2011,0.0,0.0,7.89,6.41,0.0
20231122:2111,0.0,0.0,7.94,6.69,0.0
20231122:2211,0.0,0.0,8.14,6.48,0.0
20231122:2311,0.0,0.0,7.95,7.79,0.0
20231123:0011,0.0,0.0,7.86,8.69,0.0
20231123:0111,0.0,0.0,7.85,8.34,0.0
20231123:0211,0.0,0.0,7.46,8.28,0.0
20231123:0311,0.0,0.0,7.28,7.86,0.0
20231123:0411,0.0,0.0,6.97,8.34,0.0
20231123:0511,0.0,0.0,6.82,8.07,0.0
20231123:0611,0.0,0.0,6.77,8.55,0.0
20231123:0711,0.0,0.0,6.19,8.41,0.0
20231123:0811,1.0,1.35,5.73,8.69,0.0
20231123:0911,55.0,6.03,5.43,9.1,0.0
20231123:1011,43.0,9.15,5.3,8.83,0.0
20231123:1111,25.0,10.48,5.0,9.93,0.0
20231123:1211,25.0,9.9,4.93,10.41,0.0
20231123:1311,52.0,7.48,4.74,9.93,0.0
20231123:1411,3.0,3.38,4.72,9.59,0.0
20231123:1511,0.0,0.0,4.07,9.24,0.0
20231123:1611,0.0,0.0,3.81,9.52,0.0
20231123:1711,0.0,0.0,3.45,9.1,0.0
20231123:1811,0.0,0.0,3.0,8.97,0.0
20231123:1911,0.0,0.0,2.37,9.17,0.0
20231123:2011,0.0,0.0,2.44,8.76,0.0
20231123:2111,0.0,0.0,2.25,8.41,0.0
20231123:2211,0.0,0.0,2.14,6.97,0.0
20231123:2311,0.0,0.0,2.66,7.17,0.0
20231124:0011,0.0,0.0,2.78,8.21,0.0
20231124:0111,0.0,0.0,2.72,8.55,0.0
20231124:0211,0.0,0.0,2.65,8.14,0.0
20231124:0311,0.0,0.0,2.63,7.52,0.0
20231124:0411,0.0,0.0,2.62,7.45,0.0
20231124:0511,0.0,0.0,2.7,7.45,0.0
20231124:0611,0.0,0.0,2.79,7.45,0.0
20231124:0711,0.0,0.0,2.93,6.69,0.0
20231124:0811,0.0,0.0,3.19,7.1,0.0
20231124:0911,50.0,5.81,3.87,8.21,0.0
20231124:1011,93.0,8.94,4.32,7.93,0.0
20231124:1111,125.01,10.27,4.54,6.83,0.0
20231124:1211,123.01,9.71,4.86,6.07,0.0
20231124:1311,49.0,7.29,4.78,5.93,0.0
20231124:1411,17.0,3.21,4.41,5.86,0.0
20231124:1511,0.0,0.0,3.42,5.72,0.0
20231124:1611,0.0,0.0,3.22,5.72,0.0
20231124:1711,0.0,0.0,3.79,4.9,0.0
20231124:1811,0.0,0.0,3.33,4.62,0.0
20231124:1911,0.0,0.0,3.46,3.93,0.0
20231124:2011,0.0,0.0,3.03,4.14,0.0
20231124:2111,0.0,0.0,3.44,4.41,0.0
20231124:2211,0.0,0.0,3.52,6.07,0.0
20231124:2311,0.0,0.0,3.71,5.93,0.0
20231125:0011,0.0,0.0,4.08,6.14,0.0
20231125:0111,0.0,0.0,3.81,5.66,0.0
20231125:0211,0.0,0.0,3.23,4.41,0.0
20231125:0311,0.0,0.0,2.63,3.79,0.0
20231125:0411,0.0,0.0,1.96,3.31,0.0
20231125:0511,0.0,0.0,1.68,2.83,0.0
20231125:0611,0.0,0.0,1.11,2.34,0.0
20231125:0711,0.0,0.0,0.46,1.93,0.0
20231125:0811,0.0,0.0,0.21,1.66,0.0
20231125:0911,50.14,5.6,0.38,1.38,0.0
20231125:1011,104.01,8.73,1.06,1.31,0.0
20231125:1111,141.01,10.07,2.16,1.52,0.0
20231125:1211,119.01,9.52,2.73,2.0,0.0
20231125:1311,49.0,7.11,3.06,2.41,0.0
20231125:1411,12.0,3.05,2.66,2.69,0.0
20231125:1511,0.0,0.0,1.68,2.41,0.0
20231125:1611,0.0,0.0,1.52,1.86,0.0
20231125:1711,0.0,0.0,1.03,1.66,0.0
20231125:1811,0.0,0.0,0.54,1.59,0.0
20231125:1911,0.0,0.0,0.28,1.59,0.0
20231125:2011,0.0,0.0,-0.25,1.52,0.0
20231125:2111,0.0,0.0,-0.44,1.38,0.0
20231125:2211,0.0,0.0,-1.0,1.38,0.0
20231125:2311,0.0,0.0,-0.85,1.38,0.0
20231126:0011,0.0,0.0,-0.76,1.38,0.0
20231126:0111,0.0,0.0,-0.52,1.1,0.0
20231126:0211,0.0,0.0,-0.27,0.97,0.0
20231126:0311,0.0,0.0,-0.01,0.9,0.0
20231126:0411,0.0,0.0,-0.14,0.97,0.0
20231126:0511,0.0,0.0,0.04,0.97,0.0
20231126:0611,0.0,0.0,0.6,0.97,0.0
20231126:0711,0.0,0.0,0.52,1.03,0.0
20231126:0811,0.0,0.0,0.57,1.17,0.0
20231126:0911,9.0,5.39,1.24,1.45,0.0
20231126:1011,33.0,8.52,1.57,1.66,0.0
20231126:1111,30.0,9.87,2.07,2.14,0.0
20231126:1211,22.0,9.33,2.51,2.14,0.0
20231126:1311,14.0,6.94,2.67,2.14,0.0
20231126:1411,2.0,2.89,2.79,2.41,0.0
20231126:1511,0.0,0.0,2.96,2.76,0.0
20231126:1611,0.0,0.0,3.06,3.24,0.0
20231126:1711,0.0,0.0,3.36,3.86,0.0
20231126:1811,0.0,0.0,3.52,4.69,0.0
20231126:1911,0.0,0.0,3.59,5.72,0.0
20231126:2011,0.0,0.0,3.51,5.93,0.0
20231126:2111,0.0,0.0,3.38,6.07,0.0
20231126:2211,0.0,0.0,3.3,6.07,0.0
20231126:2311,0.0,0.0,3.45,6.0,0.0
20231127:0011,0.0,0.0,3.46,5.72,0.0
20231127:0111,0.0,0.0,3.27,5.38,0.0
20231127:0211,0.0,0.0,2.95,4.83,0.0
20231127:0311,0.0,0.0,2.57,4.14,0.0
20231127:0411,0.0,0.0,2.34,3.93,0.0
20231127:0511,0.0,0.0,2.13,4.0,0.0
20231127:0611,0.0,0.0,1.79,4.0,0.0
20231127:0711,0.0,0.0,1.52,4.0,0.0
20231127:0811,0.0,0.0,1.28,3.93,0.0
20231127:0911,39.13,5.19,1.33,3.66,0.0
20231127:1011,96.01,8.33,1.86,3.24,0.0
20231127:1111,132.01,9.68,1.85,3.24,0.0
20231127:1211,113.01,9.15,1.84,3.31,0.0
20231127:1311,46.0,6.78,1.76,3.1,0.0
20231127:1411,9.0,2.75,1.32,3.1,0.0
20231127:1511,0.0,0.0,0.56,3.03,0.0
20231127:1611,0.0,0.0,0.13,2.9,0.0
20231127:1711,0.0,0.0,-0.28,2.83,0.0
20231127:1811,0.0,0.0,-0.19,2.69,0.0
20231127:1911,0.0,0.0,-0.15,2.62,0.0
20231127:2011,0.0,0.0,-0.31,2.62,0.0
20231127:2111,0.0,0.0,-0.51,2.55,0.0
20231127:2211,0.0,0.0,-0.67,2.07,0.0
20231127:2311,0.0,0.0,-0.81,2.14,0.0
20231128:0011,0.0,0.0,-0.7,2.69,0.0
20231128:0111,0.0,0.0,-0.63,3.45,0.0
20231128:0211,0.0,0.0,-1.03,4.34,0.0
20231128:0311,0.0,0.0,-1.6,4.97,0.0
20231128:0411,0.0,0.0,-2.2,5.45,0.0
20231128:0511,0.0,0.0,-2.89,5.59,0.0
20231128:0611,0.0,0.0,-3.38,5.38,0.0
20231128:0711,0.0,0.0,-3.64,5.31,0.0
20231128:0811,0.0,0.0,-3.92,5.17,0.0
20231128:0911,32.26,4.99,-3.8,4.76,0.0
20231128:1011,94.01,8.13,-3.55,4.14,0.0
20231128:1111,133.01,9.5,-3.04,3.66,0.0
20231128:1211,110.01,8.98,-2.84,3.1,0.0
20231128:1311,46.0,6.62,-2.72,2.48,0.0
20231128:1411,7.0,2.6,-3.0,2.34,0.0
20231128:1511,0.0,0.0,-3.82,2.55,0.0
20231128:1611,0.0,0.0,-3.83,2.55,0.0
20231128:1711,0.0,0.0,-3.8,2.21,0.0
20231128:1811,0.0,0.0,-3.91,2.14,0.0
20231128:1911,0.0,0.0,-3.62,2.21,0.0
20231128:2011,0.0,0.0,-3.49,2.0,0.0
20231128:2111,0.0,0.0,-3.3,1.93,0.0
20231128:2211,0.0,0.0,-3.38,2.34,0.0
20231128:2311,0.0,0.0,-3.42,1.24,0.0
20231129:0011,0.0,0.0,-3.3,1.17,0.0
20231129:0111,0.0,0.0,-3.44,1.1,0.0
20231129:0211,0.0,0.0,-3.46,1.31,0.0
20231129:0311,0.0,0.0,-3.49,1.66,0.0
20231129:0411,0.0,0.0,-3.54,2.28,0.0
20231129:0511,0.0,0.0,-3.29,2.62,0.0
20231129:0611,0.0,0.0,-3.19,2.97,0.0
20231129:0711,0.0,0.0,-2.87,3.1,0.0
20231129:0811,0.0,0.0,-2.45,3.24,0.0
20231129:0911,21.0,4.8,-1.76,2.9,0.0
20231129:1011,57.0,7.95,-0.99,3.03,0.0
20231129:1111,101.0,9.32,-0.09,2.55,0.0
20231129:1211,104.01,8.82,0.37,2.28,0.0
20231129:1311,44.0,6.47,0.47,2.41,0.0
20231129:1411,10.0,2.47,0.17,2.69,0.0
20231129:1511,0.0,0.0,-0.57,3.1,0.0
20231129:1611,0.0,0.0,-0.98,3.38,0.0
20231129:1711,0.0,0.0,-1.01,3.38,0.0
20231129:1811,0.0,0.0,-1.03,3.24,0.0
20231129:1911,0.0,0.0,-1.08,3.03,0.0
20231129:2011,0.0,0.0,-1.55,2.9,0.0
20231129:2111,0.0,0.0,-1.84,3.03,0.0
20231129:2211,0.0,0.0,-0.8,3.03,0.0
20231129:2311,0.0,0.0,-0.81,2.55,0.0
20231130:0011,0.0,0.0,-0.82,2.41,0.0
20231130:0111,0.0,0.0,-0.82,2.41,0.0
20231130:0211,0.0,0.0,-0.72,2.48,0.0
20231130:0311,0.0,0.0,-0.89,2.76,0.0
20231130:0411,0.0,0.0,-1.13,2.97,0.0
20231130:0511,0.0,0.0,-1.39,3.17,0.0
20231130:0611,0.0,0.0,-1.52,3.1,0.0
20231130:0711,0.0,0.0,-1.72,2.69,0.0
20231130:0811,0.0,0.0,-2.14,2.55,0.0
20231130:0911,38.82,4.62,-2.34,2.48,0.0
20231130:1011,103.01,7.77,-2.23,2.62,0.0
20231130:1111,130.01,9.15,-1.69,2.34,0.0
20231130:1211,105.01,8.66,-1.5,2.41,0.0
20231130:1311,44.0,6.33,-0.66,2.34,0.0
20231130:1411,5.0,2.34,-1.37,2.69,0.0
20231130:1511,0.0,0.0,-2.3,2.9,0.0
20231130:1611,0.0,0.0,-2.73,2.69,0.0
20231130:1711,0.0,0.0,-3.02,2.55,0.0
20231130:1811,0.0,0.0,-3.42,2.48,0.0
20231130:1911,0.0,0.0,-3.52,2.48,0.0
20231130:2011,0.0,0.0,-3.93,2.48,0.0
20231130:2111,0.0,0.0,-4.25,2.62,0.0
20231130:2211,0.0,0.0,-4.38,2.34,0.0
20231130:2311,0.0,0.0,-4.45,2.34,0.0
20231201:0011,0.0,0.0,-4.86,2.41,0.0
20231201:0111,0.0,0.0,-4.92,2.41,0.0
20231201:0211,0.0,0.0,-4.98,2.34,0.0
20231201:0311,0.0,0.0,-5.33,2.21,0.0
20231201:0411,0.0,0.0,-5.53,2.07,0.0
20231201:0511,0.0,0.0,-5.65,2.0,0.0
20231201:0611,0.0,0.0,-6.13,1.86,0.0
20231201:0711,0.0,0.0,-6.02,1.79,0.0
20231201:0811,0.0,0.0,-6.17,1.86,0.0
20231201:0911,34.69,4.44,-6.07,1.86,0.0
20231201:1011,97.01,7.6,-4.66,2.07,0.0
20231201:1111,126.01,8.99,-3.51,1.72,0.0
20231201:1211,101.01,8.51,-2.64,1.45,0.0
20231201:1311,43.0,6.19,-2.75,1.38,0.0
20231201:1411,4.0,2.22,-3.71,1.52,0.0
20231201:1511,0.0,0.0,-4.44,1.52,0.0
20231201:1611,0.0,0.0,-4.9,1.38,0.0
20231201:1711,0.0,0.0,-4.92,1.66,0.0
20231201:1811,0.0,0.0,-4.94,1.93,0.0
20231201:1911,0.0,0.0,-5.11,1.66,0.0
20231201:2011,0.0,0.0,-4.82,1.66,0.0
20231201:2111,0.0,0.0,-5.01,1.72,0.0
20231201:2211,0.0,0.0,-5.09,1.93,0.0
20231201:2311,0.0,0.0,-4.91,1.72,0.0
20231202:0011,0.0,0.0,-5.08,1.79,0.0
20231202:0111,0.0,0.0,-5.01,1.66,0.0
20231202:0211,0.0,0.0,-5.02,1.31,0.0
20231202:0311,0.0,0.0,-4.99,1.24,0.0
20231202:0411,0.0,0.0,-4.71,1.31,0.0
20231202:0511,0.0,0.0,-4.45,1.45,0.0
20231202:0611,0.0,0.0,-3.88,1.45,0.0
20231202:0711,0.0,0.0,-3.55,1.45,0.0
20231202:0811,0.0,0.0,-3.27,1.66,0.0
20231202:0911,29.76,4.27,-2.9,1.79,0.0
20231202:1011,11.0,7.43,-0.82,1.93,0.0
20231202:1111,27.0,8.84,-0.32,1.59,0.0
20231202:1211,10.0,8.37,0.26,1.52,0.0
20231202:1311,10.0,6.06,0.61,1.1,0.0
20231202:1411,2.0,2.1,0.83,0.97,0.0
20231202:1511,0.0,0.0,0.76,0.9,0.0
20231202:1611,0.0,0.0,0.58,1.17,0.0
20231202:1711,0.0,0.0,0.16,1.59,0.0
20231202:1811,0.0,0.0,0.51,1.66,0.0
20231202:1911,0.0,0.0,0.37,2.34,0.0
20231202:2011,0.0,0.0,0.23,2.62,0.0
20231202:2111,0.0,0.0,0.32,3.24,0.0
20231202:2211,0.0,0.0,-0.45,4.34,0.0
20231202:2311,0.0,0.0,-0.33,4.48,0.0
20231203:0011,0.0,0.0,-0.07,4.48,0.0
20231203:0111,0.0,0.0,0.09,4.55,0.0
20231203:0211,0.0,0.0,-0.38,4.48,0.0
20231203:0311,0.0,0.0,-0.19,4.69,0.0
20231203:0411,0.0,0.0,-0.15,4.62,0.0
20231203:0511,0.0,0.0,0.0,4.34,0.0
20231203:0611,0.0,0.0,-0.06,4.07,0.0
20231203:0711,0.0,0.0,-0.22,3.66,0.0
20231203:0811,0.0,0.0,-0.46,3.38,0.0
20231203:0911,4.0,4.11,-0.42,3.31,0.0
20231203:1011,29.0,7.27,-0.21,3.1,0.0
20231203:1111,14.0,8.69,0.3,3.03,0.0
20231203:1211,36.0,8.23,0.41,3.1,0.0
20231203:1311,7.0,5.94,0.37,2.9,0.0
20231203:1411,1.0,1.99,0.51,2.76,0.0
20231203:1511,0.0,0.0,0.08,2.83,0.0
20231203:1611,0.0,0.0,-1.12,2.76,0.0
20231203:1711,0.0,0.0,-1.56,2.62,0.0
20231203:1811,0.0,0.0,-1.63,2.62,0.0
20231203:1911,0.0,0.0,-2.37,2.55,0.0
20231203:2011,0.0,0.0,-2.69,2.34,0.0
20231203:2111,0.0,0.0,-2.86,2.69,0.0
20231203:2211,0.0,0.0,-1.57,2.76,0.0
20231203:2311,0.0,0.0,-2.19,2.9,0.0
20231204:0011,0.0,0.0,-2.98,2.76,0.0
20231204:0111,0.0,0.0,-3.28,2.69,0.0
20231204:0211,0.0,0.0,-3.41,2.41,0.0
20231204:0311,0.0,0.0,-3.41,2.41,0.0
20231204:0411,0.0,0.0,-3.74,2.28,0.0
20231204:0511,0.0,0.0,-3.97,2.55,0.0
20231204:0611,0.0,0.0,-3.97,2.62,0.0
20231204:0711,0.0,0.0,-4.3,2.41,0.0
20231204:0811,0.0,0.0,-4.56,2.41,0.0
20231204:0911,23.55,3.95,-4.37,2.41,0.0
20231204:1011,68.0,7.12,-4.73,2.62,0.0
20231204:1111,92.0,8.54,-4.22,2.48,0.0
20231204:1211,74.0,8.1,-3.8,2.55,0.0
20231204:1311,35.0,5.83,-3.67,2.48,0.0
20231204:1411,1.0,1.89,-3.97,2.48,0.0
20231204:1511,0.0,0.0,-4.84,2.48,0.0
20231204:1611,0.0,0.0,-5.5,2.48,0.0
20231204:1711,0.0,0.0,-5.88,2.55,0.0
20231204:1811,0.0,0.0,-5.99,2.48,0.0
20231204:1911,0.0,0.0,-6.01,2.34,0.0
20231204:2011,0.0,0.0,-6.33,2.21,0.0
20231204:2111,0.0,0.0,-6.5,2.14,0.0
20231204:2211,0.0,0.0,-4.69,1.66,0.0
20231204:2311,0.0,0.0,-4.65,1.93,0.0
20231205:0011,0.0,0.0,-4.65,2.14,0.0
20231205:0111,0.0,0.0,-4.58,2.07,0.0
20231205:0211,0.0,0.0,-4.52,2.0,0.0
20231205:0311,0.0,0.0,-5.03,1.79,0.0
20231205:0411,0.0,0.0,-5.0,1.86,0.0
20231205:0511,0.0,0.0,-5.06,1.93,0.0
20231205:0611,0.0,0.0,-5.23,2.07,0.0
20231205:0711,0.0,0.0,-5.36,2.0,0.0
20231205:0811,0.0,0.0,-5.08,2.07,0.0
20231205:0911,22.55,3.79,-4.89,2.07,0.0
20231205:1011,70.0,6.98,-4.65,2.62,0.0
20231205:1111,91.0,8.41,-4.07,2.48,0.0
20231205:1211,70.0,7.98,-3.67,2.55,0.0
20231205:1311,35.0,5.72,-3.41,2.62,0.0
20231205:1411,2.0,1.8,-3.83,2.62,0.0
20231205:1511,0.0,0.0,-4.57,2.76,0.0
20231205:1611,0.0,0.0,-4.97,2.83,0.0
20231205:1711,0.0,0.0,-5.0,2.83,0.0
20231205:1811,0.0,0.0,-5.51,2.9,0.0
20231205:1911,0.0,0.0,-5.91,2.97,0.0
20231205:2011,0.0,0.0,-5.7,2.9,0.0
20231205:2111,0.0,0.0,-5.39,2.9,0.0
20231205:2211,0.0,0.0,-4.45,2.97,0.0
20231205:2311,0.0,0.0,-4.46,2.97,0.0
20231206:0011,0.0,0.0,-4.47,2.76,0.0
20231206:0111,0.0,0.0,-4.66,2.69,0.0
20231206:0211,0.0,0.0,-4.6,2.76,0.0
20231206:0311,0.0,0.0,-4.58,2.69,0.0
20231206:0411,0.0,0.0,-4.75,2.69,0.0
20231206:0511,0.0,0.0,-4.55,2.55,0.0
20231206:0611,0.0,0.0,-4.18,2.48,0.0
20231206:0711,0.0,0.0,-3.98,2.55,0.0
20231206:0811,0.0,0.0,-3.51,2.62,0.0
20231206:0911,10.0,3.65,-3.08,2.62,0.0
20231206:1011,38.0,6.84,-2.36,2.69,0.0
20231206:1111,24.0,8.28,-2.26,2.41,0.0
20231206:1211,42.0,7.86,-1.85,2.14,0.0
20231206:1311,20.0,5.62,-1.6,2.14,0.0
20231206:1411,1.0,1.72,-2.13,2.34,0.0
20231206:1511,0.0,0.0,-2.51,2.34,0.0
20231206:1611,0.0,0.0,-2.42,2.48,0.0
20231206:1711,0.0,0.0,-2.67,2.69,0.0
20231206:1811,0.0,0.0,-2.6,2.9,0.0
20231206:1911,0.0,0.0,-3.01,2.9,0.0
20231206:2011,0.0,0.0,-3.36,2.9,0.0
20231206:2111,0.0,0.0,-3.82,2.83,0.0
20231206:2211,0.0,0.0,-3.99,2.97,0.0
20231206:2311,0.0,0.0,-4.04,2.9,0.0
20231207:0011,0.0,0.0,-4.16,2.83,0.0
20231207:0111,0.0,0.0,-4.48,2.83,0.0
20231207:0211,0.0,0.0,-4.84,2.9,0.0
20231207:0311,0.0,0.0,-5.07,2.97,0.0
20231207:0411,0.0,0.0,-5.44,3.1,0.0
20231207:0511,0.0,0.0,-5.39,3.31,0.0
20231207:0611,0.0,0.0,-5.52,3.38,0.0
20231207:0711,0.0,0.0,-5.62,3.38,0.0
20231207:0811,0.0,0.0,-5.73,3.17,0.0
20231207:0911,20.56,3.51,-5.59,3.03,0.0
20231207:1011,70.0,6.71,-5.04,3.03,0.0
20231207:1111,93.01,8.16,-4.33,3.31,0.0
20231207:1211,84.0,7.76,-3.48,2.97,0.0
20231207:1311,32.0,5.52,-3.09,3.17,0.0
20231207:1411,1.0,1.64,-3.36,3.38,0.0
20231207:1511,0.0,0.0,-3.9,3.72,0.0
20231207:1611,0.0,0.0,-4.0,3.79,0.0
20231207:1711,0.0,0.0,-4.02,3.93,0.0
20231207:1811,0.0,0.0,-4.07,4.14,0.0
20231207:1911,0.0,0.0,-3.75,4.48,0.0
20231207:2011,0.0,0.0,-4.01,4.62,0.0
20231207:2111,0.0,0.0,-3.53,4.9,0.0
20231207:2211,0.0,0.0,-3.23,4.41,0.0
20231207:2311,0.0,0.0,-3.48,4.69,0.0
20231208:0011,0.0,0.0,-2.68,5.52,0.0
20231208:0111,0.0,0.0,-2.3,5.79,0.0
20231208:0211,0.0,0.0,-2.14,5.66,0.0
20231208:0311,0.0,0.0,-2.13,6.0,0.0
20231208:0411,0.0,0.0,-1.54,5.86,0.0
20231208:0511,0.0,0.0,-1.08,5.38,0.0
20231208:0611,0.0,0.0,-0.85,4.76,0.0
20231208:0711,0.0,0.0,-0.32,4.83,0.0
20231208:0811,0.0,0.0,0.08,5.24,0.0
20231208:0911,9.0,3.37,0.52,5.52,0.0
20231208:1011,20.0,6.58,0.64,5.03,0.0
20231208:1111,20.0,8.05,1.03,4.97,0.0
20231208:1211,18.0,7.66,1.37,5.1,0.0
20231208:1311,6.0,5.44,1.51,5.38,0.0
20231208:1411,1.0,1.57,1.53,5.59,0.0
20231208:1511,0.0,0.0,1.47,5.1,0.0
20231208:1611,0.0,0.0,1.49,4.76,0.0
20231208:1711,0.0,0.0,1.37,4.62,0.0
20231208:1811,0.0,0.0,1.31,4.76,0.0
20231208:1911,0.0,0.0,1.33,4.97,0.0
20231208:2011,0.0,0.0,1.42,5.1,0.0
20231208:2111,0.0,0.0,1.79,4.83,0.0
20231208:2211,0.0,0.0,2.05,4.28,0.0
20231208:2311,0.0,0.0,2.28,4.28,0.0
20231209:0011,0.0,0.0,2.32,4.07,0.0
20231209:0111,0.0,0.0,2.37,4.14,0.0
20231209:0211,0.0,0.0,2.44,4.14,0.0
20231209:0311,0.0,0.0,2.54,4.07,0.0
20231209:0411,0.0,0.0,2.54,4.0,0.0
20231209:0511,0.0,0.0,2.66,4.07,0.0
20231209:0611,0.0,0.0,2.56,4.14,0.0
20231209:0711,0.0,0.0,2.59,4.9,0.0
20231209:0811,0.0,0.0,2.83,4.97,0.0
20231209:0911,5.0,3.25,3.13,4.83,0.0
20231209:1011,7.0,6.46,3.96,4.48,0.0
20231209:1111,21.0,7.94,4.26,5.24,0.0
20231209:1211,12.0,7.56,4.52,6.14,0.0
20231209:1311,31.0,5.36,4.74,6.28,0.0
20231209:1411,1.0,1.5,4.54,6.48,0.0
20231209:1511,0.0,0.0,4.63,6.76,0.0
20231209:1611,0.0,0.0,4.52,6.9,0.0
20231209:1711,0.0,0.0,4.67,6.97,0.0
20231209:1811,0.0,0.0,4.66,6.97,0.0
20231209:1911,0.0,0.0,4.48,6.69,0.0
20231209:2011,0.0,0.0,4.3,6.48,0.0
20231209:2111,0.0,0.0,4.41,6.41,0.0
20231209:2211,0.0,0.0,4.55,5.52,0.0
20231209:2311,0.0,0.0,4.58,5.38,0.0
20231210:0011,0.0,0.0,4.62,5.38,0.0
20231210:0111,0.0,0.0,4.64,5.24,0.0
20231210:0211,0.0,0.0,4.65,5.1,0.0
20231210:0311,0.0,0.0,4.41,4.9,0.0
20231210:0411,0.0,0.0,4.26,4.48,0.0
20231210:0511,0.0,0.0,4.14,3.86,0.0
20231210:0611,0.0,0.0,4.13,3.66,0.0
20231210:0711,0.0,0.0,4.22,3.52,0.0
20231210:0811,0.0,0.0,4.21,3.38,0.0
20231210:0911,6.0,3.13,4.28,3.38,0.0
20231210:1011,35.0,6.35,3.98,2.9,0.0
20231210:1111,43.0,7.84,4.12,3.24,0.0
20231210:1211,23.0,7.48,4.12,3.59,0.0
20231210:1311,24.0,5.29,4.22,3.93,0.0
20231210:1411,1.0,1.45,4.02,4.21,0.0
20231210:1511,0.0,0.0,3.65,4.55,0.0
20231210:1611,0.0,0.0,3.75,4.83,0.0
20231210:1711,0.0,0.0,3.72,4.76,0.0
20231210:1811,0.0,0.0,3.75,4.62,0.0
20231210:1911,0.0,0.0,3.72,4.34,0.0
20231210:2011,0.0,0.0,3.5,4.62,0.0
20231210:2111,0.0,0.0,3.55,4.97,0.0
20231210:2211,0.0,0.0,3.46,4.83,0.0
20231210:2311,0.0,0.0,3.53,5.03,0.0
20231211:0011,0.0,0.0,3.47,4.97,0.0
20231211:0111,0.0,0.0,3.38,5.1,0.0
20231211:0211,0.0,0.0,3.36,4.83,0.0
20231211:0311,0.0,0.0,3.14,4.34,0.0
20231211:0411,0.0,0.0,3.06,4.07,0.0
20231211:0511,0.0,0.0,2.95,3.93,0.0
20231211:0611,0.0,0.0,2.8,3.72,0.0
20231211:0711,0.0,0.0,2.77,3.66,0.0
20231211:0811,0.0,0.0,2.66,3.52,0.0
20231211:0911,9.0,3.01,2.06,3.66,0.0
20231211:1011,10.0,6.25,2.19,3.24,0.0
20231211:1111,53.0,7.75,2.45,3.03,0.0
20231211:1211,87.01,7.4,2.28,2.76,0.0
20231211:1311,19.0,5.23,2.22,2.48,0.0
20231211:1411,0.0,0.0,1.12,2.21,0.0
20231211:1511,0.0,0.0,0.81,2.34,0.0
20231211:1611,0.0,0.0,0.49,2.41,0.0
20231211:1711,0.0,0.0,0.56,2.28,0.0
20231211:1811,0.0,0.0,-0.02,2.14,0.0
20231211:1911,0.0,0.0,-0.18,1.93,0.0
20231211:2011,0.0,0.0,-0.14,1.72,0.0
20231211:2111,0.0,0.0,-0.1,1.66,0.0
20231211:2211,0.0,0.0,1.05,1.86,0.0
20231211:2311,0.0,0.0,1.37,1.66,0.0
20231212:0011,0.0,0.0,1.46,1.59,0.0
20231212:0111,0.0,0.0,1.55,1.66,0.0
20231212:0211,0.0,0.0,1.74,1.86,0.0
20231212:0311,0.0,0.0,1.83,1.86,0.0
20231212:0411,0.0,0.0,1.67,1.79,0.0
20231212:0511,0.0,0.0,1.56,1.93,0.0
20231212:0611,0.0,0.0,1.26,1.86,0.0
20231212:0711,0.0,0.0,0.9,2.0,0.0
20231212:0811,0.0,0.0,1.2,2.21,0.0
20231212:0911,3.0,2.91,1.23,2.48,0.0
20231212:1011,11.0,6.15,2.49,2.14,0.0
20231212:1111,17.0,7.67,2.71,2.55,0.0
20231212:1211,22.0,7.33,2.82,2.9,0.0
20231212:1311,14.0,5.17,2.56,3.03,0.0
20231212:1411,0.0,0.0,1.69,3.1,0.0
20231212:1511,0.0,0.0,0.98,3.17,0.0
20231212:1611,0.0,0.0,0.84,3.1,0.0
20231212:1711,0.0,0.0,0.64,2.76,0.0
20231212:1811,0.0,0.0,0.23,2.76,0.0
20231212:1911,0.0,0.0,0.11,2.76,0.0
20231212:2011,0.0,0.0,-0.01,2.55,0.0
20231212:2111,0.0,0.0,-0.24,2.48,0.0
20231212:2211,0.0,0.0,-0.57,1.72,0.0
20231212:2311,0.0,0.0,-0.7,1.31,0.0
20231213:0011,0.0,0.0,-0.64,1.31,0.0
20231213:0111,0.0,0.0,-0.57,1.45,0.0
20231213:0211,0.0,0.0,-0.83,1.31,0.0
20231213:0311,0.0,0.0,-0.92,1.24,0.0
20231213:0411,0.0,0.0,-0.77,1.17,0.0
20231213:0511,0.0,0.0,-0.73,1.24,0.0
20231213:0611,0.0,0.0,-0.49,1.45,0.0
20231213:0711,0.0,0.0,-0.53,1.59,0.0
20231213:0811,0.0,0.0,-0.52,1.45,0.0
20231213:0911,14.8,2.81,-0.61,1.45,0.0
20231213:1011,66.01,6.06,0.04,2.07,0.0
20231213:1111,87.01,7.59,0.39,1.86,0.0
20231213:1211,81.01,7.27,0.56,1.52,0.0
20231213:1311,33.0,5.12,0.46,1.38,0.0
20231213:1411,0.0,0.0,-0.27,1.38,0.0
20231213:1511,0.0,0.0,-0.88,1.24,0.0
20231213:1611,0.0,0.0,-0.82,1.45,0.0
20231213:1711,0.0,0.0,-0.75,1.72,0.0
20231213:1811,0.0,0.0,-0.92,1.86,0.0
20231213:1911,0.0,0.0,-0.97,1.86,0.0
20231213:2011,0.0,0.0,-1.06,1.72,0.0
20231213:2111,0.0,0.0,-0.86,1.93,0.0
20231213:2211,0.0,0.0,-1.28,2.55,0.0
20231213:2311,0.0,0.0,-1.28,2.48,0.0
20231214:0011,0.0,0.0,-1.13,2.0,0.0
20231214:0111,0.0,0.0,-1.07,2.48,0.0
20231214:0211,0.0,0.0,-1.1,2.76,0.0
20231214:0311,0.0,0.0,-0.97,2.69,0.0
20231214:0411,0.0,0.0,-1.16,2.9,0.0
20231214:0511,0.0,0.0,-1.08,3.38,0.0
20231214:0611,0.0,0.0,-0.98,3.66,0.0
20231214:0711,0.0,0.0,-1.03,3.72,0.0
20231214:0811,0.0,0.0,-1.16,4.41,0.0
20231214:0911,2.0,2.72,-0.75,4.69,0.0
20231214:1011,21.0,5.98,0.16,4.97,0.0
20231214:1111,26.0,7.52,0.77,5.45,0.0
20231214:1211,10.0,7.21,0.85,6.07,0.0
20231214:1311,5.0,5.08,0.94,6.07,0.0
20231214:1411,0.0,0.0,1.14,6.0,0.0
20231214:1511,0.0,0.0,1.45,6.0,0.0
20231214:1611,0.0,0.0,1.83,6.28,0.0
20231214:1711,0.0,0.0,2.36,5.86,0.0
20231214:1811,0.0,0.0,2.52,5.66,0.0
20231214:1911,0.0,0.0,2.51,5.45,0.0
20231214:2011,0.0,0.0,2.99,4.69,0.0
20231214:2111,0.0,0.0,3.46,4.0,0.0
20231214:2211,0.0,0.0,3.48,3.45,0.0
20231214:2311,0.0,0.0,3.45,2.62,0.0
20231215:0011,0.0,0.0,3.97,2.14,0.0
20231215:0111,0.0,0.0,4.63,2.14,0.0
20231215:0211,0.0,0.0,4.99,1.79,0.0
20231215:0311,0.0,0.0,5.01,1.79,0.0
20231215:0411,0.0,0.0,5.14,1.93,0.0
20231215:0511,0.0,0.0,5.66,2.28,0.0
20231215:0611,0.0,0.0,5.71,2.62,0.0
20231215:0711,0.0,0.0,5.49,2.83,0.0
20231215:0811,0.0,0.0,5.54,2.9,0.0
20231215:0911,3.0,2.63,5.75,2.97,0.0
20231215:1011,13.0,5.91,5.7,2.9,0.0
20231215:1111,12.0,7.46,6.12,3.38,0.0
20231215:1211,8.0,7.17,6.35,3.72,0.0
20231215:1311,9.0,5.05,6.65,3.59,0.0
20231215:1411,0.0,0.0,6.61,3.03,0.0
20231215:1511,0.0,0.0,6.49,2.76,0.0
20231215:1611,0.0,0.0,6.51,2.28,0.0
20231215:1711,0.0,0.0,6.33,2.55,0.0
20231215:1811,0.0,0.0,6.42,2.41,0.0
20231215:1911,0.0,0.0,6.48,2.83,0.0
20231215:2011,0.0,0.0,6.41,3.17,0.0
20231215:2111,0.0,0.0,6.28,3.59,0.0
20231215:2211,0.0,0.0,6.48,4.76,0.0
20231215:2311,0.0,0.0,6.75,4.9,0.0
20231216:0011,0.0,0.0,7.01,4.69,0.0
20231216:0111,0.0,0.0,7.41,4.41,0.0
20231216:0211,0.0,0.0,7.72,4.48,0.0
20231216:0311,0.0,0.0,7.97,4.55,0.0
20231216:0411,0.0,0.0,8.04,4.21,0.0
20231216:0511,0.0,0.0,8.09,4.0,0.0
20231216:0611,0.0,0.0,8.15,4.62,0.0
20231216:0711,0.0,0.0,8.1,4.76,0.0
20231216:0811,0.0,0.0,8.07,4.69,0.0
20231216:0911,3.0,2.55,8.14,5.03,0.0
20231216:1011,13.0,5.84,8.5,5.66,0.0
20231216:1111,8.0,7.4,8.61,6.14,0.0
20231216:1211,8.0,7.13,8.76,6.55,0.0
20231216:1311,5.0,5.03,8.82,7.03,0.0
20231216:1411,0.0,0.0,9.05,7.59,0.0
20231216:1511,0.0,0.0,9.47,8.0,0.0
20231216:1611,0.0,0.0,9.79,8.76,0.0
20231216:1711,0.0,0.0,10.01,8.97,0.0
20231216:1811,0.0,0.0,9.49,6.76,0.0
20231216:1911,0.0,0.0,8.51,4.76,0.0
20231216:2011,0.0,0.0,7.57,3.38,0.0
20231216:2111,0.0,0.0,6.78,2.28,0.0
20231216:2211,0.0,0.0,6.15,2.0,0.0
20231216:2311,0.0,0.0,6.19,2.14,0.0
20231217:0011,0.0,0.0,6.37,2.34,0.0
20231217:0111,0.0,0.0,6.52,2.48,0.0
20231217:0211,0.0,0.0,6.72,2.69,0.0
20231217:0311,0.0,0.0,6.72,3.31,0.0
20231217:0411,0.0,0.0,6.91,3.93,0.0
20231217:0511,0.0,0.0,7.43,4.76,0.0
20231217:0611,0.0,0.0,8.01,5.72,0.0
20231217:0711,0.0,0.0,8.28,5.72,0.0
20231217:0811,0.0,0.0,8.21,6.0,0.0
20231217:0911,2.0,2.48,8.31,5.93,0.0
20231217:1011,9.0,5.78,8.21,5.66,0.0
20231217:1111,20.0,7.36,8.15,5.03,0.0
20231217:1211,13.0,7.09,8.25,5.24,0.0
20231217:1311,20.0,5.01,8.51,5.03,0.0
20231217:1411,0.0,0.0,8.6,4.21,0.0
20231217:1511,0.0,0.0,8.66,3.38,0.0
20231217:1611,0.0,0.0,8.7,3.31,0.0
20231217:1711,0.0,0.0,8.57,3.31,0.0
20231217:1811,0.0,0.0,8.38,2.9,0.0
20231217:1911,0.0,0.0,8.32,2.69,0.0
20231217:2011,0.0,0.0,8.24,2.62,0.0
20231217:2111,0.0,0.0,8.17,2.34,0.0
20231217:2211,0.0,0.0,7.75,1.93,0.0
20231217:2311,0.0,0.0,7.69,2.0,0.0
20231218:0011,0.0,0.0,7.68,2.76,0.0
20231218:0111,0.0,0.0,7.66,2.34,0.0
20231218:0211,0.0,0.0,7.49,2.21,0.0
20231218:0311,0.0,0.0,7.11,2.97,0.0
20231218:0411,0.0,0.0,6.58,2.83,0.0
20231218:0511,0.0,0.0,6.38,2.07,0.0
20231218:0611,0.0,0.0,6.18,2.07,0.0
20231218:0711,0.0,0.0,6.05,1.86,0.0
20231218:0811,0.0,0.0,5.98,1.66,0.0
20231218:0911,2.0,2.42,5.69,1.93,0.0
20231218:1011,27.81,5.73,6.4,2.69,0.0
20231218:1111,10.0,7.32,6.72,2.9,0.0
20231218:1211,8.0,7.07,6.75,3.31,0.0
20231218:1311,8.0,5.0,6.7,3.66,0.0
20231218:1411,0.0,0.0,6.57,3.66,0.0
20231218:1511,0.0,0.0,6.42,3.86,0.0
20231218:1611,0.0,0.0,6.65,4.55,0.0
20231218:1711,0.0,0.0,7.01,5.17,0.0
20231218:1811,0.0,0.0,7.43,5.17,0.0
20231218:1911,0.0,0.0,7.94,5.59,0.0
20231218:2011,0.0,0.0,8.03,5.93,0.0
20231218:2111,0.0,0.0,7.71,5.86,0.0
20231218:2211,0.0,0.0,7.77,7.66,0.0
20231218:2311,0.0,0.0,7.0,7.03,0.0
20231219:0011,0.0,0.0,6.46,5.52,0.0
20231219:0111,0.0,0.0,6.1,5.52,0.0
20231219:0211,0.0,0.0,6.02,5.03,0.0
20231219:0311,0.0,0.0,6.06,4.62,0.0
20231219:0411,0.0,0.0,5.96,4.0,0.0
20231219:0511,0.0,0.0,5.79,4.41,0.0
20231219:0611,0.0,0.0,5.51,4.07,0.0
20231219:0711,0.0,0.0,5.43,4.07,0.0
20231219:0811,0.0,0.0,5.37,4.9,0.0
20231219:0911,2.0,2.36,5.15,5.38,0.0
20231219:1011,6.0,5.68,5.19,5.03,0.0
20231219:1111,17.0,7.29,5.34,5.72,0.0
20231219:1211,10.0,7.05,5.3,5.79,0.0
20231219:1311,5.0,5.0,5.34,5.66,0.0
20231219:1411,0.0,0.0,5.32,5.31,0.0
20231219:1511,0.0,0.0,5.09,4.34,0.0
20231219:1611,0.0,0.0,5.05,4.0,0.0
20231219:1711,0.0,0.0,4.97,3.59,0.0
20231219:1811,0.0,0.0,5.08,4.55,0.0
20231219:1911,0.0,0.0,5.4,4.55,0.0
20231219:2011,0.0,0.0,5.34,4.83,0.0
20231219:2111,0.0,0.0,5.09,4.97,0.0
20231219:2211,0.0,0.0,4.84,5.03,0.0
20231219:2311,0.0,0.0,4.86,4.9,0.0
20231220:0011,0.0,0.0,5.12,5.52,0.0
20231220:0111,0.0,0.0,4.67,6.48,0.0
20231220:0211,0.0,0.0,4.03,5.93,0.0
20231220:0311,0.0,0.0,3.58,5.59,0.0
20231220:0411,0.0,0.0,3.44,5.24,0.0
20231220:0511,0.0,0.0,2.87,4.41,0.0
20231220:0611,0.0,0.0,2.84,4.07,0.0
20231220:0711,0.0,0.0,2.2,3.52,0.0
20231220:0811,0.0,0.0,1.98,4.21,0.0
20231220:0911,5.0,2.31,1.6,4.41,0.0
20231220:1011,8.0,5.65,3.21,3.03,0.0
20231220:1111,8.0,7.27,3.38,4.48,0.0
20231220:1211,40.0,7.04,3.03,4.55,0.0
20231220:1311,5.0,5.0,3.05,4.41,0.0
20231220:1411,0.0,0.0,3.36,4.21,0.0
20231220:1511,0.0,0.0,3.42,4.28,0.0
20231220:1611,0.0,0.0,3.75,4.21,0.0
20231220:1711,0.0,0.0,3.72,4.62,0.0
20231220:1811,0.0,0.0,3.36,4.14,0.0
20231220:1911,0.0,0.0,2.92,3.59,0.0
20231220:2011,0.0,0.0,2.86,2.48,0.0
20231220:2111,0.0,0.0,2.7,1.52,0.0
20231220:2211,0.0,0.0,2.64,1.86,0.0
20231220:2311,0.0,0.0,2.78,2.9,0.0
20231221:0011,0.0,0.0,3.08,4.28,0.0
20231221:0111,0.0,0.0,2.78,6.14,0.0
20231221:0211,0.0,0.0,2.16,7.24,0.0
20231221:0311,0.0,0.0,2.18,7.31,0.0
20231221:0411,0.0,0.0,3.37,4.07,0.0
20231221:0511,0.0,0.0,4.28,3.03,0.0
20231221:0611,0.0,0.0,4.43,3.24,0.0
20231221:0711,0.0,0.0,4.66,4.14,0.0
20231221:0811,0.0,0.0,4.74,5.59,0.0
20231221:0911,5.0,2.27,5.09,6.83,0.0
20231221:1011,8.0,5.62,5.44,8.0,0.0
20231221:1111,8.0,7.25,4.76,6.55,0.0
20231221:1211,8.0,7.04,4.79,3.59,0.0
20231221:1311,5.0,5.02,4.1,4.07,0.0
20231221:1411,0.0,0.0,3.79,5.52,0.0
20231221:1511,0.0,0.0,3.57,9.59,0.0
20231221:1611,0.0,0.0,3.79,13.38,0.0
20231221:1711,0.0,0.0,3.66,12.62,0.0
20231221:1811,0.0,0.0,3.16,12.07,0.0
20231221:1911,0.0,0.0,2.93,10.9,0.0
20231221:2011,0.0,0.0,2.63,9.86,0.0
20231221:2111,0.0,0.0,2.58,9.31,0.0
20231221:2211,0.0,0.0,1.99,8.21,0.0
20231221:2311,0.0,0.0,2.02,7.24,0.0
20231222:0011,0.0,0.0,1.83,7.79,0.0
20231222:0111,0.0,0.0,2.01,9.31,0.0
20231222:0211,0.0,0.0,2.25,9.52,0.0
20231222:0311,0.0,0.0,2.06,8.76,0.0
20231222:0411,0.0,0.0,1.92,7.93,0.0
20231222:0511,0.0,0.0,1.87,7.79,0.0
20231222:0611,0.0,0.0,1.54,7.52,0.0
20231222:0711,0.0,0.0,1.01,6.62,0.0
20231222:0811,0.0,0.0,0.25,5.66,0.0
20231222:0911,8.0,2.24,-1.06,5.03,0.0
20231222:1011,50.04,5.6,0.14,3.03,0.0
20231222:1111,73.0,7.24,1.28,2.41,0.0
20231222:1211,67.0,7.05,0.58,3.17,0.0
20231222:1311,23.0,5.04,0.16,3.93,0.0
20231222:1411,0.0,0.0,0.32,3.59,0.0
20231222:1511,0.0,0.0,-0.22,3.38,0.0
20231222:1611,0.0,0.0,-0.18,2.34,0.0
20231222:1711,0.0,0.0,-0.12,2.83,0.0
20231222:1811,0.0,0.0,-1.46,3.03,0.0
20231222:1911,0.0,0.0,-1.51,1.93,0.0
20231222:2011,0.0,0.0,-0.56,1.72,0.0
20231222:2111,0.0,0.0,-0.43,2.41,0.0
20231222:2211,0.0,0.0,0.35,2.62,0.0
20231222:2311,0.0,0.0,0.63,3.72,0.0
20231223:0011,0.0,0.0,0.78,3.52,0.0
20231223:0111,0.0,0.0,0.85,4.14,0.0
20231223:0211,0.0,0.0,0.95,4.48,0.0
20231223:0311,0.0,0.0,0.89,4.21,0.0
20231223:0411,0.0,0.0,1.25,3.72,0.0
20231223:0511,0.0,0.0,1.07,2.9,0.0
20231223:0611,0.0,0.0,1.13,2.21,0.0
20231223:0711,0.0,0.0,0.8,1.72,0.0
20231223:0811,0.0,0.0,-0.29,1.93,0.0
20231223:0911,2.0,2.21,-0.96,1.93,0.0
20231223:1011,28.8,5.58,-0.61,1.93,0.0
20231223:1111,43.0,7.24,-0.12,1.1,0.0
20231223:1211,52.0,7.07,0.02,0.76,0.0
20231223:1311,19.0,5.06,-0.62,1.1,0.0
20231223:1411,0.0,0.0,-0.71,1.52,0.0
20231223:1511,0.0,0.0,-1.97,1.66,0.0
20231223:1611,0.0,0.0,-2.55,2.0,0.0
20231223:1711,0.0,0.0,-2.76,2.14,0.0
20231223:1811,0.0,0.0,-3.05,1.79,0.0
20231223:1911,0.0,0.0,-3.24,1.72,0.0
20231223:2011,0.0,0.0,-3.29,1.52,0.0
20231223:2111,0.0,0.0,-3.19,1.45,0.0
20231223:2211,0.0,0.0,-3.33,2.28,0.0
20231223:2311,0.0,0.0,-3.13,2.28,0.0
20231224:0011,0.0,0.0,-2.67,1.93,0.0
20231224:0111,0.0,0.0,-1.97,2.62,0.0
20231224:0211,0.0,0.0,-1.1,3.24,0.0
20231224:0311,0.0,0.0,-0.59,3.59,0.0
20231224:0411,0.0,0.0,-0.01,4.28,0.0
20231224:0511,0.0,0.0,0.42,5.45,0.0
20231224:0611,0.0,0.0,0.97,5.93,0.0
20231224:0711,0.0,0.0,1.46,6.28,0.0
20231224:0811,0.0,0.0,2.12,6.76,0.0
20231224:0911,7.0,2.19,2.74,7.1,0.0
20231224:1011,41.9,5.58,2.68,6.41,0.0
20231224:1111,9.0,7.25,3.07,6.0,0.0
20231224:1211,8.0,7.09,3.32,5.45,0.0
20231224:1311,5.0,5.1,3.66,4.55,0.0
20231224:1411,0.0,0.0,4.33,3.45,0.0
20231224:1511,0.0,0.0,5.15,3.31,0.0
20231224:1611,0.0,0.0,5.33,4.14,0.0
20231224:1711,0.0,0.0,5.42,4.48,0.0
20231224:1811,0.0,0.0,5.51,4.48,0.0
20231224:1911,0.0,0.0,5.57,5.59,0.0
20231224:2011,0.0,0.0,5.98,6.28,0.0
20231224:2111,0.0,0.0,6.12,6.69,0.0
20231224:2211,0.0,0.0,5.66,5.72,0.0
20231224:2311,0.0,0.0,5.29,7.24,0.0
20231225:0011,0.0,0.0,5.39,5.86,0.0
20231225:0111,0.0,0.0,5.24,3.1,0.0
20231225:0211,0.0,0.0,5.33,3.1,0.0
20231225:0311,0.0,0.0,5.36,6.28,0.0
20231225:0411,0.0,0.0,5.17,9.38,0.0
20231225:0511,0.0,0.0,4.81,9.31,0.0
20231225:0611,0.0,0.0,4.45,8.9,0.0
20231225:0711,0.0,0.0,4.16,8.48,0.0
20231225:0811,0.0,0.0,3.88,7.31,0.0
20231225:0911,2.0,2.18,3.64,6.48,0.0
20231225:1011,27.8,5.58,3.96,4.55,0.0
20231225:1111,32.0,7.27,4.21,4.48,0.0
20231225:1211,80.01,7.12,4.03,4.34,0.0
20231225:1311,5.0,5.14,3.9,4.41,0.0
20231225:1411,1.0,1.49,3.31,3.72,0.0
20231225:1511,0.0,0.0,3.27,2.76,0.0
20231225:1611,0.0,0.0,3.11,2.14,0.0
20231225:1711,0.0,0.0,2.58,1.72,0.0
20231225:1811,0.0,0.0,2.43,1.66,0.0
20231225:1911,0.0,0.0,2.36,1.59,0.0
20231225:2011,0.0,0.0,2.13,1.38,0.0
20231225:2111,0.0,0.0,2.06,0.97,0.0
20231225:2211,0.0,0.0,2.21,0.83,0.0
20231225:2311,0.0,0.0,2.36,0.97,0.0
20231226:0011,0.0,0.0,1.75,0.62,0.0
20231226:0111,0.0,0.0,1.37,0.14,0.0
20231226:0211,0.0,0.0,1.29,0.14,0.0
20231226:0311,0.0,0.0,0.78,0.21,0.0
20231226:0411,0.0,0.0,0.73,0.55,0.0
20231226:0511,0.0,0.0,1.34,0.76,0.0
20231226:0611,0.0,0.0,1.37,0.83,0.0
20231226:0711,0.0,0.0,1.17,0.97,0.0
20231226:0811,0.0,0.0,1.71,0.83,0.0
20231226:0911,2.0,2.17,1.86,0.9,0.0
20231226:1011,6.0,5.59,2.09,1.52,0.0
20231226:1111,39.0,7.29,2.3,2.97,0.0
20231226:1211,97.01,7.15,3.01,3.66,0.0
20231226:1311,33.0,5.19,3.0,3.86,0.0
20231226:1411,1.0,1.56,3.0,4.62,0.0
20231226:1511,0.0,0.0,3.03,5.17,0.0
20231226:1611,0.0,0.0,2.95,5.1,0.0
20231226:1711,0.0,0.0,3.06,5.31,0.0
20231226:1811,0.0,0.0,3.26,5.31,0.0
20231226:1911,0.0,0.0,3.53,5.1,0.0
20231226:2011,0.0,0.0,3.63,5.1,0.0
20231226:2111,0.0,0.0,3.62,5.24,0.0
20231226:2211,0.0,0.0,2.78,5.17,0.0
20231226:2311,0.0,0.0,2.46,4.62,0.0
20231227:0011,0.0,0.0,2.62,4.55,0.0
20231227:0111,0.0,0.0,1.63,4.76,0.0
20231227:0211,0.0,0.0,1.64,4.9,0.0
20231227:0311,0.0,0.0,0.92,3.66,0.0
20231227:0411,0.0,0.0,0.88,3.31,0.0
20231227:0511,0.0,0.0,-0.04,2.55,0.0
20231227:0611,0.0,0.0,-1.14,2.62,0.0
20231227:0711,0.0,0.0,-1.7,2.34,0.0
20231227:0811,0.0,0.0,-2.29,1.86,0.0
20231227:0911,5.0,2.18,-2.72,2.28,0.0
20231227:1011,35.28,5.6,-2.44,2.97,0.0
20231227:1111,34.0,7.32,-1.87,3.38,0.0
20231227:1211,19.0,7.2,-1.29,3.31,0.0
20231227:1311,23.0,5.25,-0.3,3.93,0.0
20231227:1411,1.0,1.62,0.71,4.41,0.0
20231227:1511,0.0,0.0,1.48,4.62,0.0
20231227:1611,0.0,0.0,1.76,5.72,0.0
20231227:1711,0.0,0.0,2.16,6.62,0.0
20231227:1811,0.0,0.0,2.66,7.59,0.0
20231227:1911,0.0,0.0,2.7,8.14,0.0
20231227:2011,0.0,0.0,2.32,8.97,0.0
20231227:2111,0.0,0.0,2.07,10.41,0.0
20231227:2211,0.0,0.0,1.38,9.52,0.0
20231227:2311,0.0,0.0,1.42,11.1,0.0
20231228:0011,0.0,0.0,1.54,12.28,0.0
20231228:0111,0.0,0.0,1.77,12.34,0.0
20231228:0211,0.0,0.0,2.22,11.66,0.0
20231228:0311,0.0,0.0,2.66,11.03,0.0
20231228:0411,0.0,0.0,2.56,10.07,0.0
20231228:0511,0.0,0.0,2.49,9.24,0.0
20231228:0611,0.0,0.0,2.35,8.41,0.0
20231228:0711,0.0,0.0,2.44,7.59,0.0
20231228:0811,0.0,0.0,2.34,6.48,0.0
20231228:0911,2.0,2.19,2.68,5.93,0.0
20231228:1011,12.0,5.63,3.22,5.93,0.0
20231228:1111,35.0,7.36,3.85,5.59,0.0
20231228:1211,71.0,7.25,4.44,5.24,0.0
20231228:1311,9.0,5.32,4.77,5.31,0.0
20231228:1411,1.0,1.7,4.87,5.24,0.0
20231228:1511,0.0,0.0,4.81,5.45,0.0
20231228:1611,0.0,0.0,4.91,6.0,0.0
20231228:1711,0.0,0.0,5.03,6.07,0.0
20231228:1811,0.0,0.0,5.01,5.72,0.0
20231228:1911,0.0,0.0,4.71,5.66,0.0
20231228:2011,0.0,0.0,4.58,5.59,0.0
20231228:2111,0.0,0.0,4.75,5.17,0.0
20231228:2211,0.0,0.0,4.77,5.1,0.0
20231228:2311,0.0,0.0,4.9,5.03,0.0
20231229:0011,0.0,0.0,4.99,4.76,0.0
20231229:0111,0.0,0.0,4.99,4.41,0.0
20231229:0211,0.0,0.0,4.84,3.93,0.0
20231229:0311,0.0,0.0,4.61,3.79,0.0
20231229:0411,0.0,0.0,4.71,3.45,0.0
20231229:0511,0.0,0.0,4.52,2.48,0.0
20231229:0611,0.0,0.0,4.4,1.66,0.0
20231229:0711,0.0,0.0,4.09,1.24,0.0
20231229:0811,0.0,0.0,3.84,1.03,0.0
20231229:0911,6.0,2.21,3.78,0.76,0.0
20231229:1011,7.0,5.66,4.27,1.38,0.0
20231229:1111,11.0,7.4,4.47,1.52,0.0
20231229:1211,50.0,7.31,4.64,1.38,0.0
20231229:1311,5.0,5.39,4.74,1.72,0.0
20231229:1411,2.0,1.79,4.56,2.34,0.0
20231229:1511,0.0,0.0,3.92,2.62,0.0
20231229:1611,0.0,0.0,3.62,2.69,0.0
20231229:1711,0.0,0.0,3.38,2.9,0.0
20231229:1811,0.0,0.0,3.07,3.03,0.0
20231229:1911,0.0,0.0,3.33,2.97,0.0
20231229:2011,0.0,0.0,3.32,2.83,0.0
20231229:2111,0.0,0.0,3.38,2.9,0.0
20231229:2211,0.0,0.0,3.19,3.1,0.0
20231229:2311,0.0,0.0,3.18,3.38,0.0
20231230:0011,0.0,0.0,3.32,3.59,0.0
20231230:0111,0.0,0.0,3.46,3.72,0.0
20231230:0211,0.0,0.0,3.29,4.21,0.0
20231230:0311,0.0,0.0,3.28,4.48,0.0
20231230:0411,0.0,0.0,2.93,4.48,0.0
20231230:0511,0.0,0.0,2.61,4.07,0.0
20231230:0611,0.0,0.0,1.78,3.66,0.0
20231230:0711,0.0,0.0,1.13,3.38,0.0
20231230:0811,0.0,0.0,0.53,3.24,0.0
20231230:0911,10.0,2.23,0.08,2.9,0.0
20231230:1011,59.09,5.7,1.02,2.21,0.0
20231230:1111,94.01,7.46,1.6,2.0,0.0
20231230:1211,80.01,7.38,1.94,1.59,0.0
20231230:1311,35.0,5.47,1.79,1.59,0.0
20231230:1411,7.0,1.88,1.14,1.45,0.0
20231230:1511,0.0,0.0,0.77,2.28,0.0
20231230:1611,0.0,0.0,1.0,2.69,0.0
20231230:1711,0.0,0.0,0.83,2.34,0.0
20231230:1811,0.0,0.0,0.54,2.9,0.0
20231230:1911,0.0,0.0,0.39,2.55,0.0
20231230:2011,0.0,0.0,0.64,3.17,0.0
20231230:2111,0.0,0.0,0.81,3.38,0.0
20231230:2211,0.0,0.0,1.2,4.34,0.0
20231230:2311,0.0,0.0,1.35,4.0,0.0
20231231:0011,0.0,0.0,1.28,4.28,0.0
20231231:0111,0.0,0.0,1.58,5.03,0.0
20231231:0211,0.0,0.0,2.02,6.0,0.0
20231231:0311,0.0,0.0,2.38,6.41,0.0
20231231:0411,0.0,0.0,2.69,7.1,0.0
20231231:0511,0.0,0.0,2.83,7.66,0.0
20231231:0611,0.0,0.0,3.23,7.72,0.0
20231231:0711,0.0,0.0,3.68,8.28,0.0
20231231:0811,0.0,0.0,4.03,8.62,0.0
20231231:0911,2.0,2.26,4.32,8.9,0.0
20231231:1011,18.0,5.74,4.61,8.9,0.0
20231231:1111,25.0,7.52,4.93,9.03,0.0
20231231:1211,11.0,7.46,5.11,9.1,0.0
20231231:1311,6.0,5.56,5.08,9.17,0.0
20231231:1411,1.0,1.97,4.93,9.03,0.0
20231231:1511,0.0,0.0,4.67,8.9,0.0
20231231:1611,0.0,0.0,4.43,9.17,0.0
20231231:1711,0.0,0.0,4.13,9.45,0.0
20231231:1811,0.0,0.0,3.9,9.38,0.0
20231231:1911,0.0,0.0,3.77,9.31,0.0
20231231:2011,0.0,0.0,3.6,9.24,0.0
20231231:2111,0.0,0.0,3.43,9.59,0.0
20231231:2211,0.0,0.0,3.32,9.31,0.0
20231231:2311,0.0,0.0,3.14,9.66,0.0

G(i): Global irradiance on the inclined plane (plane of the array) (W/m2)
H_sun: Sun height (degree)
T2m: 2-m air temperature (degree Celsius)
WS10m: 10-m total wind speed (m/s)
Int: 1 means solar radiation values are reconstructed



PVGIS (c) European Union, 2001-2026